image,class,vein_area,vein_density,components,leaf_area,perimeter,aspect_ratio,extent,solidity,major_axis,minor_axis,eccentricity,equivalent_diameter,contrast,correlation,energy,homogeneity
1300.jpg,5,5506,0.0028677083333333332,110,340058.5,6181.193657279015,1.2213209733487833,0.3738541691860836,0.508328805251628,872.8045654296875,757.5108642578125,0.49673138479673357,658.0090650768592,63.4390243902439,0.8295144237378425,0.9966457778946618,0.9990244052472819
3152.jpg,23,26898,0.014009375,385,454841.5,4240.356880784035,1.5993589743589745,0.32461040314246725,0.7871586132181432,1826.84765625,473.11553955078125,0.9658828994144287,761.000778177433,280.66346153846155,0.8438592307197721,0.9838999614939528,0.9956838270608916
1439.jpg,9,63587,0.033118229166666666,1090,585287.0,4625.604572415352,1.9049645390070922,0.6181640552800706,0.9302569905923229,1267.156494140625,632.0991821289062,0.8666982572059717,863.2557867859382,718.2978424015009,0.8276181606479179,0.9617661016629306,0.9889536824900578
1243.jpg,4,1891,0.0009848958333333333,67,309999.0,2288.3514971733093,1.9909706546275394,0.7933923004867861,0.9945268763734941,880.2971801757812,453.87750244140625,0.8568319566626166,628.253918116199,27.381801125703564,0.7861456692100556,0.9988042849898878,0.9995789099571601
1186.jpg,3,69455,0.03617447916666667,1607,861552.5,3827.0532791614532,1.1083883129123469,0.6904926202337675,0.9564813622395509,1111.8177490234375,1052.9962158203125,0.32095552621079215,1047.3598774372833,885.3674953095684,0.8048578059781176,0.9574945661650665,0.986384407847483
1452.jpg,9,15859,0.008259895833333333,348,420213.5,3850.1516993045807,2.123456790123457,0.615545916902506,0.9273431655327197,1147.9405517578125,507.96490478515625,0.8967679837432457,731.4591208205483,196.8236397748593,0.8153602517381385,0.990246822643823,0.9969731547415671
2063.jpg,11,153086,0.07973229166666666,1993,699166.5,3780.377089381218,1.6896120150187734,0.6481866221665972,0.9659737674160276,1296.301025390625,737.7822265625,0.8222377181272781,943.5075178047482,1634.7748592870544,0.8287813070834934,0.9103062210877021,0.974859673679958
1522.jpg,8,37999,0.019791145833333332,347,669198.0,3875.0015465021133,1.3471400394477318,0.48313219610663016,0.9884354771408842,1546.5977783203125,568.3255004882812,0.9300360867061375,923.0651964285521,342.0014071294559,0.8645241322972242,0.9777246230404898,0.9947405436728469
2007.jpg,10,62937,0.0327796875,1032,726466.0,3680.1243451833725,1.7173366834170853,0.667626721758022,0.9855344179919662,1250.4329833984375,741.40234375,0.8052639493105884,961.7511315852843,657.6376641651032,0.8406016615334869,0.9625694789819988,0.9898865428572401
2191.jpg,13,63269,0.03295260416666667,974,574167.5,3646.8623737096786,2.15968992248062,0.6390396055582452,0.9655594280645257,1240.4515380859375,611.4120483398438,0.8700889422003766,855.0162374491648,641.1679174484053,0.8453814267373374,0.9625304864517902,0.9901398222641958
1230.jpg,4,554,0.00028854166666666666,24,245913.0,2063.072277903557,1.9974424552429668,0.8052925785356173,0.9924771064303789,797.457763671875,398.4632873535156,0.8662176057718896,559.5588942769635,9.014305816135085,0.7598584636609458,0.9996419926120502,0.9998613738225305
2138.jpg,12,21258,0.011071875,302,781454.0,3973.7568141222,1.6776084407971863,0.640198649400357,0.976988472982772,1446.74560546875,727.7490234375,0.8642719351282634,997.4859072645949,205.2279549718574,0.8559637584038251,0.9873913626560896,0.9968439092828737
3178.jpg,24,97769,0.05092135416666667,1100,465372.0,4037.060418367386,1.84,0.371598993891484,0.9498628392279808,1564.0611572265625,408.7810363769531,0.9652417389925215,769.7597244676368,942.1643996247655,0.850184329958629,0.9428715352484046,0.9855109586992163
2308.jpg,15,145421,0.07574010416666667,1926,816827.0,4138.94266974926,1.5376782077393076,0.5508605225179051,0.9852203736549104,1584.3045654296875,672.6497802734375,0.905394644565847,1019.8119618867926,1481.1927767354598,0.8373957246048039,0.9152336278238745,0.9772215302073716
1489.jpg,9,31423,0.016366145833333335,589,510914.0,4795.785374879837,2.1073717948717947,0.6226406356634494,0.9396015860054877,1207.36083984375,562.8693237304688,0.8846803581239048,806.5456643977581,357.31894934333957,0.8294315088784939,0.9809784424758209,0.9945049834013573
2669.jpg,20,14866,0.007742708333333333,168,196762.5,4195.150816679001,1.5488372093023255,0.17176697045883094,0.8571101866573737,1777.21240234375,183.29197692871094,0.9946674154877347,500.52551974994486,142.53447467166978,0.8574317021363941,0.9911799825558731,0.9978080387126431
2326.jpg,15,102754,0.05351770833333333,1777,865140.0,4385.628964066505,1.3998073217726397,0.5736188631056336,0.9705189472975702,1557.534423828125,725.1272583007812,0.8850158024452427,1049.5382126117079,1156.813320825516,0.8244961039034421,0.9387008630650969,0.9822099879921029
3220.jpg,24,129773,0.06759010416666666,1283,604728.0,4218.707170128822,1.6052356020942409,0.41306134158461494,0.9807523889224062,1639.572021484375,487.3391418457031,0.9548041734238344,877.475699611451,1234.7565666041278,0.8494332181483861,0.9248000628142108,0.9810113405929302
1265.jpg,4,213,0.0001109375,10,652133.5,3386.005388379097,2.26218487394958,0.8142813440383583,0.9951169900516302,1348.48583984375,630.162353515625,0.8840929639087483,911.220149385728,3.456613508442777,0.7605367982189533,0.9998624182798163,0.999946842593602
1077.jpg,1,51087,0.0266078125,801,783026.5,4514.121378898621,1.4318618042226487,0.5036628493359336,0.9610228225991044,1590.2010498046875,660.3583374023438,0.9096994847736407,998.489010643366,555.701454033771,0.8351192120033982,0.9693791233134232,0.991454165194941
2347.jpg,16,0,0.0,0,47916.0,3549.0847996473312,1.4384057971014492,0.04858905559814551,0.5938135131115848,1260.66015625,82.4892807006836,0.9978569387039009,246.99908102163064,0.0,1.0,1.0,1.0
1330.jpg,6,31440,0.016375,458,451781.5,3361.3476563692093,1.5659411011523687,0.47298890346464423,0.9463632231292431,1266.47412109375,515.9412841796875,0.913256964080801,758.4365968093634,317.87288930581616,0.8483420194838979,0.9812756472449773,0.9951116032155474
1280.jpg,5,8407,0.004378645833333333,206,470755.0,7306.979588270187,1.17487922705314,0.3740425565725909,0.5182369013780607,984.7129516601562,900.1476440429688,0.4054395246704611,774.1988645572928,109.59498123827393,0.8068138603980057,0.9947829094501955,0.9983145975265544
3343.jpg,27,80270,0.04180729166666667,1408,835147.5,4717.337550401688,1.525441329179647,0.5903575238204302,0.8445169937875763,1340.7962646484375,868.4133911132812,0.7619083739414558,1031.1851544153985,891.0607410881801,0.8290644518718148,0.9520071552122491,0.9862968544722391
2398.jpg,16,570,0.000296875,11,61266.5,3993.449355006218,1.5044598612487612,0.04000001305771116,0.6248559393772501,1578.75537109375,84.68170928955078,0.9985604317347193,279.2972083059851,7.38766416510319,0.8087151066073248,0.9996461650991805,0.9998863890726002
3397.jpg,28,96986,0.05051354166666667,1139,858976.5,4465.8858815431595,1.3355450236966824,0.577853608656605,0.9940712846147927,1566.94677734375,706.782958984375,0.8924949358893993,1045.7929277816922,919.1203095684804,0.8527320157002591,0.9434427777131306,0.9858653414085369
1335.jpg,6,22248,0.0115875,219,583166.5,3925.41070830822,1.4233067729083666,0.4064682487683974,0.9824266591194715,1547.881591796875,497.58123779296875,0.9469233294406786,861.6905761146505,196.8236397748593,0.8679402133834536,0.986945618124974,0.9969731547415671
2336.jpg,15,105843,0.0551265625,1837,858841.5,4570.1802542209625,1.4294003868471954,0.5619763625370685,0.9553250289625914,1565.7626953125,718.3541870117188,0.8885454151692357,1045.7107441638268,1209.0691838649157,0.8216181881518746,0.936757826065495,0.981406373083614
2483.jpg,17,12555,0.0065390625,454,902676.0,4408.221889019012,1.5550935550935552,0.6272277007571125,0.9161079751313762,1438.869140625,837.6303100585938,0.813085071283403,1072.0647271892485,197.43363039399625,0.7664527489541519,0.9919537630437985,0.996963774022791
1283.jpg,5,18708,0.00974375,422,419536.5,7578.477050304413,1.0523364485981308,0.34821508607094837,0.4954817062692765,961.302734375,875.8244018554688,0.41222796386384997,730.8696616085413,241.28517823639774,0.8078334836970731,0.9884298397198924,0.9962894045729953
1313.jpg,5,11267,0.0058682291666666666,162,536022.0,8426.547246813774,1.1243243243243244,0.3869412681912682,0.5139356168652173,1025.1649169921875,960.856201171875,0.34860460062770343,826.1261448762116,111.15384615384616,0.8535824270516267,0.9932868067863155,0.998290624578571
2033.jpg,10,77383,0.04030364583333333,1144,1060181.5,4329.091943144798,1.5103244837758112,0.6786846909824648,0.978058342262738,1406.2880859375,978.1376342773438,0.71848185509669,1161.8369121338167,784.1768292682926,0.8442007516968741,0.9542960461129218,0.9879405648622352
3600.jpg,31,140917,0.07339427083333333,2068,766234.0,4519.687837719917,1.3770491803278688,0.46153781285839574,0.9321405739916097,1695.30078125,621.0859985351562,0.9304742071848385,987.7243691033459,1548.2917448405253,0.8250413998777106,0.9168766605466215,0.9761896511419966
2332.jpg,15,93895,0.048903645833333335,1630,922023.0,4750.835019946098,1.3947119924457034,0.5894748753790414,0.9541620399930871,1618.0325927734375,756.1019897460938,0.8841003283681379,1083.4925679280634,1038.1362570356473,0.8284776592707103,0.944039384152768,0.9840350589451043
3064.jpg,22,2543,0.0013244791666666667,23,918044.0,4298.148729920387,1.4380487804878048,0.6076341132475097,0.9836821594538789,1590.1494140625,751.1972045898438,0.8813806948041605,1081.1521283366405,22.366322701688556,0.8700597987164587,0.9985034057257692,0.9996560403115416
3521.jpg,30,75518,0.039332291666666665,1177,941164.0,4628.605452418327,1.1271111111111112,0.6597714686295127,0.8563342451719035,1164.999755859375,1112.06640625,0.2980071464310415,1094.6813339420403,818.4040806754222,0.8335535306445777,0.9549641700204722,0.9874142023086855
2629.jpg,20,19900,0.010364583333333333,221,262313.0,3608.0452567338943,1.4833869239013933,0.20314310230532373,0.9868365611785773,1707.593994140625,202.96405029296875,0.9929110634941901,577.9163301881291,185.84380863039402,0.8607670613851817,0.988242439682308,0.9971420076795374
3371.jpg,27,132965,0.06925260416666666,1712,976528.0,5029.687834978104,1.3168498168498168,0.621875111443957,0.8154371649152459,1418.6683349609375,956.87109375,0.7382881764708171,1115.057875691275,1279.7603189493434,0.8474194995958153,0.9228858609263791,0.9803192520076685
1060.jpg,1,14890,0.007755208333333334,284,550928.0,3699.5171397924423,2.7176684881602915,0.6725950668287942,0.9607497268655324,1403.8472900390625,511.5622863769531,0.9312424317353643,837.5340685022035,165.0363508442777,0.8351884807948454,0.9909938028723541,0.9974619944200124
2061.jpg,11,162111,0.0844328125,1780,701681.5,3683.832934141159,1.7697283311772316,0.6635511941777686,0.9827100375756099,1296.9151611328125,719.406005859375,0.8320467415279695,945.2029589506616,1637.1470450281427,0.8372468567002233,0.9059586655180568,0.9748231931069397
3150.jpg,23,25967,0.013524479166666667,415,491502.5,4220.048225045204,1.6954022988505748,0.38301383206701733,0.9005835898563471,1692.48583984375,446.6121826171875,0.9645556756549708,791.0754827045231,274.156894934334,0.8420883545716682,0.9844297870574226,0.9957838880611704
3265.jpg,25,66569,0.03467135416666667,1037,580106.5,4647.106225013733,1.4496578690127078,0.38237628278521846,0.9892675648021828,1683.1776123046875,447.7088623046875,0.9639757143853201,859.4268648104437,720.3989212007505,0.8345925999370228,0.9602421984007898,0.9889213711253846
1034.jpg,0,9714,0.005059375,162,320856.5,4064.243297934532,1.3435527502254283,0.19417487185383772,0.9482723970693849,1859.8819580078125,238.9072723388672,0.9917156078201392,639.1613129604433,109.12054409005628,0.8334164956695946,0.994108074804638,0.998321893641158
1588.jpg,2,1164,0.00060625,40,299467.0,2975.5028595924377,3.0025641025641026,0.6557336486456896,0.9706551104383664,1043.631591796875,368.61224365234375,0.9355472732094999,617.4894547627555,17.215290806754222,0.7816544868291765,0.9992611265340003,0.9997352552700958
2183.jpg,13,66783,0.0347828125,1116,800070.5,3945.3030618429184,1.7333333333333334,0.6541654402145474,0.9796171870934565,1304.7918701171875,799.2008666992188,0.7904611771903326,1009.2974780390734,710.0290806754222,0.8374771960881314,0.9602153362155567,0.9890808433445788
2188.jpg,13,51063,0.0265953125,903,606378.0,3646.477596759796,2.2777777777777777,0.6339895111914082,0.9576118215025133,1304.2698974609375,611.4714965820312,0.8832922278042493,878.6719801253586,547.7037992495309,0.8374178853953991,0.9694536992947059,0.9915771568411169
2395.jpg,16,2415,0.0012578125,40,66247.5,3790.5376715660095,1.4724489795918367,0.0468464932750647,0.6435357430811226,1555.2984619140625,84.9620361328125,0.9985068043799119,290.4288841348992,26.229596622889307,0.8395496100747531,0.9985403124045648,0.9995966290926261
2544.jpg,18,8819,0.0045932291666666665,279,1012834.0,4052.266481280327,1.6688524590163933,0.724900068350743,0.9941504338219669,1461.2242431640625,883.9447631835938,0.7962753362533886,1135.596891970163,125.92917448405254,0.7883457322926193,0.9944431448340921,0.9980634027237713
2148.jpg,12,55798,0.029061458333333335,1200,927819.0,4245.0949095487595,1.4211576846307385,0.6502577709749041,0.9804453865695048,1508.1468505859375,840.1437377929688,0.8304653758466063,1086.8927459306342,662.3142589118198,0.8196229772052949,0.9661522635512332,0.9898146240132897
3396.jpg,28,54280,0.028270833333333332,826,747890.0,3987.2370458841324,1.572972972972973,0.5556905358967215,0.9951472781779207,1563.3265380859375,628.8965454101562,0.9155162511536509,975.8294539067679,575.96669793621,0.8388836734831646,0.9675971738155585,0.991142516871156
1392.jpg,7,18086,0.009419791666666667,369,704989.5,5864.482977509499,1.0745062836624775,0.5286926922332762,0.6823669872710044,1083.306396484375,1047.16552734375,0.256145008051238,947.4283666974882,229.62757973733582,0.8108902975255177,0.988841452599024,0.9964686805318282
2666.jpg,20,33878,0.017644791666666666,414,286625.0,3962.9569462537766,1.4351758793969849,0.20172641921090045,0.9808954253398697,1781.565673828125,219.14801025390625,0.9924055970270754,604.1045311117241,330.07270168855536,0.853665231800179,0.9799293243728057,0.9949239888400248
3227.jpg,24,189608,0.09875416666666667,1258,656976.0,4221.143674254417,1.5346432264736298,0.4578140635583417,0.9793676810275239,1602.665283203125,527.3126220703125,0.9443221506833283,914.5970824040105,1647.7879924953097,0.8577178163046975,0.8928598106725542,0.9746595516794005
2073.jpg,11,95867,0.04993072916666667,1259,574903.0,3498.782078742981,2.3053311793214863,0.6508485667028562,0.98256549263037,1359.020263671875,570.12744140625,0.9077490651444234,855.5636937054302,1005.671200750469,0.8370834395347571,0.9433142432727182,0.984534321644412
3251.jpg,25,41208,0.0214625,644,431139.0,3764.717270374298,1.5519187358916477,0.3539002667761133,0.9906629672393885,1608.90380859375,364.3755798339844,0.9740171100270771,740.9070279580112,422.9946060037523,0.8452248871497838,0.9754526101509018,0.9934949926797936
2293.jpg,15,54732,0.02850625,1072,678971.5,3857.1811394691467,1.8143405889884763,0.6135227351792799,0.9692150670021233,1418.4993896484375,625.8815307617188,0.8973950776460786,929.7813525491628,630.3914165103191,0.8250732268717932,0.9669428501185602,0.9903055482959076
3358.jpg,27,58840,0.030645833333333334,1184,726340.5,4354.322393894196,1.2804123711340205,0.6029022859704168,0.8507663556656322,1307.307861328125,753.0883178710938,0.8174071143353686,961.6680547583509,655.4688086303939,0.8304394468897084,0.9646616191821963,0.9899198965239998
3296.jpg,26,27421,0.014281770833333334,309,530926.5,4660.769007205963,1.1142086330935252,0.38535261379274305,0.6186072768074048,1027.78369140625,990.4747924804688,0.26698870405641223,822.1901332099732,279.1045966228893,0.8476458808647374,0.9836428217906013,0.9957078000088752
1255.jpg,4,1828,0.0009520833333333333,44,266815.5,2180.9717717170715,1.9829683698296836,0.7965474004746764,0.9935652883052466,851.8484497070312,408.9464111328125,0.8772304882356542,582.8550812580129,21.010787992495313,0.8302540415546215,0.9988861013490752,0.9996768863532666
3468.jpg,29,119858,0.06242604166666667,1593,964626.0,4365.0848042964935,1.105966162065895,0.6916041830672672,0.9502515448805913,1174.6171875,1121.5552978515625,0.29716472763848106,1108.2418369109248,1230.7577392120074,0.8384014534163805,0.9296797309927322,0.9810728364160181
2167.jpg,13,104408,0.054379166666666666,1343,670609.0,3930.8938928842545,2.058108108108108,0.5950284821919753,0.9472433765538517,1336.855712890625,680.0087280273438,0.8609658459684338,924.0378227406618,1099.8130863039398,0.8356373832143954,0.9383323582068475,0.9830865640466284
1183.jpg,3,80279,0.041811979166666666,1846,850907.5,3690.1659828424454,1.021355617455896,0.7182472355870685,0.9766765856220103,1089.781982421875,1032.2489013671875,0.3206232728225769,1040.8693856155705,1030.409709193246,0.8023538056771877,0.9509097469286333,0.9841538813829354
3523.jpg,30,76911,0.0400578125,1030,943675.5,4819.028895497322,1.1819012797074955,0.667124412000492,0.8383014294667449,1157.9326171875,1145.1483154296875,0.14818690205630927,1096.1409416665938,822.9451219512196,0.835537068940208,0.9542284248683095,0.9873443680689076
3554.jpg,30,3041,0.0015838541666666666,97,660080.0,4153.4338792562485,1.4,0.6019799090755712,0.8003273669692791,1091.361572265625,891.487548828125,0.5768386531335752,916.7551247136753,45.003752345215766,0.781304173852313,0.9980699944637492,0.9993079114147385
1319.jpg,5,13619,0.007093229166666667,268,495118.0,7962.30757188797,1.2314990512333965,0.36190402399838606,0.49866902210641983,1042.63623046875,922.7826538085938,0.46550060476104965,793.9797333119935,152.49765478424018,0.8336086419789394,0.9917488127369052,0.9976548203059663
2572.jpg,19,30466,0.015867708333333334,462,407906.5,4130.787462592125,1.4169741697416973,0.24498535756841944,0.9899886295101225,1742.3853759765625,301.6412353515625,0.9849007915107851,720.6682221067567,317.4662288930582,0.8437743480753214,0.9817792790032889,0.9951178570280648
3238.jpg,25,39897,0.0207796875,642,538541.0,3823.1192878484726,1.6597701149425288,0.42867911612061005,0.982553477582245,1567.0872802734375,459.6372375488281,0.9560183916776891,828.0650322657148,407.74484052532836,0.8460098518552324,0.9762417937868728,0.9937295106491968
1376.jpg,6,26587,0.013847395833333333,324,572302.0,3843.6289637088776,1.4166666666666667,0.4172221833409152,0.9714778956874375,1503.06689453125,510.4499206542969,0.9405679362657614,853.6261113221777,254.63719512195124,0.8567048315228618,0.9842617612419752,0.9960840710620067
3559.jpg,30,8821,0.004594270833333333,129,741101.5,4504.377090454102,1.0149253731343284,0.6354099504773925,0.8367726452338436,1111.321044921875,936.3894653320312,0.5385534966494279,971.3906199169036,98.41181988742964,0.8346325948237814,0.9946541227908772,0.9984865773707835
2166.jpg,13,60755,0.03164322916666667,985,556355.0,3739.7324281930923,2.043609022556391,0.6156174099708432,0.9490144905287039,1188.4697265625,620.4068603515625,0.8529322693147479,841.6490877504302,676.8184803001876,0.83026046099371,0.9635241597379716,0.989591571366835
1471.jpg,9,30752,0.016016666666666665,484,408741.0,3698.453211545944,2.3101503759398496,0.625150651241611,0.9275054828977838,1130.5806884765625,495.52044677734375,0.898834380156211,721.4050212984348,336.71482176360223,0.8358182427027484,0.9814830208439327,0.9948218432355734
3599.jpg,31,121763,0.06341822916666667,1983,727684.5,4574.405658006668,1.3751119068934647,0.4241297490487914,0.941930928340143,1659.330322265625,598.4601440429688,0.9326959449455804,962.5573652987309,1384.5431519699814,0.8208638648211237,0.9275230034905676,0.9787078529823459
2074.jpg,11,108875,0.05670572916666667,1607,588909.5,3345.9019170999527,1.878832116788321,0.6680045826031228,0.9759779716591441,1218.3663330078125,646.2354125976562,0.8477403666023979,865.923128037479,1195.7849437148218,0.8282038618323223,0.9353637263472627,0.9816106642925164
3309.jpg,26,34877,0.018165104166666668,498,623864.5,5082.817777514458,1.2718360071301247,0.3896488900714137,0.6460903304113145,1155.403564453125,1001.8351440429688,0.4981571382098086,891.251340507508,365.9265947467167,0.8423330132630308,0.9791384129843167,0.9943726110364052
1430.jpg,7,18311,0.009536979166666666,494,702395.0,4896.672675251961,1.1819085487077534,0.5872209969785994,0.7615903733597608,1108.2330322265625,927.7840576171875,0.5469364004733069,945.6833984078681,255.72162288930582,0.7919637138832499,0.988523671007886,0.996067394228627
3443.jpg,28,47877,0.0249359375,651,788196.0,3826.7517622709274,1.2495164410058026,0.5899988622141313,0.9967380122424127,1463.7635498046875,692.1613159179688,0.8811353413298045,1001.7795746580564,520.4575515947467,0.8355054422767467,0.9712889354273259,0.9919961622797843
3203.jpg,24,141931,0.07392239583333333,1294,546820.5,4311.424983263016,1.418957345971564,0.3462346493935739,0.9732906867155607,1626.9716796875,438.60687255859375,0.9629766472353116,834.406066895402,1363.1934803001877,0.8469709471792762,0.917867536177902,0.9790361781395105
2075.jpg,11,95642,0.04981354166666667,1453,521527.0,3532.321182847023,2.411965811965812,0.631820797518884,0.9793318166838331,1345.0582275390625,529.168701171875,0.9193601611750438,814.879623040787,1037.8651500938088,0.8314933535077091,0.9431719539558825,0.9840392281534492
3090.jpg,22,7426,0.0038677083333333332,83,988073.0,4308.668505311012,1.5153922542204568,0.6429911979186325,0.9844870060803523,1596.7352294921875,804.6009521484375,0.8637597807389894,1121.629892917047,65.6078799249531,0.869140743601541,0.995631335141338,0.9989910515805224
3541.jpg,30,17,8.854166666666667e-06,1,832800.5,4352.397302031517,1.1037383177570093,0.6590332127849834,0.8676613997178644,1092.057861328125,1055.398681640625,0.25692591613139787,1029.7351744381735,0.3388836772983114,0.705879747122801,0.9999885345270757,0.9999947884895689
3237.jpg,25,19162,0.009980208333333334,376,446077.5,3847.033068060875,1.4577540106951872,0.35002805230676276,0.9867312133358108,1607.9100341796875,368.6055603027344,0.9733687204521584,753.6335402678145,216.8177767354597,0.8313709996389901,0.9883841869649328,0.9966656756261272
1478.jpg,9,31237,0.016269270833333332,431,342739.5,3497.818653821945,2.1920792079207922,0.6130913091309131,0.9350696651652348,1014.5347290039062,463.6888732910156,0.8894431425701059,660.5978239010157,327.7005159474672,0.8426541057862134,0.981303693704698,0.994960469413043
1219.jpg,4,1412,0.0007354166666666667,57,388724.5,2598.61852478981,2.0,0.7932343638404245,0.9946992804429933,1020.3196411132812,494.8109130859375,0.874538126926403,703.5192999537423,22.366322701688556,0.766116842701217,0.9990923296589933,0.9996560403115416
2507.jpg,18,5428,0.0028270833333333334,181,987052.0,3929.521313071251,1.5339702760084926,0.7251390327581013,0.995164581669772,1374.1917724609375,917.7239990234375,0.7443154664458975,1121.0502393336044,77.8076923076923,0.7879040651834072,0.9965757134704823,0.9988034372049998
2092.jpg,11,68644,0.03575208333333333,1262,540834.5,3705.8430399894714,2.153968253968254,0.6326215625036553,0.9737940434542276,1249.9886474609375,580.06201171875,0.8858070040925112,829.8264110987727,773.7392120075048,0.8275223847467919,0.9587769405825891,0.9881010793835159
3579.jpg,31,29140,0.015177083333333334,556,902579.0,4685.1436775922775,1.3434977578475336,0.5403791003849677,0.9144781902110258,1578.75439453125,831.8558959960938,0.8499232776522808,1072.0071245320707,322.14282363977486,0.8343756043573214,0.9824248163152574,0.9950459381841144
2446.jpg,17,10112,0.005266666666666667,306,790611.5,4074.8766498565674,1.3520710059171597,0.5687058784601285,0.8894963662925608,1283.5902099609375,866.95166015625,0.7374410016295774,1003.3134237726434,146.39774859287056,0.7852607376561509,0.9936142540673659,0.9977486274937275
3497.jpg,29,24497,0.012758854166666667,220,711953.5,3937.514174580574,1.124634858812074,0.6002044369132977,0.9001746098777857,1024.77490234375,1000.6577758789062,0.21567172207198326,952.0962925106923,218.5121951219512,0.8666901027521358,0.9856181695294521,0.9966396180739712
2276.jpg,14,200341,0.10434427083333334,1567,860569.0,4494.9325630664825,1.404391582799634,0.5129288841338574,0.9805176900604784,1648.434326171875,672.4938354492188,0.9130001902070534,1046.7619030960166,1833.6318011257038,0.8492170682325688,0.8863294800513017,0.971801559358938
2500.jpg,18,6345,0.0033046875,182,980801.5,3899.607539653778,1.5328227571115973,0.765943597649069,0.9966441554957606,1389.085205078125,902.4456176757812,0.7602171862403803,1117.495080676226,83.36538461538461,0.8055034197161197,0.9960561998088376,0.9987179684339282
2284.jpg,14,127728,0.066525,1212,1906165.5,6620.673221826553,1.3333333333333333,0.99279453125,0.9953716105604667,5116.95361328125,1190.5684814453125,0.972555420034979,1557.8848780991084,1230.8932926829268,0.8476753069268416,0.9258281727607662,0.9810707518118456
1482.jpg,9,33851,0.017630729166666668,536,517601.5,4239.9060925245285,1.9230769230769231,0.6123106497500961,0.9275987609352304,1164.041015625,592.5984497070312,0.8607149138868312,811.8070572582117,374.9409005628518,0.8336431171071512,0.9795948635372053,0.9942339848589355
1540.jpg,8,27295,0.014216145833333334,259,592181.5,3902.239135861397,1.5178571428571428,0.43047708702858306,0.9747378314450833,1535.4111328125,524.2879638671875,0.9398947743735834,868.325344246375,249.6217166979362,0.8631197353037982,0.9839362324724034,0.9961612014163883
2251.jpg,14,135793,0.07072552083333333,1648,870648.5,4201.018795371056,1.4569471624266144,0.5721333484036226,0.9867958519707333,1621.8568115234375,702.8811645507812,0.9012110275751114,1052.8742088988372,1374.2410881801127,0.8393126971687674,0.9207550256966544,0.9788662828994538
3097.jpg,22,10659,0.0055515625,135,822869.0,3935.5902960300446,1.6152125279642058,0.6374204453202947,0.9881113561435667,1502.1165771484375,719.5452270507812,0.8778034986463668,1023.5767440386082,102.00398686679175,0.8580160401447622,0.9936726926115681,0.9984313353602129
1215.jpg,4,1116,0.00058125,39,401868.0,2778.90993309021,2.1527777777777777,0.7348913759052008,0.9924639341893883,1068.9168701171875,486.9803466796875,0.8901933142440748,715.3140774258748,16.740853658536587,0.7785450339256673,0.9992897794128404,0.9997425513846994
2097.jpg,11,84055,0.04377864583333333,1271,497379.0,3603.482647538185,2.2470978441127696,0.608738594848635,0.9495408640537599,1279.5732421875,548.153076171875,0.9035951642724588,795.7905575720476,912.2748592870545,0.8325305845796968,0.949943742691126,0.9859706139192468
2660.jpg,20,19980,0.01040625,351,325264.5,3863.2483520507812,1.4195121951219511,0.21809705808398291,0.9903602131957903,1744.0823974609375,238.34445190429688,0.9906181575600036,643.5368085032202,229.8986866791745,0.8284438576409378,0.9878604618703374,0.9964645113234833
2568.jpg,19,27615,0.0143828125,345,381134.0,3885.81986618042,1.4716786817713696,0.2746794911063241,0.9793446350911228,1697.430908203125,304.50164794921875,0.9837780897747648,696.6167387043549,265.82035647279554,0.8559019058082699,0.9836459593488577,0.9959120912177777
1241.jpg,4,705,0.0003671875,22,277407.5,2289.113907814026,2.4195250659630605,0.7981961944277399,0.9936368129978795,928.2078857421875,389.5542907714844,0.9076701359431951,594.3115336304014,9.285412757973734,0.805602333831556,0.999561233006068,0.9998572046141855
2133.jpg,12,19480,0.010145833333333333,350,753579.5,3897.573049426079,2.084791386271871,0.6547701074022488,0.9659065201104619,1446.838623046875,685.1629638671875,0.8807622793487518,979.5341849582135,195.5358818011257,0.850380419301476,0.9883844046615972,0.9969929584812056
3357.jpg,27,54657,0.0284671875,1078,695270.0,4510.13863158226,1.195519348268839,0.6030785831508898,0.8118400887422825,1209.1231689453125,794.3020629882812,0.7539567765440147,940.8747303802014,622.5293151969981,0.8270247944018886,0.9670422802693401,0.9904264553379111
1484.jpg,9,25881,0.0134796875,485,531436.0,4011.1050128936768,1.9147640791476408,0.6429910974632973,0.9413302607258592,1160.58935546875,611.2527465820312,0.8500670775412352,822.5845431904711,294.69324577861164,0.8297033275669166,0.9843150732030277,0.9954680705290405
3364.jpg,27,62567,0.03258697916666667,1218,919035.5,4247.2786737680435,1.278688524590164,0.6683593176162238,0.9151105906765881,1306.7047119140625,920.2898559570312,0.7099193751039317,1081.7358002837166,691.0515947467168,0.8315458496018383,0.9624953142169997,0.9893726879287251
3374.jpg,27,106396,0.055414583333333337,1641,949313.0,4990.398514509201,1.3881453154875718,0.6250447724244005,0.8126949204052718,1458.5311279296875,929.1978759765625,0.7707994630953937,1099.4102291370457,1100.6941838649157,0.8384022082114526,0.9373420098810982,0.9830730141195073
2325.jpg,15,99380,0.05176041666666667,1852,960208.5,4264.970016479492,1.4057971014492754,0.637620399422282,0.9893156504084935,1630.813720703125,755.6054077148438,0.8861856660205799,1105.7013310070822,1149.2901031894937,0.8200521039858919,0.940434587875582,0.9823256835236753
3047.jpg,21,41585,0.02165885416666667,654,592946.5,4718.239128708839,1.6837387964148527,0.5773494058022521,0.9234107298172556,1232.8673095703125,643.7012329101562,0.852873745054958,868.8860291846729,459.797373358349,0.8332503897825734,0.9749735899620097,0.9929290226469667
1068.jpg,1,37693,0.019631770833333333,616,706364.5,4164.356882452965,1.3905325443786982,0.4940510162686922,0.9628197150788226,1542.3721923828125,601.7136840820312,0.9207630765735677,948.3518410363745,396.4261257035647,0.8417159597860159,0.9774580959956011,0.9939035750975985
2519.jpg,18,24083,0.012543229166666666,569,959369.0,3961.3203027248383,1.5010504201680672,0.7052068203068491,0.991825497582903,1339.651123046875,917.2853393554688,0.728806635577001,1105.2178739022584,293.3377110694184,0.8180039239351232,0.9852523074912697,0.9954889165707652
1447.jpg,9,27694,0.014423958333333334,436,454309.5,3705.926301240921,1.761609907120743,0.6179837257259763,0.9247484626861722,1070.460205078125,602.0429077148438,0.8268550868806932,760.5556001692838,303.5719981238274,0.8358997616574012,0.9833127255990758,0.9953315289557434
3401.jpg,28,49171,0.025609895833333333,645,717918.5,4083.185313105583,1.4284263959390864,0.5180179595135274,0.993874793553755,1547.159423828125,606.0518798828125,0.9200848631471245,956.076473979436,488.80581613508446,0.8494707314515276,0.9708763364602493,0.992482917354057
1423.jpg,7,28906,0.015055208333333334,541,846546.5,7138.6292889118195,1.3514492753623188,0.5139405937949256,0.6907747267856545,1249.8603515625,1013.2003173828125,0.5855298881995498,1038.1986708993347,340.78142589118204,0.8233964073337211,0.9824007983366682,0.9947593051103991
2165.jpg,12,60111,0.0313078125,1022,893668.0,4144.124346375465,1.5219611848825332,0.6126426774341713,0.9771086846828329,1540.7086181640625,785.9483642578125,0.8601024390287546,1066.7021315551888,625.2403846153846,0.8415707366046333,0.9642536480407305,0.9903847632544616
3432.jpg,28,59147,0.030805729166666667,595,720806.0,4253.868636131287,1.3722627737226278,0.4372803909768598,0.9951698491449383,1687.86669921875,549.7720336914062,0.9454662584827365,957.9972355296093,535.5717636022514,0.8621514829354012,0.9654438417276647,0.9917637289145534
2112.jpg,11,82410,0.042921875,1291,616062.5,3838.7446200847626,1.4394273127753303,0.5191147127126385,0.9749405560237222,1417.828369140625,608.103759765625,0.903352921519428,885.6608476320979,903.2605534709195,0.8310270157714523,0.9508384376274431,0.9861092400967164
1393.jpg,7,8423,0.004386979166666667,147,636900.5,5240.218918681145,1.0111627906976743,0.5450465330224,0.7160240180956406,983.1965942382812,971.3770141601562,0.15459187811299288,900.5147986910584,104.03728893058162,0.8169573864699207,0.9948174181245897,0.9984000662976259
2415.jpg,16,379,0.00019739583333333333,8,61559.0,3823.50109064579,1.5755627009646302,0.04488410583954911,0.8523521063380526,2086.943115234375,45.52998733520508,0.9997619898233098,279.9631281693214,5.083255159474672,0.8020717232906742,0.999763407869309,0.9999218273435322
2076.jpg,11,95613,0.0497984375,1261,650001.0,3627.173995256424,2.097101449275362,0.6510231062768547,0.9765251233236657,1345.76904296875,642.2271118164062,0.8787841785649945,909.7290680842294,971.3761726078799,0.8422431053903784,0.9437115385297933,0.985061726500048
3372.jpg,27,70928,0.036941666666666664,1300,846437.5,4798.675645709038,1.2914389799635702,0.5436461600910489,0.7978722150766094,1323.1871337890625,916.9494018554688,0.72095159128405,1038.1318303311816,775.0947467166981,0.8325773322913887,0.9576144236243251,0.9880802333417911
2472.jpg,17,12285,0.0063984375,424,801661.5,4003.0330690145493,1.3515325670498084,0.5442062367115521,0.8940624022403378,1239.6551513671875,926.5736694335938,0.6643240356945278,1010.3005113785243,193.77368667917452,0.7657775724667408,0.9921219669150627,0.9970200583354478
2489.jpg,18,44036,0.022935416666666666,1083,965158.5,3978.8522684574127,1.6164994425863992,0.7420585860915696,0.9926315637910448,1411.3018798828125,881.9218139648438,0.7807052178305054,1108.5476846474728,556.9892120075046,0.8089964767814087,0.9729652946566117,0.9914343614553024
3612.jpg,31,154562,0.08050104166666666,2073,736879.0,4432.315252304077,1.3973880597014925,0.45886991112528147,0.9253966390153268,1648.908203125,619.8244018554688,0.9266602815503401,968.619369249295,1662.6310975609756,0.8273824050585693,0.9093728347453824,0.9744312875225144
1541.jpg,8,30531,0.0159015625,275,606300.0,3959.6777299642563,1.3517978620019437,0.4235893802935573,0.981758210262717,1566.1180419921875,516.8856201171875,0.9439660499269128,878.6154653617982,284.18785178236396,0.860443625131053,0.9820040726109855,0.9956296273524072
1549.jpg,8,40329,0.0210046875,219,563701.5,3581.642029285431,2.586206896551724,0.6479327586206897,0.9781152288509389,1337.4168701171875,541.5543212890625,0.9143496392961267,847.1877249031222,232.5419793621013,0.913098258504006,0.9773865388099713,0.99642386154212
3391.jpg,28,56824,0.02959583333333333,670,788549.0,4106.599525213242,1.4269005847953216,0.5249769650294528,0.9939033459123302,1609.84765625,651.6312255859375,0.9144149027268472,1002.0038771189301,552.9903846153846,0.8520343990147784,0.9664850661590294,0.9914958572783905
3390.jpg,28,71146,0.03705520833333333,849,813445.5,4119.636102795601,1.421000981354269,0.5512971090712918,0.9963145527399261,1608.0040283203125,654.8626098632812,0.9133159001386981,1017.6988641473797,697.219277673546,0.8498424011074504,0.9581155932648516,0.9892778384388776
1371.jpg,6,29698,0.015467708333333333,339,547743.0,3697.687840819359,1.4885496183206106,0.43759751698682997,0.9824405012797449,1481.948974609375,486.7843017578125,0.9445124039842652,835.1096023587995,276.05464352720446,0.8606966664903251,0.9824952909332645,0.9957547036027558
1442.jpg,9,39572,0.020610416666666666,587,509467.0,4085.3547937870026,1.9968404423380726,0.6367446057551943,0.9374283543064696,1159.8660888671875,586.6687622070312,0.8626464810905462,805.4027136393254,433.296669793621,0.8350444473484367,0.976209450939202,0.9933365627626853
2620.jpg,20,30059,0.015655729166666667,331,246473.0,3520.824918627739,1.5551643192488263,0.21833023297014792,0.9857776497926241,1554.4085693359375,205.31317138671875,0.9912384693369435,560.1956535974817,276.5968574108818,0.8620729751931557,0.9823055382842487,0.9957463651860659
2125.jpg,12,21464,0.011179166666666667,389,772174.5,3731.4309154748917,1.7001223990208079,0.6804420640228831,0.9812916827636688,1299.5386962890625,784.8626708984375,0.7970185472818979,991.5458178198837,209.70121951219514,0.8542209511149627,0.9872504303215722,0.996775117345182
2560.jpg,19,30588,0.01593125,454,340963.0,3886.270655274391,1.4543630892678034,0.23585445993151868,0.9654495773930033,1698.56005859375,278.86798095703125,0.9864305544411797,658.883582199113,310.8918855534709,0.8476099487658433,0.9817675712159994,0.9952189603304298
3275.jpg,25,2422,0.0012614583333333334,79,439747.0,3732.349738240242,1.3953241232731137,0.3559168391293474,0.9907581181888435,1474.3524169921875,378.5473937988281,0.9664765162178226,748.2668441663399,35.04057223264541,0.7862702697842172,0.9984688798278883,0.9994611298214153
3494.jpg,29,22369,0.011650520833333334,267,716841.5,3977.514175415039,1.0188857412653447,0.627343980410638,0.9130808325266215,1039.41796875,1000.2903442382812,0.2717913017255182,955.3590660622168,209.0234521575985,0.8605044146005624,0.9867887408160726,0.9967855403660445
1407.jpg,7,20322,0.010584375,437,789012.0,6417.6717973947525,1.3025962399283797,0.48547563890760415,0.6762213258450174,1230.1951904296875,996.60986328125,0.5862594466144482,1002.2979994345894,259.313789868668,0.8097158302551528,0.9874565022773395,0.9960121522180565
1525.jpg,8,39705,0.0206796875,210,590792.5,3531.0390005111694,1.6420525657071339,0.5635784250129735,0.9886995958463379,1371.8753662109375,571.00830078125,0.9092618253535185,867.3063897683152,288.796669793621,0.8904159601791607,0.977266358835956,0.9955587508105432
3232.jpg,25,36279,0.0188953125,576,496817.5,3592.5436106920242,1.7170294494238156,0.4743698445844206,0.9922448649442132,1426.4708251953125,445.14666748046875,0.9500618936751467,795.3412396678935,364.23217636022514,0.8490155453252003,0.9784327562498443,0.9943986685885612
2575.jpg,19,28786,0.014992708333333334,473,452622.0,4073.275705218315,1.4423828125,0.2992645036391334,0.991502756839525,1650.4864501953125,354.0648193359375,0.976719268037938,759.1417714874599,307.9097091932458,0.8397765406003697,0.982717216303679,0.9952648216222242
1344.jpg,6,25083,0.0130640625,311,611463.5,3989.5873358249664,1.3617021276595744,0.4199981179664146,0.9622444057845121,1551.9251708984375,533.3771362304688,0.9390841107080499,882.3488586506865,234.3719512195122,0.8603116644058804,0.9851933599232272,0.9963957193857917
1178.jpg,3,70401,0.0366671875,1619,856277.5,3822.9599120616913,0.9864130434782609,0.7122255992068245,0.9544450352060476,1112.1619873046875,1012.7344970703125,0.4132892226259578,1044.14863609879,877.6409474671669,0.8090624315040731,0.9570774697527418,0.9865032302853142
2161.jpg,12,42493,0.022131770833333335,818,912317.0,4337.237041711807,1.3589251439539347,0.6183221369161869,0.9795893167376407,1531.0704345703125,807.7171020507812,0.8495236201655688,1077.774596905192,484.80698874296434,0.8278541161887786,0.9743148970279587,0.9925444131771451
2080.jpg,11,122617,0.06386302083333334,1477,567926.5,3645.59326004982,2.4248788368336025,0.6112527028292393,0.9658761783768799,1431.365966796875,557.4319458007812,0.9210516054775715,850.3566771085145,1230.1477485928706,0.8418733496619359,0.9283324167525078,0.9810822171347943
2275.jpg,14,203060,0.10576041666666666,1585,839509.5,4468.773185014725,1.4502868068833652,0.5290641688650363,0.9831076036862312,1618.397705078125,672.4908447265625,0.9095800252428123,1033.8746024450181,1852.3381801125704,0.8494802517392368,0.8849126137678703,0.9715138839831365
1448.jpg,9,21895,0.011403645833333333,363,414679.5,3651.7009031772614,1.7572156196943973,0.6802317856351959,0.9381570761173263,1034.5345458984375,546.7409057617188,0.8489396809332158,726.6266839244241,246.70731707317074,0.8318330828874098,0.9867417156147591,0.9962060204060964
3159.jpg,23,27589,0.014369270833333333,340,425910.0,4284.187397122383,1.5035035035035036,0.2838457632066154,0.9253079580264616,1655.575439453125,380.1377868652344,0.9732825591528862,736.400335753694,270.90361163227016,0.8530099581193689,0.983619929309749,0.9958339185613098
3598.jpg,31,94093,0.04900677083333333,1621,931044.0,4778.859407544136,1.457497612225406,0.5827321649198046,0.9304410741839289,1590.0616455078125,825.226806640625,0.8547800385497902,1088.7800690168813,1019.4976547842401,0.8318933705867229,0.944087795883082,0.9843216920188195
1090.jpg,1,41145,0.0214296875,838,735668.0,4394.634011268616,1.43359375,0.4893908591621253,0.9592474854026877,1607.9481201171875,606.1943359375,0.9262137913239672,967.8231188581041,488.46693245778613,0.8210006857777536,0.9749758338503169,0.9924881288644883
1105.jpg,1,23870,0.012432291666666666,527,442637.5,3294.5983117818832,2.688,0.6586867559523809,0.9639423338668758,1232.279296875,470.2647399902344,0.9243185283896299,750.7220317685571,278.4946060037523,0.8256908197059192,0.9854769581635316,0.9957171807276513
3528.jpg,30,109159,0.056853645833333334,1580,918647.5,5280.180255293846,1.169626998223801,0.6194763517386385,0.788453351826326,1154.8179931640625,1128.1734619140625,0.21357117800427908,1081.5074316305438,1197.140478424015,0.8284296635150976,0.9352127242976057,0.9815898182507918
1143.jpg,3,67927,0.03537864583333333,1472,925250.5,3916.273622751236,1.1962264150943396,0.6883894559847629,0.9660340421755461,1180.9708251953125,1039.8172607421875,0.47408947656096107,1085.38726977332,837.1782363977486,0.8114841206138655,0.9586427548728927,0.9871254846307977
2643.jpg,20,24397,0.012706770833333334,262,221163.0,3677.9619990587234,1.4913419913419914,0.1736965864324355,0.9480621916246211,1793.853515625,184.83474731445312,0.9946774394783208,530.6538207082493,216.47889305816136,0.8673962449233588,0.9856854530187192,0.9966708871365583
1131.jpg,3,143626,0.07480520833333333,2247,901933.5,3865.018785715103,1.133456904541242,0.6834812676708469,0.9613912207424257,1125.604736328125,1073.6524658203125,0.3002993318222502,1071.6237207720776,1616.2718105065667,0.820530989804287,0.9150209440233412,0.9751442221495007
3513.jpg,30,94046,0.048982291666666664,1650,978622.5,4394.446072936058,1.1254545454545455,0.7186242473197239,0.89444657961566,1181.336669921875,1141.3636474609375,0.25793269644989114,1116.2530476408954,1068.2291275797375,0.8237744698334586,0.9437269661644972,0.983572276818815
2011.jpg,10,93451,0.04867239583333333,1461,924078.0,4118.065473675728,1.5379609544468547,0.7068080367386775,0.9771060329618564,1348.3138427734375,898.9332275390625,0.7453179579110966,1084.6993371528258,1002.7568011257035,0.8335764376376917,0.9445395575534224,0.9845791406341201
1361.jpg,6,15225,0.0079296875,263,401457.0,3300.6542258262634,1.7063599458728012,0.43080378461152147,0.9494053460911763,1276.9921875,433.4475402832031,0.9406318592735552,714.948199459754,160.42753283302062,0.8432885698797615,0.9908559652443321,0.9975328709618765
3451.jpg,29,146100,0.07609375,1990,980344.5,4416.959911227226,1.1215722120658136,0.7303261175650246,0.9776973843319213,1212.4666748046875,1080.5491943359375,0.4536123744500076,1117.2347044661747,1522.5365853658536,0.8335701048378158,0.9145741856625298,0.9765857259347668
1273.jpg,5,17359,0.009041145833333333,333,487192.0,8274.096457958221,1.1690140845070423,0.3674355638516507,0.5001124039562086,1027.1956787109375,918.641357421875,0.4474284619663342,787.5989590385537,201.22912757973734,0.827403354775529,0.9894367202322489,0.9969054051059617
2316.jpg,15,85841,0.044708854166666666,1604,854421.0,4181.2126615047455,1.5313807531380754,0.6104821146855065,0.9716263424352833,1522.4639892578125,726.7685546875,0.8787059827712265,1043.016109680077,991.9125234521576,0.8215260162973216,0.9484236946918554,0.9847459089679181
3132.jpg,23,29680,0.015458333333333333,405,409828.0,4148.7071677446365,1.487360970677452,0.28170377208436237,0.9212640551731579,1832.5078125,362.5032958984375,0.9802387370261844,722.3636315178958,304.5208724202627,0.8462402423227849,0.9822837232160389,0.9953169367265362
3381.jpg,27,142941,0.0744484375,1931,939250.0,4866.80053460598,1.3130271790065604,0.628316766642116,0.8262946896325419,1423.6549072265625,921.0743408203125,0.7625081091753032,1093.5676670387168,1419.5837242026269,0.8416767202886243,0.9169265349055681,0.9781689828037612
3114.jpg,23,20665,0.010763020833333333,285,511766.0,4009.2858135700226,1.453416149068323,0.37733509110320707,0.9200775591694301,1648.2135009765625,483.07147216796875,0.9560854926268483,807.2178818949288,222.57879924953096,0.8393538390824263,0.9875632715463837,0.996577079948797
1216.jpg,4,988,0.0005145833333333334,25,450333.5,2885.329200029373,2.2934131736526946,0.7823057105979512,0.9935434408507259,1165.7939453125,500.7755432128906,0.9030395043516002,757.2201928890911,11.183161350844278,0.8329099158723311,0.9993992030442305,0.9998280201557709
2345.jpg,15,69962,0.036438541666666664,1346,762799.5,4282.224851369858,1.3176470588235294,0.5564305409663866,0.9619446477922108,1469.9473876953125,690.009765625,0.882979686242687,985.5082384760717,842.6003752345216,0.815579312666043,0.9575729793011397,0.9870421004638987
2258.jpg,14,205913,0.10724635416666667,1557,822784.0,4156.231990695,1.4561576354679804,0.5484605078091149,0.9887287774577953,1617.5035400390625,655.36669921875,0.9142405992992512,1023.5238764070803,1867.9268292682927,0.8500672717355975,0.8834616033520929,0.9712741545033018
2627.jpg,20,24031,0.012516145833333334,286,242608.0,3639.6188505887985,1.3854922279792745,0.18803833499327627,0.9705154643299324,1749.417724609375,199.29541015625,0.9934898120257231,555.7860194977095,239.5907598499062,0.8510326768646246,0.9856950516669029,0.9963154621251513
3331.jpg,26,7168,0.0037333333333333333,119,532930.5,4068.3324983119965,1.1253731343283582,0.4688586246486401,0.7054024594357236,1008.0314331054688,867.2216186523438,0.5097677171649181,823.7403639469676,90.34638836772984,0.8133372882717864,0.9955747559039475,0.9986106113190457
1002.jpg,0,1467,0.0007640625,34,108737.0,2919.998246908188,9.058394160583942,0.639565455219184,0.9588124294582393,1162.3348388671875,120.37635040283203,0.9946227644318972,372.0863453230545,15.38531894934334,0.8451440467316566,0.9991173795599381,0.9997633974264241
3477.jpg,29,32652,0.01700625,290,767584.5,4031.028895378113,1.0705663881151346,0.6181319411393796,0.9196494574365991,1066.413330078125,1026.7200927734375,0.27029073015139077,988.594426104946,309.87523452157603,0.8575539613460317,0.9807153557692124,0.9952345948617234
2408.jpg,16,1275,0.0006640625,42,62321.5,3633.719346642494,1.5990990990990992,0.049423851668569975,0.9309567022937253,2248.7685546875,42.94134521484375,0.9998176644417526,281.6916723781739,19.316369606003757,0.776321959143105,0.9991871471583113,0.9997029439054225
1480.jpg,9,31486,0.016398958333333335,495,526176.0,4433.143677711487,2.3064250411861615,0.619176276771005,0.9216484281604288,1273.8795166015625,562.0211181640625,0.8974144086467355,818.5035679156011,355.4212007504691,0.8306712352543434,0.9809607823313924,0.9945341678597719
1488.jpg,9,45298,0.023592708333333334,812,520123.5,4804.984297990799,2.285240464344942,0.6259504364967615,0.9223879564736259,1290.584716796875,554.9876708984375,0.9028155118153144,813.7824084766513,528.7940900562852,0.8235984213956878,0.9725398011437609,0.9918679591231772
2447.jpg,17,26555,0.013830729166666667,737,858231.5,4140.425861954689,1.5106382978723405,0.642966362001798,0.9443552855051406,1455.8685302734375,789.8650512695312,0.8400307943979377,1045.339315407861,354.67565666041276,0.8001718018182706,0.9835037364378467,0.9945456331827206
1021.jpg,0,19905,0.0103671875,337,340091.5,3898.0868936777115,1.523157894736842,0.24740224784490597,0.9179282535175534,1684.404541015625,292.74578857421875,0.9847813604060603,658.040991601814,215.39446529080678,0.8386680177955317,0.9880113205889793,0.9966875639699381
2228.jpg,13,85940,0.044760416666666664,1210,944386.0,4675.247148275375,1.3618604651162791,0.6000673529037998,0.9757026397776225,1564.87451171875,805.93603515625,0.8571803248201066,1096.5535101828189,877.0987335834897,0.8423576485648997,0.949277877670395,0.986511568702004
1167.jpg,3,84667,0.04409739583333333,1867,962455.0,3943.4868268966675,1.153915391539154,0.6757380106185346,0.9729782462220142,1201.8304443359375,1073.471923828125,0.4496646109887738,1106.9940225801047,1065.9924953095685,0.8056617830648155,0.9484298861219023,0.9836066727876608
1020.jpg,0,6709,0.003494270833333333,64,200240.0,3609.261428833008,1.8082706766917294,0.17389280547175284,0.9463674688545665,1653.398193359375,164.8728485107422,0.9950157819969923,504.9291895283625,59.98241088180112,0.8676247993838839,0.9960471562926039,0.99907756265368
2024.jpg,10,70140,0.03653125,1176,878491.0,4041.0015469789505,1.4508547008547008,0.6911331080145513,0.9828362696590245,1275.952880859375,895.993896484375,0.7119644546272045,1057.6055412553103,739.3086303939962,0.8385819735594303,0.9582921648592617,0.9886305688433242
1577.jpg,2,6024,0.0031375,173,392485.0,3359.0419620275497,2.706896551724138,0.6734656407862948,0.9714434220866413,1178.9964599609375,430.9443664550781,0.9308042919266812,706.9140136645901,79.0954502814259,0.805664792366938,0.9962559322131689,0.9987836334653611
2410.jpg,16,796,0.0004145833333333333,23,68570.5,3668.013729929924,1.6802884615384615,0.05895312328051062,0.8742557341935154,2052.63623046875,51.3349494934082,0.9996872190986558,295.47702482978684,11.318714821763603,0.7901139353422678,0.9994981851623996,0.9998259355515984
2176.jpg,13,55643,0.028980729166666667,956,566188.0,3760.9872641563416,2.0859259259259257,0.595736531986532,0.9497774803020161,1251.277099609375,610.3936767578125,0.8729461692329867,849.0541510142403,625.579268292683,0.8291671362177111,0.9665175217077483,0.9903795517440304
3618.jpg,31,112062,0.058365625,1990,731604.0,4590.104133367538,1.3644444444444443,0.42365776330076005,0.9353480623851756,1671.575439453125,595.90673828125,0.93429758388715,965.1461774707622,1313.377579737336,0.8163524608261704,0.9328597346103683,0.979802270172895
3538.jpg,30,12338,0.006426041666666667,275,625335.0,3559.8460060358047,1.210344827586207,0.6825981596096539,0.8780753911836504,963.8251953125,926.8464965820312,0.27433776622043227,892.3010986808001,152.15877110694186,0.8168642480569271,0.9924152567832852,0.9976600318163973
2537.jpg,18,17388,0.00905625,451,1009636.0,3990.408616900444,1.4654994850669414,0.7307026755530917,0.9918715800021612,1354.5933837890625,952.4716796875,0.7110493248688974,1133.802664041777,221.35881801125706,0.810451641301557,0.989266287131356,0.9965958413863492
2141.jpg,12,35295,0.0183828125,765,855411.0,3946.359847545624,1.3011811023622046,0.6368683514598497,0.9825821914149794,1437.0262451171875,800.761474609375,0.8303547643237005,1043.6201953783045,418.11468105065666,0.8219407595874396,0.9785189668779067,0.9935700384300025
1017.jpg,0,4247,0.0022119791666666668,60,218857.0,3776.4228945970535,1.697215777262181,0.17354369894362567,0.9566745421681744,1655.8951416015625,176.1263885498047,0.9943273400128294,527.8800877492004,44.258208255159474,0.8459033360370813,0.9974481953683872,0.9993193767376871
2358.jpg,16,4939,0.0025723958333333332,60,81440.0,4025.1133558750153,1.343978102189781,0.05044573614600522,0.9323945274486233,2222.862548828125,53.46929168701172,0.9997106546657066,322.0133980492608,51.30698874296435,0.8463345717922249,0.9970340162649076,0.9992109773207184
3073.jpg,22,1975,0.0010286458333333332,51,786422.5,3950.3770892620087,1.5455543358946213,0.613105057504241,0.9886293280366577,1494.1016845703125,679.826904296875,0.8904877993902922,1000.6519004476474,25.484052532833026,0.8094240954558456,0.9987751411491279,0.999608094415575
1450.jpg,9,26583,0.0138453125,472,483840.0,4228.242098927498,2.1976549413735342,0.6177227601421743,0.9280948964755259,1226.82666015625,532.1588745117188,0.9010243101760341,784.8848459007609,307.6386022514071,0.8268530039495615,0.9838532531753624,0.9952689908305692
3438.jpg,28,82353,0.0428921875,974,902289.0,4361.760992050171,1.407337723424271,0.5673888601023237,0.9885504023875378,1634.4111328125,728.15478515625,0.895274441261693,1071.8348919397731,798.8843808630394,0.8504538730935862,0.9516886028216243,0.9877143853095218
2543.jpg,18,16725,0.0087109375,464,1917201.0,5596.0,1.3333333333333333,0.9985421875,1.0,0.0,0.0,1.0,1562.3879570726979,219.39329268292684,0.8047555734653489,0.9896244642733018,0.9966260681468501
3320.jpg,26,26669,0.013890104166666667,528,558857.0,4169.143681049347,1.045933014354067,0.4892876372916822,0.7231371219541861,1019.3168334960938,883.0632934570312,0.4994745348682874,843.5394669202259,328.2427298311445,0.8158438417651239,0.9836494833463305,0.9949521309963532
2029.jpg,10,39706,0.02068020833333333,840,875724.0,3804.692886352539,1.2618328298086605,0.7038286360469014,0.9885468522469437,1164.888916015625,964.8948974609375,0.5602627537378895,1055.9386474003381,465.0839587242026,0.8235280114817423,0.9758938973323666,0.9928477230842401
2035.jpg,10,81151,0.04226614583333333,1342,995293.5,4311.621821641922,1.7115812917594655,0.721109079237748,0.9794754610419037,1480.5902099609375,875.7411499023438,0.8063188508740167,1125.7206770855134,878.9287054409007,0.8331422922083149,0.9516607006128557,0.9864834265456756
1559.jpg,2,654,0.000340625,26,373885.0,3311.4927557706833,2.775055679287305,0.6683033815112592,0.9681010966987696,1186.307373046875,410.0982666015625,0.9383476352293006,689.9602649307468,10.36984052532833,0.7659752813489425,0.999579465102244,0.9998405277808058
1025.jpg,0,3251,0.0016932291666666667,45,237871.5,4030.218919157982,1.4590818363273452,0.16237804828100297,0.9150170792879014,1671.708984375,191.02542114257812,0.993449783137103,550.3338989790383,35.71833958724203,0.8376209150393507,0.9980321463341207,0.9994507068005529
2382.jpg,16,68,3.541666666666667e-05,4,68204.5,4013.272733092308,1.3971830985915492,0.043038833358574384,0.6422299540016667,1726.930908203125,72.64116668701172,0.9991149293605515,294.6874047679836,1.355534709193246,0.7058719293906232,0.9999541384244716,0.9999791539582753
1185.jpg,3,55246,0.028773958333333332,1448,852117.5,3661.940582036972,0.9760589318600368,0.7402250773133188,0.9732985187228474,1104.687255859375,999.154052734375,0.42654190597489766,1041.6091866726526,732.1920731707318,0.7986594433289359,0.9658885418111288,0.9887400105623791
3266.jpg,25,52062,0.027115625,813,595376.5,4712.895106673241,1.3695042095416277,0.3804283790069878,0.9890213302479877,1651.9046630859375,461.4981689453125,0.9601825458662802,870.664633372698,538.486163227017,0.8431374050178148,0.969017311254922,0.9917189099248452
2641.jpg,20,22922,0.011938541666666667,325,239968.5,3694.45441865921,1.355223880597015,0.17531176715541236,0.9360460127006912,1766.974609375,198.49803161621094,0.9936700759265623,552.7543610780289,236.33747654784239,0.8460361501727695,0.986292068886664,0.9963654926252907
3241.jpg,25,22428,0.01168125,525,468467.5,3873.6360976696014,1.3916083916083917,0.3359651834167269,0.9922657211423391,1614.4013671875,371.7853088378906,0.9731213394767535,772.3155743756693,291.1688555347092,0.8061883402542278,0.9861229061402025,0.9955222702375249
3500.jpg,29,18026,0.009388541666666667,207,717911.0,3847.5314203500748,1.117948717948718,0.6755219948247471,0.9450972596680428,1011.38037109375,980.1080932617188,0.24674828049484177,956.0714799639018,176.1517354596623,0.8544520342915645,0.9892856197602359,0.9972910568778695
2478.jpg,17,5614,0.0029239583333333335,192,782043.0,4043.2471511363983,1.7080459770114942,0.6049125168236877,0.9226410386337641,1393.9901123046875,758.2821044921875,0.8391077795331885,997.861750586383,87.906425891182,0.768292504298011,0.9964012683451281,0.9986481341941502
1079.jpg,1,56090,0.029213541666666665,1207,727177.5,4195.871598958969,1.4204771371769385,0.5058365691087903,0.9696721387986201,1556.328857421875,609.283447265625,0.9201833839082466,962.2219853244125,679.6651031894934,0.8158323489439435,0.9658686558788746,0.9895477946792129
1509.jpg,8,20278,0.010561458333333334,146,293610.5,2521.4713340997696,2.537313432835821,0.7160533118720125,0.9921653504725796,974.9185791015625,383.7602233886719,0.9192676334444394,611.4217033680302,132.43574108818012,0.9026101904920668,0.9884607729636408,0.9979633417234924
3215.jpg,24,35804,0.018647916666666667,642,527928.5,3698.921246409416,1.7763659466327828,0.4798364154273758,0.9742840902589769,1441.0123291015625,491.9007263183594,0.9399334479345924,819.8655029897998,408.015947467167,0.8286653289336255,0.9783362507126617,0.9937253414408518
1262.jpg,4,6044,0.0031479166666666665,163,495913.0,2960.7921812534332,2.0927272727272728,0.7833709817549956,0.9943905331850843,1142.1033935546875,561.556396484375,0.8707725021828937,794.6169154682328,77.73991557223265,0.8096253582512288,0.99625597278014,0.998804479507086
2593.jpg,19,17360,0.009041666666666667,279,343581.0,3854.4127963781357,1.538860103626943,0.2397592505364526,0.9685390629514731,1679.4315185546875,277.47320556640625,0.9862569835361537,661.4082823942047,188.6904315196998,0.8381671829218543,0.9895330577839653,0.9970982309919155
2320.jpg,15,111198,0.057915625,2093,964229.0,4307.947723150253,1.471219512195122,0.6238138060425698,0.985178827772584,1609.3575439453125,773.8041381835938,0.8768217627117808,1108.0137602847906,1299.8222326454033,0.8169232328828847,0.9333933518146356,0.9800107305901423
1584.jpg,2,11681,0.006083854166666667,313,434463.0,3529.1739926338196,2.4649446494464944,0.5999941997922973,0.973766578695221,1319.0457763671875,429.85235595703125,0.9454106919926222,743.7576704305462,151.95544090056288,0.8068887828195322,0.9927574653742146,0.9976631587226561
3459.jpg,29,95293,0.04963177083333333,1571,903046.0,4111.153784632683,1.0818767249310028,0.7064363003711144,0.9765509932628984,1116.9613037109375,1063.010009765625,0.3070352186455279,1072.2844202518797,1036.577392120075,0.831118389726137,0.9433557538143181,0.9840590318930877
3501.jpg,29,21603,0.0112515625,221,789440.0,3915.89895260334,1.120837297811608,0.63763349320479,0.9520840406164957,1095.78759765625,1020.5374145507812,0.3641820885377031,1002.5698111332332,196.078095684803,0.8645585331606285,0.9872841436725777,0.9969846200645156
2070.jpg,11,108756,0.05664375,1366,487442.5,3362.4317920207977,2.562962962962963,0.6522191447227574,0.9811456906520507,1336.84912109375,501.2537841796875,0.9270443678293584,787.8014132918076,1107.4040806754222,0.840737758302237,0.9361230200796614,0.9829698262129699
3190.jpg,24,100757,0.052477604166666664,1282,501292.5,4326.312286257744,1.4768928220255655,0.3281710914454277,0.9729423649665637,1682.7813720703125,414.9549255371094,0.9691202180464561,798.9151610021878,1032.7818949343343,0.840383310154284,0.9406717089373211,0.9841174008099172
2565.jpg,19,25301,0.013177604166666667,385,333589.0,3871.7853746414185,1.436,0.23230431754874653,0.9813447160522518,1584.4337158203125,274.7200927734375,0.9848537828529366,651.7198067334291,265.4814727954972,0.8431153278020546,0.9848400637996744,0.9959173027282088
3557.jpg,30,21321,0.0111046875,530,790890.0,4723.046140909195,1.1342031686859273,0.6056556655825632,0.812940189705574,1076.868896484375,1033.9169921875,0.27960856421014424,1003.4901212944714,276.3935272045028,0.8065840064708764,0.9868085763213044,0.9957494920923244
3486.jpg,29,23531,0.012255729166666667,275,941979.0,4246.751760840416,1.0926258992805755,0.697204458655298,0.9654055306056774,1183.9908447265625,1087.2725830078125,0.39585820496101,1095.155200467077,212.54784240150093,0.8650743494074951,0.9861622427020632,0.9967313406575601
3194.jpg,24,117060,0.06096875,1340,559690.0,4279.618855953217,1.526,0.36676933158584535,0.9703733498850511,1613.454345703125,458.5229187011719,0.9587688405723835,844.1678984614514,1174.2319418386492,0.8423832700659994,0.9315030090585575,0.98194211635594
1526.jpg,8,35509,0.018494270833333333,210,552552.0,3714.2421061992645,1.7149817295980512,0.4779993909866017,0.9749501101898724,1482.5772705078125,493.3852844238281,0.9430013449783413,838.7675821838274,266.3625703564729,0.8872370608244189,0.9795885501603251,0.9959037528010877
2277.jpg,14,155925,0.0812109375,1346,717997.0,4836.118414640427,1.3825503355704698,0.4773897178601681,0.9791713829830758,1573.2779541015625,603.1165771484375,0.9236030244527715,956.1287431100545,1447.1010787992498,0.8509573174231758,0.9104527523691155,0.9777458081567489
2314.jpg,15,89214,0.046465625,1649,914776.5,4501.9304785728455,1.4897159647404505,0.589060691938715,0.9670105414045058,1648.3365478515625,719.4798583984375,0.8997098623631159,1079.2263962646696,1005.1967636022514,0.8256530700024702,0.9466332404468568,0.9845416177590156
3380.jpg,27,116174,0.060507291666666664,1736,918644.5,4724.366986632347,1.4619238476953909,0.6309016250458422,0.8533028353807213,1387.563720703125,926.6446533203125,0.7443216155952911,1081.5056657056684,1182.1618198874296,0.8401872523695878,0.931875294920077,0.9818201670118503
1323.jpg,5,10524,0.00548125,169,380991.0,7663.797899365425,0.879231473010064,0.3627197195662874,0.49941962398450584,896.717041015625,830.1566772460938,0.3780791346662005,696.4860424934546,113.72936210131333,0.8396755943545842,0.9936522816226666,0.9982510170992939
1327.jpg,6,17732,0.009235416666666666,218,417648.5,3122.67147064209,1.4638242894056848,0.4762555562397513,0.9783962583500149,1230.737548828125,457.4736328125,0.9283501409613385,729.2232758211463,166.4596622889306,0.8602014399721859,0.9895125236283557,0.9974401060762013
2385.jpg,16,323,0.00016822916666666668,12,60225.5,3871.331606864929,1.4365234375,0.03998230104945615,0.5704982167638408,1534.365234375,99.04784393310547,0.9979142814588309,276.914225350464,5.083255159474672,0.7677627640750269,0.9997925885773067,0.9999218273435322
1253.jpg,4,1569,0.0008171875,36,296368.0,2360.2682367563248,2.3482587064676617,0.7809680411501813,0.9937864872024438,956.972412109375,402.557373046875,0.9072196464758753,614.2861364169557,17.14751407129456,0.8386188355397385,0.9990507010139995,0.999736297572182
2674.jpg,20,2696,0.0014041666666666666,72,121786.0,3286.952767968178,1.1225165562913908,0.13217466426163607,0.905721276484981,1376.502685546875,123.65401458740234,0.995956931030983,393.78007973374747,36.53166041275797,0.7997928840050695,0.998314762401197,0.9994381991755181
2104.jpg,11,107166,0.055815625,1559,592086.5,3426.068437218666,1.8013986013986014,0.6429293532554402,0.9804509746775913,1215.1976318359375,657.0925903320312,0.8411968600742636,868.2556914318708,1182.1618198874298,0.8276153829813229,0.9363161349214666,0.9818201670118503
1263.jpg,4,1705,0.0008880208333333333,44,612625.0,3240.3556710481644,1.9921507064364208,0.7578681590839645,0.9961957153624315,1238.621826171875,638.3171997070312,0.8569829840504243,883.1864899857669,20.73968105065666,0.820368242734442,0.9989522406670595,0.9996810555616114
2142.jpg,12,22492,0.011714583333333334,403,867253.0,4196.918282389641,1.4312561819980218,0.5928244732954775,0.9782071208945897,1521.334716796875,771.9677734375,0.8616941826031883,1050.8191161613895,238.70966228893062,0.841553697349908,0.9864955242861412,0.9963290120522725
1121.jpg,1,23173,0.012069270833333333,553,533764.5,3802.994402885437,1.5404494382022471,0.4374437587588818,0.9530734556388722,1470.2974853515625,492.78924560546875,0.9421601751095644,824.3846608081641,301.8775797373358,0.8054439344832053,0.9856556849103774,0.9953575865078993
2429.jpg,17,90839,0.047311979166666664,1535,870926.5,4307.303055167198,1.4281636536631779,0.5520750200785902,0.8700121172647547,1368.809814453125,893.8285522460938,0.757360588664519,1053.0422880197113,1035.6962945590994,0.8234197143012855,0.9455820112985031,0.9840725818202087
2216.jpg,13,79299,0.0413015625,1265,823269.0,3952.2664781808853,1.5422222222222222,0.6590369836695485,0.9820421352854835,1296.59228515625,823.1041259765625,0.7726591651085885,1023.8254962417046,824.9106472795497,0.8399011422920832,0.9530141681086011,0.9873141413084067
2384.jpg,16,613,0.00031927083333333335,16,65536.5,3740.6209350824356,1.328793774319066,0.046670175068791266,0.8066328602902261,2173.864501953125,51.0307502746582,0.9997244319818879,288.8661687071298,8.810975609756097,0.7878604495309398,0.9996128151057352,0.9998645007287892
2577.jpg,19,41597,0.021665104166666668,479,398516.5,4429.189488530159,1.4382775119617226,0.25372954250987656,0.9792510575350679,1809.0806884765625,293.28900146484375,0.9867709739360311,712.3250431014275,403.33935272045034,0.8537666563655972,0.9754067159026794,0.9937972602848023
3326.jpg,26,11671,0.0060786458333333335,232,517788.0,3970.4674907922745,1.1929092805005215,0.47196234422511796,0.7423350836006524,1009.261962890625,802.7728881835938,0.6060771438376225,811.9532975420018,145.31332082551594,0.8151726011192919,0.9928138604918433,0.9977653043271073
1533.jpg,8,34959,0.0182078125,184,442830.5,3743.303058385849,1.7813267813267812,0.37518469880538846,0.9572612713101881,1521.8887939453125,414.7214050292969,0.9621545341322838,750.8856798573565,239.11632270168855,0.8972090119983169,0.9800824984014718,0.9963227582397551
3319.jpg,26,34387,0.017909895833333335,503,469473.0,4305.850180149078,1.076007326007326,0.365889642272621,0.6221419744701716,1023.41064453125,915.1861572265625,0.44756548207473396,773.1439638162165,376.5675422138837,0.8354789143926985,0.9793071816229938,0.994208969608866
3423.jpg,28,58787,0.030618229166666667,945,812758.5,4028.3081134557724,1.59010989010989,0.617236495363655,0.9938614184647799,1520.960693359375,710.64306640625,0.8841342092089648,1017.2690217045016,639.1346153846154,0.8345205285908422,0.9648160930127361,0.9901710913267829
1546.jpg,8,28343,0.014761979166666666,170,406217.5,3286.4317905902863,3.2036199095022626,0.649042455965437,0.9614592628183128,1254.0150146484375,417.4172668457031,0.9429746157215573,719.1746552566045,173.03400562851783,0.9085743820598314,0.9839918688622175,0.9973390027738364
3171.jpg,23,14877,0.0077484375,394,527559.0,4150.648290872574,1.3075471698113208,0.359088867107735,0.9556241475065075,1587.595703125,446.1345520019531,0.9597040499630439,819.5785386288112,200.48358348968105,0.7996159563839063,0.9907270003358671,0.9969168704289103
2647.jpg,20,27470,0.014307291666666666,293,227871.0,4047.123461842537,1.4974146845915202,0.16273989155958796,0.9011906009558819,1898.9991455078125,188.11276245117188,0.9950815719067927,538.6412240985146,258.70379924953096,0.8590302599189655,0.9837757525086858,0.9960215329368325
1254.jpg,4,705,0.0003671875,28,287394.0,2303.7585711479187,2.4010416666666665,0.8117373915401301,0.9950936771798858,943.8724365234375,401.0216979980469,0.9052550630448867,604.9143788335812,10.437617260787993,0.7814799956938657,0.9995523720622158,0.9998394854787195
1173.jpg,3,101045,0.05262760416666667,1890,911073.0,3825.8644626140594,1.0902394106813997,0.7085518702404061,0.9744789335284274,1128.4324951171875,1062.6141357421875,0.33652997454866235,1077.039540472168,1209.8825046904317,0.8135157820361274,0.9391299187708838,0.9813938654585791
1103.jpg,1,44956,0.023414583333333332,664,787894.5,4533.577218174934,1.42594385285576,0.517803522455506,0.9596549895038906,1583.8326416015625,645.951416015625,0.9130530992175478,1001.5879564368466,467.65947467166984,0.8428343237606785,0.9731901838353024,0.9928081156049631
2099.jpg,11,65895,0.0343203125,1243,562531.5,3803.6664172410965,2.4892205638474296,0.621511032446031,0.9699621692829752,1441.512451171875,545.8444213867188,0.9255354734909582,846.3080709524093,711.3846153846154,0.835051672537684,0.9606532565669466,0.989059997302854
3193.jpg,24,153007,0.07969114583333334,1252,564063.0,4246.790429234505,1.4154863078375826,0.3553284814994699,0.9728520093445452,1642.6678466796875,465.8299560546875,0.9589481848437442,847.4593307775601,1420.6003752345218,0.851142782331068,0.9120666556323778,0.9781533482724676
1037.jpg,0,8334,0.004340625,151,314751.5,4068.9396990537643,1.4429400386847195,0.2040226793057493,0.9441619721267316,1976.440185546875,247.5603485107422,0.9921244962253842,633.0513854062003,95.36186679174484,0.8304370365879928,0.9949304795707055,0.9985334809646642
1120.jpg,1,58890,0.030671875,1205,630191.5,4207.410703539848,1.4758478931140802,0.451029824767325,0.9526049228662277,1541.096923828125,553.46142578125,0.9332857261179306,895.759308383658,741.1386022514072,0.8084355075074666,0.9639678045492771,0.9886024266869959
2592.jpg,19,42174,0.021965625,528,381670.5,4307.875777482986,1.4393939393939394,0.23778315639952152,0.9785507253808298,1798.516845703125,293.96917724609375,0.9865514719957725,697.1068595694937,418.31801125703566,0.8503650287763951,0.9749952097346808,0.9935669115237439
2360.jpg,16,0,0.0,0,59945.5,3849.4249732494354,1.3865877712031558,0.04204683506302939,0.7329196723315808,1817.427490234375,56.07149887084961,0.9995239599053933,276.2697615174735,0.0,1.0,1.0,1.0
2290.jpg,14,157653,0.0821109375,1367,802032.5,4449.743741154671,1.4093959731543624,0.5231067498907521,0.986918324743267,1602.3101806640625,639.8193969726562,0.9168157208443773,1010.534262240922,1484.0393996247656,0.8486798902978929,0.9093266624714081,0.9771777535197496
2272.jpg,14,153093,0.0797359375,1235,712547.5,4284.915317058563,1.4498031496062993,0.4761210315869376,0.9867801053464683,1580.7276611328125,579.7571411132812,0.9303132325409755,952.4933881671717,1416.7371013133209,0.8516237611499742,0.9120565029357743,0.978212759491383
2189.jpg,13,55141,0.028719270833333334,859,623148.5,3603.0288931131363,2.0638297872340425,0.6074904340620506,0.9580746213009337,1294.4149169921875,657.9592895507812,0.8611763349689572,890.7397557325032,567.4946060037523,0.8436601423696379,0.9672259459169172,0.9912728046319357
2652.jpg,20,25024,0.013033333333333333,294,245290.5,3739.861488342285,1.5016146393972012,0.18927393312267787,0.9783833911690798,1775.62060546875,195.07937622070312,0.993946467622419,558.8502165588383,239.5907598499062,0.856868972771886,0.9851833198954014,0.9963154621251513
1162.jpg,3,90158,0.046957291666666665,1939,984879.0,3965.6289620399475,1.241890639481001,0.6811717593681269,0.9748405791363435,1251.100830078125,1053.3912353515625,0.53952201334096,1119.8155605184375,1118.655018761726,0.8079066727496776,0.9452696303290098,0.9827968040666545
2667.jpg,20,14829,0.0077234375,164,195138.5,4161.837107419968,1.550640279394645,0.17054758483745677,0.8554428925887934,1789.786865234375,179.78883361816406,0.9949418400590558,498.4556699449837,142.46669793621015,0.8571467165189858,0.991199659252652,0.9978090810147293
3312.jpg,26,27300,0.01421875,375,498440.5,4969.150815606117,1.0513761467889908,0.3990269305282034,0.6162964016234579,993.7349243164062,938.8404541015625,0.32776454030839425,796.6392880705589,293.26993433395876,0.8392142290698993,0.9835953424389113,0.9954899588728515
2042.jpg,10,119844,0.06241875,1598,1096601.0,4317.105012893677,1.380859375,0.7573546068334512,0.9930942610053282,1488.6680908203125,947.045166015625,0.7715493673331386,1181.6242033726814,1180.2640712945592,0.8450143772216695,0.930088655114322,0.9818493514702648
3346.jpg,27,75241,0.03918802083333333,1374,880040.0,4687.4624408483505,1.4781725888324873,0.613627489262007,0.8535989198584643,1369.9127197265625,896.9126586914062,0.7558693464975668,1058.53754253155,836.7715759849906,0.8292171005659001,0.9549593317392127,0.9871317384433151
3078.jpg,22,3495,0.0018203125,46,885149.5,4199.077666044235,1.3912630579297245,0.5737869049586911,0.9850854319899482,1597.716796875,712.710205078125,0.8949928741461521,1061.6060222147182,34.29502814258912,0.8549575576623779,0.9979161281145716,0.9994725951443639
1147.jpg,3,123997,0.06458177083333333,2129,880008.0,3749.982213139534,1.1030927835051547,0.700721975954307,0.9756024012904442,1134.496337890625,1036.484130859375,0.40659772485796886,1058.5182970942453,1459.4364446529082,0.8143451558174696,0.9258332654565271,0.9775561091770536
3274.jpg,25,4809,0.0025046875,129,388624.5,3556.342600941658,1.5918367346938775,0.35183711493647235,0.9895739701924277,1445.122802734375,350.4380798339844,0.9701521321437109,703.4288034001239,64.45567542213884,0.8017489216052234,0.9970003976116599,0.9990087707159884
3571.jpg,31,128298,0.066821875,1813,693122.5,4396.675642848015,1.3456439393939394,0.46190429541722644,0.9133282162610893,1537.68408203125,640.6854248046875,0.9090641943358962,939.4205535039661,1403.452861163227,0.8270374034016983,0.9241735370416782,0.9784170507002856
3394.jpg,28,58297,0.030363020833333334,655,727566.0,4162.187407255173,1.3291024478694469,0.4499486084707588,0.9940383602519095,1647.0860595703125,569.97021484375,0.9382169487991412,962.4789881367715,540.9261257035647,0.8588078863457517,0.9658325809397952,0.9916813870497405
3197.jpg,24,109913,0.057246354166666666,1296,559891.5,4167.636102557182,1.4903553299492385,0.38720556300917025,0.9819892819653413,1619.0419921875,456.0632629394531,0.9595063162633711,844.3198437565514,1101.9141651031894,0.843095163885604,0.9355957133910805,0.983054252681955
2079.jpg,11,152880,0.079625,1018,565887.0,3477.7282551527023,2.2718446601941746,0.6521899980637845,0.9877156695902605,1376.5872802734375,564.4385375976562,0.912073193816863,848.8284315758674,1321.9174484052535,0.8613781473448309,0.9129241281949284,0.979670940110029
2584.jpg,19,68329,0.03558802083333333,1018,465664.5,4166.880826592445,1.4140186915887851,0.2876407582879839,0.9902024785655961,1712.0255126953125,348.8043212890625,0.9790254881878124,770.0015947901194,736.0553470919324,0.8351943156942265,0.9592310395401639,0.9886805993434636
2557.jpg,19,33686,0.017544791666666667,605,452900.5,3975.7193573713303,1.5323076923076924,0.3109192324854975,0.9897939224665926,1672.4755859375,354.0844421386719,0.9773319304302551,759.3752869499557,371.1454033771107,0.8345350218970418,0.9797090006166318,0.994292353775765
1144.jpg,3,84116,0.043810416666666664,1834,809451.5,3667.9060895442963,1.0150943396226415,0.709696552570667,0.9640499192209963,1064.896240234375,1002.3350219726562,0.33770682437687255,1015.1973499498482,1068.703564727955,0.8039501857453656,0.9486847335234586,0.9835649807042114
1163.jpg,3,107949,0.0562234375,1863,824442.5,3696.0583307743073,1.1320939334637965,0.6972300825232948,0.9653283047676142,1097.104736328125,990.7770385742188,0.4294652876956915,1024.5549245210427,1228.3177767354598,0.8221071637321097,0.9355638727505393,0.9811103592911228
2221.jpg,13,117041,0.060958854166666666,1590,799793.5,4148.509127020836,1.6196388261851016,0.6290602559363226,0.9557219206605744,1403.984375,770.0266723632812,0.8361780062583921,1009.122743684901,1244.5841932457788,0.8329145548042178,0.9309530403387304,0.9808602067904257
3340.jpg,27,55557,0.0289359375,1121,670041.5,4503.043169736862,1.3640256959314776,0.5630998322570668,0.8352491973690034,1157.7266845703125,822.4859008789062,0.7037660108904995,923.64675846,661.2298311444653,0.8191605336741444,0.9662831648586243,0.9898313008466695
3199.jpg,24,122295,0.0636953125,1179,498619.5,4463.331621289253,1.455672068636797,0.31128251997879913,0.9627819951746929,1731.8709716796875,395.3287048339844,0.9735986093718554,796.7823198189544,1191.5827861163227,0.8464548326550536,0.9287975315587624,0.9816752870218632
2146.jpg,12,31375,0.016341145833333334,584,855598.0,4323.7366045713425,1.5347871235721704,0.6011308818714634,0.9720528472603293,1519.8131103515625,769.7901000976562,0.8622381211170874,1043.734261196937,339.0192307692308,0.8379235336492883,0.9811449997963538,0.9947864049646414
3604.jpg,31,146010,0.076046875,1980,740334.0,4523.476717829704,1.3948339483394834,0.45169639196391964,0.927821718026837,1605.7772216796875,644.1699829101562,0.916008982918299,970.8874935397829,1563.6770637898687,0.8289763248759201,0.914288143941504,0.9759530485684208
2044.jpg,10,52180,0.027177083333333334,858,982053.5,4463.278671979904,1.484599589322382,0.6972811068415029,0.98204613465399,1433.1102294921875,881.544189453125,0.7884283700366688,1118.2080983634366,564.5802063789869,0.8358976797340594,0.9687537110866475,0.9913176236216439
3469.jpg,29,95465,0.04972135416666667,1135,1025691.0,4625.476716518402,1.1943462897526502,0.6701830294603467,0.9442173201004891,1267.288330078125,1115.4696044921875,0.47459941362755675,1142.7818435199931,915.1214821763602,0.8511608545234715,0.9442300537282048,0.9859268372316248
1174.jpg,3,46851,0.0244015625,1223,771799.0,3556.2908697128296,1.0057692307692307,0.7094784159435211,0.96966982435862,1043.247314453125,968.0140991210938,0.3728651528036374,991.304699568732,612.9050187617262,0.8021530483926401,0.9710931352037276,0.9905744622341568
3054.jpg,21,31412,0.016360416666666665,387,536434.0,5210.4573875665665,1.7100271002710028,0.5759709498838254,0.8867630406572607,1155.4088134765625,677.954833984375,0.8097564026056943,826.4435745654159,285.9500469043152,0.863452907568391,0.9815378229284707,0.9956025274981651
2443.jpg,17,34537,0.017988020833333333,868,814965.0,4108.810636997223,1.4447983014861996,0.6356673858206545,0.9130508579965684,1423.249755859375,806.5709228515625,0.8239168263651032,1018.6489412820748,439.125469043152,0.8089656087087783,0.9787450296532269,0.9932469247832689
1134.jpg,3,78000,0.040625,1718,824723.0,3752.3396348953247,1.0239410681399632,0.6829257588404415,0.9632650820597903,1079.207275390625,999.8644409179688,0.3763428993329225,1024.7292018151027,984.5926360225141,0.8058647327249021,0.9524135738105168,0.9848584775932316
2419.jpg,16,22,1.1458333333333333e-05,1,62494.0,3868.9813200235367,1.5,0.04373684269461614,0.7439894760025476,1860.54638671875,52.79424285888672,0.9995973297176693,282.0812508988842,0.3388836772983114,0.7727246669021068,0.9999859287514788,0.9999947884895688
3280.jpg,25,27620,0.014385416666666666,461,572918.0,4505.143677473068,1.4771033013844515,0.4398964060771211,0.9851848603734781,1553.652587890625,469.3740234375,0.9532730628215386,854.0853900463231,289.60999061913697,0.8430338298417168,0.9834589890604911,0.9955462431855082
2271.jpg,14,190919,0.09943697916666666,1907,971390.5,4449.469584822655,1.3990654205607476,0.6064406070708395,0.9894353267720044,1659.311767578125,759.2673950195312,0.8891686062348463,1112.1208558336016,1879.5166510318952,0.8387007824800342,0.8903554254699152,0.9710959208465555
3395.jpg,28,76532,0.03986041666666667,885,675027.0,3949.320305466652,1.7012987012987013,0.5530619150580036,0.9944738927896897,1500.0675048828125,580.4946899414062,0.9220885093125487,927.0766258319442,714.9767823639775,0.8564361386510287,0.9552677513673626,0.9890047552922834
1599.jpg,2,313,0.00016302083333333332,12,281742.5,3235.970895409584,3.5742857142857143,0.6434680826767157,0.9646122532127493,1153.4078369140625,316.18646240234375,0.9616919597360787,598.9371356265585,4.74437148217636,0.776321340390121,0.9998004054326776,0.9999270388539634
1229.jpg,4,1381,0.0007192708333333334,57,233764.5,2001.3149180412292,1.974293059125964,0.7824700755141388,0.9948886113067663,775.7904663085938,388.99151611328125,0.8652080014429402,545.5622838459811,22.366322701688556,0.760870616307179,0.9991084765989917,0.9996560403115416
3330.jpg,26,27406,0.014273958333333333,479,654760.5,4631.8026205301285,1.0933333333333333,0.47317831978319785,0.7089923915156168,1124.016357421875,955.5776977539062,0.526547482487721,913.0536462500806,320.2450750469044,0.8250943405494768,0.9833318531451475,0.9950751226425292
1578.jpg,2,3687,0.0019203125,93,407291.0,3530.0369095802307,2.6887550200803214,0.6107941849549056,0.9706626056658587,1272.244873046875,416.292236328125,0.9449513775488539,720.1242999751704,46.96927767354597,0.8116804522787334,0.9977186741950411,0.9992776846542376
3305.jpg,26,25256,0.013154166666666666,305,568732.0,4902.374124765396,1.1772039180765805,0.3830861521508063,0.6140166488798632,1121.426513671875,972.04541015625,0.4986669462035618,850.9595012433427,255.6538461538462,0.8486573187768406,0.9849393608734764,0.9960684365307132
1437.jpg,7,18650,0.009713541666666667,541,691823.5,5438.679816961288,1.1959145775301765,0.4987279912570575,0.6906814582088516,1151.7659912109375,953.8954467773438,0.5604289938865903,938.5398436811763,262.83818011257034,0.7900234516549738,0.9882934473281093,0.995957952509572
2048.jpg,10,37522,0.019542708333333332,653,688048.0,3619.874566078186,1.7838196286472148,0.6784613412481635,0.9763998759718084,1221.8609619140625,726.7255249023438,0.8038963536954185,935.9753855075139,386.4629455909944,0.8450049006423879,0.9776231150875395,0.9940567935042754
2313.jpg,15,44385,0.0231171875,976,758755.5,4472.783288002014,1.4073714839961202,0.5071959470073484,0.9377957047723104,1537.80224609375,666.7179565429688,0.9011283254493861,982.8924190293162,540.9939024390244,0.8159060746926003,0.9729112457048302,0.9916803447476544
2041.jpg,10,99919,0.05204114583333333,1453,1156992.0,4629.864459514618,1.2768014059753954,0.6997170873666627,0.9778540308233216,1535.5869140625,978.0694580078125,0.7709172901324721,1213.7248318058857,1037.5262664165102,0.8383797411184918,0.9410498058109099,0.9840444396638804
2525.jpg,18,9682,0.005042708333333333,260,1153045.0,4166.727378368378,1.3529971455756422,0.7715142366589451,0.9961344063750114,1399.352783203125,1052.1793212890625,0.6592723119183964,1211.6527930307245,124.5736397748593,0.8092004411807667,0.9940055769319567,0.9980842487654961
2650.jpg,20,13618,0.007092708333333334,159,202952.5,3454.7832828760147,1.5463071512309496,0.18038506559820533,0.981345241174892,1697.7420654296875,165.08384704589844,0.9952612261848719,508.3376325857285,125.04807692307693,0.8635491388842101,0.9919612251052631,0.9980769526508922
1304.jpg,5,11024,0.005741666666666667,232,528885.5,8837.60821056366,1.1757741347905282,0.3731067259816101,0.5000865176231197,1076.4451904296875,952.0072021484375,0.4667313560744484,820.6082702709185,131.41909005628517,0.8230946637776231,0.9932565282432934,0.997978976254786
1378.jpg,6,22862,0.011907291666666667,316,421109.5,3425.430920481682,1.5784919653893696,0.40762012713279444,0.9699296350465837,1324.2716064453125,437.8792419433594,0.9437511141162636,732.2385322172358,222.44324577861164,0.8547119365963313,0.9864305650399242,0.9965791645529694
2458.jpg,17,39173,0.020402604166666668,854,889246.0,4278.418723344803,1.7592592592592593,0.6771183601364522,0.9274654604259633,1507.244873046875,810.4304809570312,0.8431426181150612,1064.0597596928305,492.8046435272045,0.8105191400682541,0.9759516321099374,0.992421421530969
3329.jpg,26,36770,0.019151041666666667,697,656436.0,4235.628958702087,1.1101851851851852,0.5069317023445464,0.7594035237907937,1095.7802734375,939.5227661132812,0.5146494449484917,914.2211295894289,436.54995309568477,0.8214076560763967,0.9776195100892193,0.993286532262546
3429.jpg,28,65952,0.03435,741,765383.5,4088.5234035253525,1.4109720885466794,0.5024924926502159,0.9957613529844538,1610.9735107421875,615.1611328125,0.9242215163373262,987.1760426022329,612.0239212007505,0.8582086632255722,0.9614032914849898,0.9905880121612778
3603.jpg,31,119718,0.062353125,1954,758387.5,4650.641151070595,1.447846889952153,0.4796626999813419,0.928341822463941,1571.8363037109375,661.2882080078125,0.90719489845485,982.654036389633,1370.377814258912,0.8198729358120423,0.9286392319929336,0.9789256941183695
1338.jpg,6,13242,0.006896875,187,472593.5,3502.117206096649,1.6083231334149326,0.4402205604272974,0.9356323227203794,1341.6007080078125,492.1858215332031,0.9302743452202042,775.7091805469348,133.45239212007505,0.8502731560417274,0.9920911066927963,0.9979477071921989
3081.jpg,22,5148,0.00268125,38,772359.5,3830.033944129944,1.5889014722536807,0.6234492662140422,0.9869267516025303,1451.9931640625,690.8093872070312,0.8795717402172144,991.6645895421889,38.63273921200751,0.8889795294784288,0.997022955697875,0.9994058878108447
1391.jpg,7,16296,0.0084875,380,691830.5,5443.591502547264,1.149853085210578,0.5771728121709852,0.7379068814942649,1103.1494140625,915.0755004882812,0.5584891287637911,938.5445918302977,215.3266885553471,0.8033742781167021,0.9898778513424749,0.9966886062720243
1346.jpg,6,24101,0.012552604166666667,360,562142.0,3624.786250948906,1.3951965065502183,0.4801972924397428,0.9760968765844544,1375.029296875,544.937744140625,0.9181167959782375,846.015025963791,247.3850844277674,0.8466275745447103,0.9855986170513382,0.9961955973852341
2540.jpg,18,8690,0.004526041666666667,210,931934.0,3818.016701102257,1.4820457018498367,0.744547719141824,0.9933297235533878,1329.080322265625,897.9326782226562,0.7372642181839764,1089.300335941938,104.37617260787992,0.8219785738365258,0.994676170226256,0.9983948547871947
1416.jpg,7,19197,0.0099984375,284,663129.0,5773.765164375305,1.1904315196998123,0.49020664511064094,0.6696835275256574,1117.4932861328125,928.8837890625,0.5559422582853831,918.8699941018227,208.21013133208254,0.8383578160823688,0.9884326271220766,0.9967980479910793
1011.jpg,0,15192,0.0079125,252,334497.5,3669.4796845912933,1.800751879699248,0.2916978423790862,0.957192158119597,1583.6326904296875,307.5247802734375,0.9809640425725951,652.606653823764,158.7331144465291,0.8446096204322285,0.990886131275838,0.9975589285140324
3476.jpg,29,24504,0.0127625,199,763248.0,3782.3943362236023,1.0064935064935066,0.6525550815215068,0.9523956885342864,1048.9725341796875,1015.206298828125,0.2516812514581096,985.797918459977,226.984287054409,0.8615604970554068,0.9855489176479337,0.9965093303131916
3567.jpg,31,124241,0.06470885416666666,1612,574742.0,4149.237042546272,1.4866310160427807,0.44222829223252413,0.9215164869170095,1457.3409423828125,561.9501342773438,0.922666202973859,855.4438861901913,1314.3264540337711,0.833110262065524,0.9268668848185397,0.9797876779436876
1274.jpg,5,20303,0.010574479166666666,389,505881.0,8452.571633219719,1.1446654611211573,0.361292990409914,0.49247988364616246,1012.9401245117188,973.6354370117188,0.2758614047483383,802.5632025766998,234.37195121951223,0.8278589019508998,0.9876590451804689,0.9963957193857917
3342.jpg,27,68629,0.035744270833333334,1248,802386.0,4623.829971909523,1.6120689655172413,0.5779679720634335,0.8579135998357704,1362.96142578125,804.5389404296875,0.8071931610025228,1010.7569368259949,758.7605534709193,0.830825747010481,0.9589017996803637,0.9883314281445742
2356.jpg,16,34,1.7708333333333335e-05,2,54959.0,3511.535581946373,1.3941684665226781,0.04597286748431156,0.8547610715813212,1798.0721435546875,44.53262710571289,0.9996932539173866,264.5297188202108,0.6777673545966229,0.7058771412582513,0.999977069106845,0.9999895769791376
1158.jpg,3,33535,0.017466145833333332,898,790183.5,3621.906095266342,0.994269340974212,0.7249875450374199,0.971385808767487,1035.3082275390625,985.5478515625,0.30629496219365515,1003.0418135836798,445.49648217636025,0.8005093127509946,0.979210160924409,0.9931489483871627
2077.jpg,11,102704,0.053491666666666667,1788,684552.0,5045.202555894852,2.150429799426934,0.6533867583979353,0.9800265854072313,1412.264892578125,657.3402709960938,0.8850735891329262,933.5944927148752,1173.4186210131334,0.8218950956031384,0.938594496712126,0.9819546239809749
2622.jpg,20,20568,0.0107125,206,230182.0,3343.0604187250137,1.5875,0.22655708661417323,0.9834526072931576,1576.3447265625,201.7818603515625,0.9917733707509905,541.3657034632221,178.59169793621012,0.8705002364836419,0.9879536621469763,0.997253534002765
2431.jpg,17,8781,0.0045734375,263,906277.5,4471.372040748596,1.8409638554216867,0.714594635084842,0.9356716240701642,1543.9642333984375,799.7888793945312,0.8553745741737164,1074.20126210302,119.55816135084427,0.7981881674608211,0.9945119512122068,0.9981613791198775
1091.jpg,1,21551,0.011224479166666667,449,511551.5,3534.151696920395,1.9467625899280576,0.544009847554329,0.9739867939544643,1374.5216064453125,484.3818664550781,0.9358493511543465,807.0486967764643,254.56941838649158,0.8237360355341977,0.9868584880280901,0.9960851133640929
2617.jpg,20,25310,0.013182291666666667,410,268423.5,4010.547782063484,1.3394495412844036,0.20823616754872254,0.9739145105637252,1668.113037109375,219.25352478027344,0.9913243863699301,584.6087708341528,283.64563789868663,0.8324401313983293,0.9846947931102042,0.9956379657690971
3287.jpg,26,25036,0.013039583333333334,350,503402.0,4725.771095752716,1.215443279313632,0.37638236228714556,0.5971415845066455,1047.285400390625,919.2882690429688,0.47906029647124043,800.5943625199783,272.3946998123827,0.8373489329920604,0.9849230845396687,0.9958109879154126
1389.jpg,7,22303,0.011616145833333332,495,742127.5,6073.5469073057175,1.263849765258216,0.5177067855373948,0.7054950236447578,1176.216796875,956.5843505859375,0.5818835171765351,972.0627964465282,285.5433864915572,0.8088801814192031,0.9862308977040004,0.9956087813106825
3098.jpg,22,2221,0.0011567708333333334,52,826249.5,3947.631924390793,1.4,0.6145129261617184,0.9889104324877471,1507.2764892578125,716.5548095703125,0.8797713547415993,1025.6771115793001,28.05956848030019,0.8133814687331331,0.9986272365406903,0.9995684869362979
2280.jpg,14,164748,0.08580625,1569,916377.0,4369.736603856087,1.435700575815739,0.5878612961499379,0.9875433219532381,1610.0135498046875,739.1412963867188,0.8883897070759504,1080.1700950710374,1549.5117260787993,0.84819666422913,0.9054073069319898,0.9761708897044444
1490.jpg,9,28591,0.014891145833333333,485,677374.0,4837.275710940361,2.0489130434782608,0.6103084275170108,0.9409135295890743,1371.4349365234375,659.233154296875,0.8768913613142297,928.6869027694081,314.28072232645405,0.8353629280970547,0.9827681624351978,0.995166845226118
1066.jpg,1,33032,0.017204166666666666,582,778530.5,4382.876653432846,1.6032608695652173,0.5737144436256448,0.9686540404417436,1505.06640625,667.4170532226562,0.8963006384357467,995.6183100879767,357.45450281425894,0.8375399047378802,0.9801509519830154,0.9945028987971848
3514.jpg,30,50115,0.0261015625,970,853210.0,4328.144556045532,1.0513059701492538,0.7062154842469109,0.8720675895565713,1145.1234130859375,1050.7843017578125,0.39746659871806483,1042.276696450366,590.6064727954972,0.8214567519436592,0.9696021101828772,0.9909173796205288
3233.jpg,25,43703,0.022761979166666668,901,627314.5,3992.2980107069016,1.5541535226077814,0.44630358471746145,0.9931920498975245,1617.7264404296875,502.5873718261719,0.9505161564840853,893.712273825176,516.6620544090056,0.8215072254684375,0.9734488300349451,0.9920545311966136
2362.jpg,16,0,0.0,0,65882.0,3741.1823295354843,1.4040609137055837,0.04836245783645499,0.8137297283944518,1931.4720458984375,52.8225212097168,0.9996259646656925,289.62660044657844,0.0,1.0,1.0,1.0
2219.jpg,13,81584,0.042491666666666664,1285,971414.5,4259.646206617355,1.6746203904555315,0.6823801181257235,0.9800660329054731,1419.6011962890625,893.52880859375,0.7770633356898569,1112.134594250685,859.3412288930581,0.8376884227274619,0.9515977195432682,0.9867846518485981
3083.jpg,22,2701,0.0014067708333333334,36,868434.0,4020.3354634046555,1.435633367662204,0.6415859051666182,0.9892135069515043,1509.615966796875,747.9010009765625,0.8686509025953814,1051.534360252929,27.924015009380863,0.8472488820533083,0.998378390732424,0.9995705715404702
2250.jpg,14,213384,0.1111375,1681,921406.5,4431.954862356186,1.3782569631626236,0.5396730707731667,0.984747423793228,1722.5408935546875,698.730224609375,0.9140332518341225,1083.1302749789702,1993.3815666041276,0.844923026803102,0.8789790303050407,0.9693448533416767
2086.jpg,11,152445,0.0793984375,1383,749170.5,3937.1466448307037,2.0843537414965985,0.6653261043320723,0.9886150398918974,1452.69970703125,688.6284790039062,0.8805067526133106,976.6644799259437,1447.9143996247656,0.8477698155375682,0.912116545711295,0.977733300531714
2497.jpg,18,4584,0.0023875,116,1040334.0,4063.0949095487595,1.5165289256198347,0.7321016393811787,0.9929139205265336,1405.4940185546875,941.7105102539062,0.7423421429671889,1150.9102434736214,54.56027204502815,0.8239686420525079,0.9971935951879073,0.9991609468205791
3393.jpg,28,123163,0.06414739583333333,1606,871399.5,4368.61676800251,1.4132310642377757,0.566807403755215,0.9912979822512739,1633.05859375,695.1844482421875,0.9048668360938229,1053.3282027281186,1212.6613508442776,0.8447649468391878,0.9282045479777431,0.9813511310730434
1332.jpg,6,11419,0.005947395833333333,116,354291.0,2960.664329648018,1.6274217585692996,0.4835205777828729,0.9776295674920943,1145.425537109375,411.53973388671875,0.933226031556689,671.63778299301,94.61632270168856,0.8770157199984477,0.9933356140512614,0.9985449462876128
1088.jpg,1,48661,0.025344270833333335,840,734197.5,4440.523397445679,1.3449905482041589,0.4876658381677199,0.9675955853136361,1577.055419921875,605.68798828125,0.9233070601836697,966.8553618022163,544.3827392120076,0.8306448168362319,0.9707029510814418,0.9916282296433425
2237.jpg,14,238750,0.12434895833333333,1375,795694.0,3834.0167021751404,1.5659526493799323,0.645832978232091,0.9923277038234274,1450.0345458984375,708.609619140625,0.8724604956676614,1006.5331918563345,2069.9692776735465,0.8539009555156907,0.8667701540291493,0.9681670519842287
3093.jpg,22,2491,0.0012973958333333333,49,1005552.0,4330.6340144872665,1.445703493862134,0.6202023155078333,0.9898626765762661,1647.4765625,795.4164428710938,0.8757257046814904,1131.5072119467611,27.991791744840526,0.8339876127940894,0.9984871877932793,0.9995695292383839
3569.jpg,31,167279,0.08712447916666667,1695,679832.5,4382.0137330293655,1.4077946768060836,0.4363461257037815,0.9212502820330227,1585.6142578125,610.7701416015625,0.9228353458360136,930.3706910668282,1643.0436210131336,0.8412398924633714,0.9034450741364677,0.9747325128254372
1155.jpg,3,74920,0.03902083333333333,1655,928747.5,3864.5923805236816,1.0729455216989843,0.738011404541792,0.9700457424146919,1110.263427734375,1106.5634765625,0.08157138830333928,1087.436455188955,922.4413696060037,0.8109583877197788,0.9544495164249018,0.9858142686063113
3450.jpg,29,42048,0.0219,506,842152.0,3893.448160290718,0.9094942324755989,0.7290254723310321,0.980731864247887,1145.3558349609375,1010.9326782226562,0.4700564831926822,1035.5004727559551,413.9125234521576,0.8515071991616876,0.9750938980854296,0.9936346611593493
3107.jpg,22,9766,0.0050864583333333335,29,1006228.5,4239.916193842888,1.3794089609151572,0.6629069841748781,0.9836858629223402,1533.3126220703125,872.489501953125,0.8223218987026307,1131.887767068602,68.92893996247655,0.895330468687017,0.9943910781467332,0.9989399787782967
1438.jpg,9,27235,0.014184895833333334,427,390334.5,3486.4115884304047,1.9585585585585585,0.6470150923692782,0.9353911077401985,1042.6654052734375,509.21319580078125,0.8726330697038244,704.9746953433346,294.422138836773,0.8382028463544416,0.9836198775514277,0.9954722397373854
3425.jpg,28,67139,0.03496822916666667,1191,762779.0,3998.5162653923035,1.5353319057815846,0.5695117653558874,0.9915421517759011,1512.4283447265625,668.6033935546875,0.896979187411055,985.4949957729581,769.1981707317074,0.8248335381039062,0.9595723428970107,0.9881709136232937
1308.jpg,5,14483,0.007543229166666667,270,500509.0,8922.762537002563,1.158371040723982,0.353866657239819,0.49321921992944284,1011.4642333984375,955.125,0.32908778687819856,798.290580738525,166.18855534709192,0.8294104590428959,0.9911956505355927,0.9974442752845463
3043.jpg,21,55567,0.028941145833333334,1009,942232.5,6207.36018037796,1.4740957966764419,0.6107747925044922,0.9415776327564179,1530.6971435546875,809.3219604492188,0.848791513172582,1095.3025515055986,617.9882739212007,0.8310161580391645,0.9666153587509756,0.990496289577689
2113.jpg,11,125202,0.065209375,1784,777190.0,4050.8106404542923,1.3330106485963213,0.5463776704974055,0.9756633390913108,1499.45849609375,714.556884765625,0.8791510068647144,994.7607962584377,1386.6442307692307,0.825185386346625,0.9258211562166744,0.9786755416176725
1414.jpg,7,10844,0.0056479166666666665,217,669292.5,5229.022964596748,1.015412511332729,0.5417793193886802,0.7152945212506733,1050.4443359375,1001.3461303710938,0.30215255433746047,923.1303689049878,134.74015009380864,0.8156308617101746,0.9933242901519066,0.9979279034525604
3170.jpg,23,10351,0.005391145833333334,282,384186.0,3621.746706724167,1.1616161616161615,0.33744927536231883,0.9335087674538118,1473.94384765625,412.2120666503906,0.960097336523411,699.4003200840154,135.75680112570356,0.8054425829919475,0.9935722230378985,0.9979122689212668
3621.jpg,31,49086,0.025565625,930,925000.5,4748.308110952377,1.318592057761733,0.5714154663859629,0.9249163326137322,1620.2454833984375,776.4010009765625,0.8777126896426343,1085.2406256217087,563.6313320825516,0.8261353192398558,0.9703364500146289,0.9913322158508512
2372.jpg,16,124,6.458333333333334e-05,7,55052.5,3485.4939501285553,1.4983089064261557,0.046701243528502585,0.7874542281725598,1707.3465576171875,48.21327209472656,0.9996012079824764,264.7546411992291,2.37218574108818,0.7177236937380002,0.9999171371183523,0.9999635194269818
1257.jpg,4,320,0.00016666666666666666,6,239653.5,2115.089523077011,2.276536312849162,0.8213781403160023,0.9922040768165474,831.16845703125,378.68597412109375,0.890181146299547,552.3914492768587,3.2532833020637897,0.8499749801926526,0.9998082241418568,0.9999499694998607
1222.jpg,4,1480,0.0007708333333333333,33,421414.0,2772.6601510047913,2.1342685370741483,0.7929737409090482,0.9944532871441567,1083.9224853515625,504.47747802734375,0.8850907891655475,732.5032214980517,17.689727954971858,0.8235125211373309,0.9990928825811646,0.9997279591554922
3120.jpg,23,17319,0.0090203125,251,583980.0,4195.643237709999,1.3905447070914696,0.44359570943182103,0.9613148076358007,1609.9364013671875,516.2571411132812,0.9471912241352061,862.2913830802441,184.42049718574108,0.8414583224717214,0.9895872495035082,0.9971638960233485
1529.jpg,8,53021,0.027615104166666668,391,597864.5,3592.1172091960907,1.7918848167539267,0.571618084052639,0.985515571955233,1366.08642578125,569.9951171875,0.9087932395067936,872.481933218858,398.3238742964353,0.8860072356789195,0.9696257876666328,0.9938743906391838
2509.jpg,18,11401,0.005938020833333333,318,1023668.5,4001.916198015213,1.5698924731182795,0.7539169980851377,0.9966915482103642,1445.885498046875,904.7296142578125,0.7800421173464381,1141.6545952693953,146.73663227016888,0.808969323262311,0.9929429053017593,0.9977434159832965
3376.jpg,27,124065,0.0646171875,1905,1028653.0,5254.364025115967,1.411492122335496,0.6259613939367754,0.8085623329665147,1531.5809326171875,943.6445922851562,0.7876487513295787,1144.4307219794737,1276.7103658536585,0.8376725989533167,0.9272525904252318,0.9803661556015493
3123.jpg,23,23666,0.012326041666666667,362,590191.5,4080.488912820816,1.335288367546432,0.4223442806662001,0.9654781778668056,1597.7115478515625,509.3280029296875,0.9478267322473453,866.865131820725,240.81074108818015,0.8479942089294329,0.9858737753146244,0.9962967006875991
3502.jpg,29,42508,0.022139583333333334,286,782942.0,3793.3648986816406,1.1049019607843138,0.6810915670616072,0.9511997181421681,1086.1689453125,1009.905029296875,0.36809970722056656,998.4351334133017,374.39868667917455,0.8671038863174498,0.9751666918997693,0.9942423232756257
2026.jpg,10,106437,0.0554359375,1536,962876.0,4108.231991291046,1.4101239669421488,0.728722792359156,0.9899689759492922,1303.808837890625,951.3414916992188,0.683806575198536,1107.2361084594443,1103.8796904315197,0.8379932933066812,0.9372964955413641,0.9830240259214542
2239.jpg,14,196222,0.10219895833333334,1598,876925.0,4100.266490697861,1.5300207039337475,0.6142015257594478,0.9919724803073229,1598.068603515625,720.8829956054688,0.8924752304686461,1056.6624758014655,1770.938320825516,0.8516710561530757,0.8887612983584671,0.9727656887887074
3144.jpg,23,31031,0.016161979166666667,414,445632.5,4203.213871836662,1.358249772105743,0.2726364765406569,0.9374089558518051,1810.118896484375,399.41680908203125,0.9753512936952672,753.2575399019863,307.77415572232644,0.85125698157256,0.9815641271151636,0.9952669062263967
1125.jpg,3,62716,0.03266458333333333,1399,864317.5,3812.6411480903625,1.0183823529411764,0.7169760531694628,0.9604408181861115,1101.6890869140625,1026.92626953125,0.3621032123266805,1049.0391890709489,786.8201219512196,0.8086411543254328,0.9616718476557531,0.9878999150808719
2065.jpg,11,136675,0.07118489583333333,1585,562827.0,3409.399393439293,1.9939577039274925,0.6440847294699259,0.9721177263070625,1252.430419921875,619.9918212890625,0.8688753408768186,846.5303262403878,1384.3398217636022,0.8390968561276796,0.9202457928583598,0.9787109798886046
3456.jpg,29,120217,0.06261302083333334,1787,879451.0,4114.918283343315,1.0430201931518877,0.6499373305782437,0.9442988338145464,1125.3658447265625,1109.8427734375,0.16552139108411282,1058.183250130564,1271.0848968105065,0.833571671561297,0.9291828184446494,0.980452666674707
2038.jpg,10,69603,0.0362515625,936,904825.0,4089.555801510811,1.5960044395116537,0.6983625055764033,0.9747837689197145,1337.5787353515625,866.7597045898438,0.7616348113244031,1073.3401003712634,674.5140712945591,0.8516358618352949,0.9590712302276296,0.9896270096377671
3142.jpg,23,31998,0.016665625,424,439247.5,4300.076788425446,1.4426070038910506,0.2881210791040351,0.89709629160646,1698.7996826171875,395.7795715332031,0.9724824825415188,747.8417525961347,315.02626641651034,0.8522774937725249,0.9810111429173456,0.9951553799031694
2424.jpg,17,11122,0.005792708333333334,346,562616.0,3819.472547650337,1.9150227617602429,0.6764992340601546,0.9228735226816046,1287.6436767578125,619.5133056640625,0.8766538179825615,846.3716321455477,163.5452626641651,0.7817777297152088,0.9929580781736956,0.9974849250659095
1129.jpg,3,85792,0.04468333333333333,1759,872681.5,3717.4208137989044,1.1355450236966824,0.6904726677163361,0.9752843382353763,1116.8819580078125,1025.4075927734375,0.39635241756945244,1054.1027444034091,1057.0459662288931,0.8097030693021267,0.9479366566209048,0.9837442566630441
1325.jpg,6,14428,0.007514583333333333,162,414671.5,3455.489787340164,1.7477124183006536,0.4054257654196059,0.9678704220223744,1349.5194091796875,412.34954833984375,0.952175107159348,726.6196748469223,122.4047842401501,0.8738783816848805,0.9915622171467395,0.9981176024322557
2438.jpg,17,27430,0.014286458333333333,677,858980.0,4250.384234786034,1.719954648526077,0.6419909207365654,0.9447563153865782,1520.341796875,795.832275390625,0.8520526104417697,1045.795058382191,354.3367729831145,0.8066416261819994,0.983055637138933,0.9945508446931518
3167.jpg,23,35572,0.018527083333333333,608,532488.5,4422.537681221962,1.3772011121408712,0.33210084358554415,0.9430792867864212,1717.2923583984375,459.2937316894531,0.9635711108719301,823.3986976651771,403.8137898686679,0.8293449979522745,0.9784878430342414,0.9937899641701986
3184.jpg,24,127813,0.06656927083333333,1497,556425.5,4315.292951345444,1.5072916666666667,0.4005597068647777,0.9549049472071941,1698.0242919921875,461.0616760253906,0.9624304513948736,841.7024119598537,1305.515478424015,0.8385404914750367,0.9251908879136242,0.9799231772148984
2072.jpg,11,93007,0.04844114583333333,1545,602622.5,3836.994403243065,1.7375690607734806,0.661646676738487,0.9758610526793073,1194.3280029296875,674.862548828125,0.8250523562771681,875.9468006375533,1068.6357879924954,0.8218394258623423,0.9442414597430312,0.9835660230062975
1352.jpg,6,16696,0.008695833333333333,237,409248.0,3514.4674932956696,1.4372881355932203,0.3635433322673489,0.9514905983899561,1352.195556640625,422.9294738769531,0.949828097357773,721.8522959745823,168.7640712945591,0.8495534053460172,0.9900304262236084,0.9974046678052693
1474.jpg,9,46542,0.024240625,614,429839.5,4035.0288928747177,2.3550724637681157,0.5989959587513936,0.9237989621649038,1198.6380615234375,492.65924072265625,0.9116281981809462,739.7895979866099,481.485928705441,0.8435693226667292,0.9722732728454473,0.9925954859793709
1285.jpg,5,7655,0.0039869791666666664,83,422818.0,7661.572507977486,1.0653536257833482,0.3180924294516374,0.4350713494869505,1025.31640625,956.598388671875,0.35993153147088935,733.7224255982858,76.18105065666043,0.8525797350352344,0.9954309085079861,0.9988284524550695
3071.jpg,22,337,0.00017552083333333333,9,822030.0,3993.957828402519,1.477627471383975,0.6023874778326567,0.9844028144270823,1538.843994140625,700.5860595703125,0.890354573130764,1023.0547898126697,4.202157598499062,0.8159914213348748,0.9997920688525003,0.9999353772706534
2052.jpg,11,111761,0.058208854166666664,1169,429755.5,3211.3434801101685,2.4075471698113207,0.6354697758324954,0.9884003873053986,1246.305419921875,476.74810791015625,0.9239434382211781,739.7173089548685,1060.5703564727955,0.8513274664141072,0.9350135473239037,0.9836900569545598
2306.jpg,15,99850,0.05200520833333333,1618,764480.5,4466.239133358002,1.5340909090909092,0.5318199209728135,0.9591717412892877,1561.2633056640625,638.26220703125,0.9126188992788735,986.5935352407847,1079.81894934334,0.8316817616264689,0.940749669849801,0.9833940431620685
2329.jpg,15,116013,0.0604234375,1730,805470.5,4517.979244828224,1.4507317073170731,0.5284632670133023,0.9703680546269157,1600.280029296875,656.2040405273438,0.9120604559341995,1012.6978289290463,1246.0752814258913,0.8313282818317062,0.9314466548530206,0.9808372761445284
2339.jpg,15,88954,0.04633020833333333,1532,882934.0,4866.648290395737,1.4562920268972142,0.5594719406699972,0.962349485409724,1680.725830078125,679.5386352539062,0.9146208608335339,1060.2766073960117,988.7947936210131,0.8280210823968204,0.9468921992464552,0.984793854863885
3568.jpg,31,121930,0.06350520833333333,1790,648928.5,4381.753850698471,1.3580705009276437,0.41118476078956173,0.9052708892650804,1565.6995849609375,602.4107055664062,0.9230187477899725,908.9782329108173,1346.5204033771108,0.8260058006742235,0.9277430372334319,0.9792925844527249
2124.jpg,12,32387,0.016868229166666665,606,755946.5,3739.8228356838226,1.7765567765567765,0.6343722333413055,0.9760936961318905,1305.6826171875,763.9014282226562,0.8109906972657837,981.0713416995421,329.32715759849907,0.8473948792263017,0.980700390641671,0.9949354541629732
1282.jpg,5,27108,0.01411875,472,401881.0,7677.89126765728,1.0833333333333333,0.3326653223670269,0.4568285686517123,953.7254028320312,887.3464965820312,0.36654480640225745,715.3256471549946,318.75398686679176,0.8240226455896329,0.9834968354129539,0.9950980532884264
2255.jpg,14,133009,0.06927552083333334,1612,757669.5,4129.646209478378,1.38996138996139,0.5078758445945946,0.9840406775698659,1584.0892333984375,623.9230346679688,0.9191667492831238,982.1887645660167,1389.5586303939963,0.8343794277904996,0.9219867506689775,0.9786307226279642
3416.jpg,28,86565,0.0450859375,1048,935856.0,4411.760989189148,1.4193849021435228,0.572676555016311,0.9842790860572137,1696.6800537109375,738.8385620117188,0.9002074346130059,1091.590063795778,851.750234521576,0.8479670170657309,0.9491654595421888,0.9869013896822567
1359.jpg,6,32188,0.016764583333333333,410,562268.0,3935.0747007131577,1.3349146110056926,0.37914790374503193,0.9895626264412877,1632.1153564453125,463.9955749511719,0.9587380628988549,846.1098346781879,320.92284240150104,0.8503856989657937,0.9808678055461292,0.9950646996216668
2420.jpg,16,2879,0.0014994791666666668,41,72296.5,3781.165083169937,1.3887240356083086,0.05093297093791654,0.8605804140032616,2043.101318359375,52.05628967285156,0.9996753561961715,303.3986861308824,32.60060975609756,0.8326770458419989,0.9982497508092443,0.9994986526965198
3297.jpg,26,27386,0.014263541666666667,381,497618.5,4755.077661275864,1.019572953736655,0.38631857365554334,0.6087117405682851,1028.7802734375,932.263671875,0.4228847710417788,795.9821306987957,289.94887429643524,0.8415269972935635,0.983576803580562,0.9955410316750771
1591.jpg,2,608,0.00031666666666666665,27,342551.0,3966.4389317035675,4.119565217391305,0.614013923941723,0.9337491192036101,1339.03076171875,335.4833679199219,0.968105745835035,660.4161409963983,10.234287054409005,0.7515660168808085,0.9996044748441518,0.9998426123849782
3491.jpg,29,24873,0.0129546875,277,748638.0,3950.1344512701035,1.068867924528302,0.6233559259937718,0.9122433760308826,1093.4356689453125,1012.7637329101562,0.37697950988628803,976.3173184428528,254.5016416510319,0.8470504351130034,0.9851456255033247,0.9960861556661792
1078.jpg,1,58282,0.030355208333333335,1284,705019.5,4366.381265997887,1.3490304709141274,0.4455766835222716,0.960370488426834,1621.0230712890625,579.2387084960938,0.9339785421644243,947.4485248336249,740.7997185741087,0.8065888313317688,0.9642790320203795,0.988607638197427
2201.jpg,13,53234,0.027726041666666666,870,736722.0,4191.628961920738,1.6331828442437923,0.5746473204466,0.9520672307133635,1433.6474609375,697.3828735351562,0.8737142163049633,968.5161763627794,570.4090056285178,0.8373943176412018,0.9681722105041244,0.9912279856422275
2261.jpg,14,169889,0.08848385416666667,1443,889544.0,4141.29591858387,1.4069306930693068,0.6198005866737272,0.9886211389974799,1553.742919921875,744.0748291015625,0.8778739039421528,1064.23803614694,1577.9101782363978,0.8496517521198826,0.9027306548616391,0.9757341651303111
3013.jpg,21,35644,0.018564583333333332,675,728292.0,7050.210023283958,1.4681274900398407,0.49212377085957393,0.9173535137368365,1533.1817626953125,651.9548950195312,0.9050853215559891,962.959072086795,404.55933395872415,0.8293687566556395,0.9784451310389323,0.9937784988472499
3365.jpg,27,44250,0.023046875,982,1004146.0,4813.241224646568,1.2821461609620721,0.670205424136969,0.914923568521365,1331.6337890625,988.6525268554688,0.6699172797000894,1130.7158776136623,528.3874296435272,0.8196603442453306,0.973078202327105,0.9918742129356946
1467.jpg,9,34346,0.017888541666666667,554,383612.5,3746.435967564583,2.0466786355475763,0.6041332010457022,0.9036201338661598,1076.60009765625,493.5584716796875,0.8887244391609455,698.8781044321804,378.46529080675424,0.8344560120437584,0.9793134912721718,0.9941797851504514
2633.jpg,20,27370,0.014255208333333333,322,209744.0,3640.766030073166,1.383957219251337,0.1733579085702006,0.9319863763910766,1642.2374267578125,181.254638671875,0.9938905085317358,516.773020842741,273.2080206378987,0.850590766604744,0.9837147719739195,0.9957984802903778
3300.jpg,26,25188,0.01311875,296,478981.0,4746.457387089729,1.1156716417910448,0.3735874868966206,0.6155290386378663,981.6890869140625,936.7329711914062,0.299152410594073,780.9337682395307,260.8726547842402,0.845156514317206,0.9849339764380063,0.995988179270073
2664.jpg,20,28985,0.015096354166666666,425,284294.5,3843.660474538803,1.4450207468879668,0.21170948101503367,0.9803748808130062,1712.026123046875,221.51072692871094,0.9915944168179625,601.6435819907919,304.18198874296434,0.8427864546905215,0.982643749683992,0.9953221482369672
2231.jpg,14,153532,0.07996458333333334,1240,662592.5,3562.0095579624176,2.0345821325648417,0.676164473308243,0.9840071046532954,1304.8245849609375,657.2293701171875,0.8638834571650718,918.498216135956,1372.2077861163227,0.8566626449333793,0.912205042491871,0.978897551962041
1576.jpg,2,6202,0.003230208333333333,201,414116.0,3803.967929840088,2.7594433399602387,0.5931500335164803,0.9529919938878316,1282.002685546875,422.15447998046875,0.9442277986497613,726.1328165752782,87.56754221388368,0.7910045822518923,0.9960981759736036,0.9986533457045814
1062.jpg,1,28906,0.015055208333333334,518,647383.5,3967.906084537506,1.6438515081206497,0.5300105448097104,0.9668919917974882,1466.115966796875,578.8624267578125,0.9187554087711929,907.8955186633847,324.1083489681051,0.8320369172374411,0.9825299573030745,0.9950157114236136
3222.jpg,24,186604,0.09718958333333333,1241,641402.0,4269.31019949913,1.3779453345900095,0.41349242061859925,0.9748506343196813,1646.634033203125,513.5355834960938,0.9501248172842073,903.6915350229982,1634.0293151969981,0.856883098074528,0.8943806622015563,0.9748711390029066
3096.jpg,22,12476,0.006497916666666667,39,898071.0,4000.585245847702,1.5806451612903225,0.6569168312486284,0.9877682601694692,1484.985595703125,788.3416137695312,0.8474501850455035,1069.3266625217254,78.21435272045028,0.9068970510673103,0.992914499036315,0.9987971833924822
1432.jpg,7,11941,0.006219270833333334,281,596186.5,4533.327441453934,1.1645569620253164,0.5696455734421818,0.7511734989261957,1021.9951782226562,869.3799438476562,0.5257011576002862,871.2566945724149,148.8377110694184,0.8149441722896245,0.992646686113943,0.997711104618623
2196.jpg,13,72924,0.03798125,1199,752915.5,4159.493966460228,1.8748435544430537,0.6290535900182304,0.9574984485003866,1342.6287841796875,751.7865600585938,0.8285356769575293,979.1025423539903,777.9413696060037,0.8363850723496368,0.9565867225262363,0.9880364566541691
2612.jpg,19,36311,0.018911979166666665,508,337872.0,4056.4371750354767,1.436222005842259,0.22304358589275988,0.9858845465328507,1648.447509765625,261.2721862792969,0.9873596340100851,655.8902282080127,373.04315196998124,0.8454968001373907,0.97834789372071,0.9942631693173503
1203.jpg,4,4907,0.0025557291666666667,130,304793.5,2299.647962808609,1.9736263736263737,0.7459641694608287,0.9941857810135171,888.065673828125,445.2609558105469,0.8652255041596928,622.956769911233,59.779080675422136,0.8197959352244317,0.9969854288980164,0.9990806895599388
3216.jpg,24,43536,0.022675,623,436540.0,3488.4775956869125,1.7783783783783784,0.44826665571346425,0.9813912447239598,1351.803466796875,430.2257385253906,0.9480032759218177,745.5333599904754,434.5844277673546,0.849300336483957,0.9741727565973349,0.9933167590230468
3542.jpg,30,762,0.000396875,22,721892.5,3978.2551654577255,1.1342828077314344,0.6586339976917006,0.8747609044823631,1034.1175537109375,977.3672485351562,0.32671762867550275,958.7189776194735,9.963180112570356,0.8070099733558932,0.9995263236770194,0.9998467815933232
1168.jpg,3,82974,0.043215625,1880,934248.0,3811.4624403715134,1.036101083032491,0.7344809368671305,0.9789728648155299,1128.143798828125,1077.78564453125,0.29543792900277416,1090.6518684666232,1044.7783771106942,0.8058221466775383,0.9494447724821685,0.9839329133406531
3195.jpg,24,106186,0.055305208333333335,1343,608152.5,4241.753848910332,1.49746192893401,0.4185855631076314,0.9610121281554932,1584.3973388671875,514.7837524414062,0.9457455444885996,879.9567104292978,1081.4455909943715,0.8409326133293259,0.9375984025451785,0.9833690279119988
1320.jpg,5,15647,0.008149479166666666,293,463225.0,8813.081295847893,1.1634275618374559,0.3107132604081983,0.4228654526068449,1058.0614013671875,970.3125610351562,0.3987345191602843,767.9820232986875,176.82950281425892,0.8318878886989612,0.9905108933653869,0.997280633857007
2069.jpg,11,60278,0.031394791666666665,894,501544.0,3175.870392560959,2.096026490066225,0.6559011539708944,0.9829897907385594,1194.914306640625,555.4323120117188,0.885399820249525,799.1155449774785,601.7896341463414,0.8479217083655859,0.964352523006347,0.9907453997762996
2656.jpg,20,21072,0.010975,320,237513.0,3650.1285214424133,1.389344262295082,0.17946422094878864,0.9842997246183717,1631.1650390625,189.14291381835938,0.993254384025917,549.9190340301767,223.18878986866793,0.8419910389619818,0.9873484201770619,0.9965676992300208
2173.jpg,13,93367,0.04862864583333333,1163,628912.0,3691.0116486549377,1.9719887955182074,0.6255888719124013,0.9564670554410287,1217.2669677734375,674.5625610351562,0.8324091338475045,894.8495005074767,944.1299249530957,0.8431727510310318,0.9450442405478011,0.9854807319387153
1053.jpg,0,8282,0.004313541666666667,122,380701.0,3932.589416027069,1.5805439330543933,0.2635491749485641,0.9590774540553477,1738.2015380859375,308.1831359863281,0.9841568519957141,696.2209189044963,82.61984052532834,0.8521752832591907,0.995055681766926,0.9987294337568767
3053.jpg,21,33052,0.017214583333333332,436,725189.0,5893.377425789833,1.16274694261524,0.5519496631320651,0.8750220960909979,1330.7149658203125,773.6381225585938,0.8136391128911274,960.9054647606849,323.7016885553471,0.8529677415835294,0.9804026709613288,0.9950219652361311
3042.jpg,21,109178,0.05686354166666667,1473,1018129.5,4686.876652956009,1.3960857409133272,0.6334195827428183,0.9733798227201741,1598.7254638671875,829.4890747070312,0.854868954601226,1138.561698399098,1087.342166979362,0.8441910892223919,0.9360739936036154,0.983278347630496
2430.jpg,17,15207,0.0079203125,373,883827.0,4301.188273906708,1.9948453608247423,0.7357573123951091,0.9290274363757054,1612.70166015625,784.23193359375,0.8738005017344234,1060.8126541028084,187.06378986866795,0.817054746261785,0.9906596620744469,0.9971232462419852
1353.jpg,6,17884,0.009314583333333333,216,426298.0,3351.874569773674,1.528834355828221,0.41979536972299086,0.9714843064553987,1331.039794921875,425.7520751953125,0.9474633752324071,736.7356862820684,165.84967166979362,0.8618865124897098,0.9894386669946793,0.9974494867949775
3448.jpg,29,107930,0.056213541666666665,1643,830688.0,4198.668506383896,1.0696428571428571,0.6191032673503458,0.9233637068469626,1159.85205078125,1041.6534423828125,0.43980835334553414,1028.4283207579238,1150.4423076923076,0.8333580048730408,0.9361896964322377,0.9823079643882092
2654.jpg,20,25069,0.013056770833333333,377,277900.0,3825.5843611955643,1.3865877712031558,0.19492398034908157,0.985831553704584,1800.116943359375,214.29559326171875,0.9928888150886566,594.8388600973391,257.61937148217635,0.8463713265572719,0.9850204857756365,0.9960382097702123
2310.jpg,15,69619,0.03625989583333333,1394,776853.0,4562.173119544983,1.3113553113553114,0.4967903953588311,0.9252127081824765,1547.32958984375,668.44677734375,0.9018734832009638,994.5451020673448,827.6894934333959,0.8179841106215414,0.957862692917052,0.9872714069228709
1520.jpg,8,27144,0.0141375,321,486606.0,3665.036034822464,1.7426829268292683,0.41527078461827305,0.9817512725688035,1480.3609619140625,442.39495849609375,0.9543024072048504,787.1251500907582,271.1747185741088,0.8504858651124584,0.9838468538202801,0.9958297493529649
3562.jpg,30,1779,0.0009265625,50,906014.0,4978.491872668266,1.2542213883677298,0.6356913422422298,0.8222993985780612,1169.028564453125,1079.2525634765625,0.38430878530807383,1074.0450888504095,24.941838649155724,0.7929502502157708,0.9988813790029248,0.9996164328322648
3068.jpg,22,4997,0.0026026041666666667,62,893295.0,4161.354798078537,1.5046059365404298,0.6219894303678483,0.9832625390615971,1568.638427734375,737.4291381835938,0.8826090128760237,1066.4794977467675,49.40924015009381,0.8537315505313561,0.9970184691816132,0.9992401617791331
2594.jpg,19,19566,0.010190625,193,375830.0,3911.466612935066,1.4643564356435643,0.25159493636990476,0.9880655520487316,1763.6859130859375,302.8970947265625,0.9851421450701765,691.7525699972615,180.218339587242,0.8627009533952632,0.9884584557629582,0.9972285187526952
2464.jpg,17,60243,0.0313765625,1331,832819.5,4191.528456926346,1.488933601609658,0.5661125537005819,0.8769128714591444,1328.2166748046875,875.1848754882812,0.7522154351679983,1029.746920862872,811.3553001876173,0.7948470979725886,0.9627342160450829,0.9875226017256542
1130.jpg,3,87840,0.04575,1689,797665.0,3669.8888491392136,1.0648236415633938,0.6807566228825167,0.9658142218358419,1058.8759765625,1004.9087524414062,0.31517527616685964,1007.7790538859068,1060.4348030018764,0.8133354481425851,0.9468854125464687,0.9836921415587323
2523.jpg,18,13623,0.0070953125,362,1033994.0,4077.7467070817947,1.5753138075313808,0.718183055782449,0.9912826063406025,1427.4356689453125,926.8612060546875,0.7605161015889961,1147.3979474527964,178.1850375234522,0.8056376195796479,0.9915485706088881,0.9972597878152825
3129.jpg,23,22071,0.0114953125,214,389694.0,4105.702116727829,1.382466281310212,0.2616221224144529,0.8991565518649652,1635.3720703125,355.110107421875,0.9761397349393767,704.3960612794655,195.1969981238274,0.8679936258345665,0.9870495160048604,0.9969981699916367
1278.jpg,5,39932,0.020797916666666666,654,465402.5,8458.85886335373,1.1630331753554501,0.35952714786189105,0.4845146654951205,967.3804321289062,957.0750122070312,0.14557589821493502,769.7849486828165,457.5607410881801,0.8273444729453211,0.9758366500026846,0.9929634186158125
2504.jpg,18,4205,0.0021901041666666666,111,962014.5,4009.1609214544296,1.7390817469204927,0.6936792495686203,0.9930656776074291,1435.7457275390625,853.2554931640625,0.8042476561399104,1106.7406670076894,51.916979362101316,0.8174358250181961,0.997411088383652,0.9992015966019423
1574.jpg,2,2535,0.0013203125,88,424229.0,3663.5760132074356,2.690944881889764,0.6108971885098122,0.9482901989887385,1278.9957275390625,428.68475341796875,0.9421566232970977,734.9456706610723,37.88719512195122,0.7791954661803038,0.9983881499951994,0.9994173531337933
2130.jpg,12,40050,0.020859375,669,837268.0,3960.8938941955566,1.9077669902912622,0.6463752810099064,0.9804534170218746,1427.1881103515625,773.3375854492188,0.8404681136173011,1032.4934513793878,385.8529549718574,0.8548224778906607,0.9763338413011058,0.9940661742230514
1592.jpg,2,601,0.00031302083333333334,22,284430.5,3540.480562567711,4.051987767584098,0.6564664474063816,0.9407932709402459,1219.556396484375,302.45428466796875,0.9687591299338338,601.7874710633271,9.217636022514071,0.7736395826902589,0.9996159401753799,0.9998582469162718
1061.jpg,1,25888,0.013483333333333333,514,587413.0,3756.903999567032,2.7209302325581395,0.690879858486849,0.967328279975562,1389.0782470703125,548.9063110351562,0.9186128817058384,864.8222133430178,302.4875703564728,0.8252457798770443,0.984251135744556,0.9953482057891233
2031.jpg,10,74336,0.03871666666666667,1145,780552.0,4107.580191850662,1.829145728643216,0.6734841791374455,0.9721047561462381,1320.242431640625,770.6682739257812,0.8119461148341522,996.9100627048163,795.0211069418388,0.8358433991695912,0.9557421436997184,0.9877737965284374
3503.jpg,29,27837,0.0144984375,259,773498.0,4307.864461421967,1.120640904806786,0.6131432571110137,0.9245240959571239,1079.271484375,1039.9918212890625,0.2673287290533983,992.395204227408,265.1425891181989,0.8573988278712052,0.9835369865630562,0.99592251423864
3163.jpg,23,15303,0.0079703125,395,530551.0,4355.750883579254,1.4108309990662933,0.32784850097109214,0.9468646711545463,1769.5521240234375,457.5839538574219,0.9659878549068771,821.8993330687069,200.890243902439,0.8047553536937037,0.9905032712182366,0.9969106166163928
2234.jpg,14,109147,0.056847395833333335,1171,660494.5,3776.9700224399567,1.829145728643216,0.5698948899718372,0.986173302177662,1448.5316162109375,604.8643798828125,0.9086444296796422,917.042919649936,1047.8961069418385,0.8498033730454294,0.9364026196030978,0.9838849674446861
2297.jpg,15,48199,0.025103645833333334,934,686835.5,3923.372039914131,1.4382513661202185,0.5703950537312937,0.9639187700425939,1395.242919921875,648.6837158203125,0.8853499177994789,935.1503191080822,558.6158536585366,0.8245945311098852,0.9708276303625127,0.9914093462052327
3111.jpg,23,25909,0.013494270833333334,318,424805.5,4241.954854726791,1.607717041800643,0.3035409074669525,0.9062159680097959,1951.3787841796875,390.73992919921875,0.9797473122445933,735.444873135297,254.63719512195124,0.8530076789707336,0.9846108734485721,0.9960840710620067
2436.jpg,17,11422,0.005948958333333333,321,934145.5,4177.573051929474,1.6877113866967306,0.7035081060279146,0.9561664924032941,1511.348876953125,825.9094848632812,0.8374775295833684,1090.5920369856003,148.97326454033774,0.8064119822198054,0.9929147721665499,0.9977090200144505
1115.jpg,1,43163,0.022480729166666668,687,766434.0,4498.506156563759,1.4091760299625469,0.47683377505692637,0.9470595685657887,1649.5225830078125,613.5819091796875,0.9282425667664083,987.8532670541459,458.5096153846154,0.8396617655264578,0.9741770335619748,0.9929488263866051
3134.jpg,23,34682,0.018063541666666665,495,479907.5,4133.150819659233,1.5244029075804777,0.33947296566983853,0.8401521318592824,1789.0767822265625,463.35198974609375,0.9658801536341944,781.6886891947396,357.8611632270169,0.8449572725219342,0.979301062434902,0.9944966449846674
2331.jpg,15,129457,0.06742552083333334,2043,917959.0,4809.501105546951,1.4345794392523366,0.5588961612225638,0.9693444330692157,1666.139404296875,714.7499389648438,0.9033112916548476,1081.1020762377368,1421.752579737336,0.8262383424503016,0.9234618345751936,0.9781356291370016
2376.jpg,16,0,0.0,0,57228.5,3588.180247426033,1.498898678414097,0.04630931842678518,0.8980893718859115,2148.385009765625,41.4098014831543,0.9998142227981309,269.93626893375455,0.0,1.0,1.0,1.0
3039.jpg,21,71734,0.03736145833333333,1320,839485.5,7110.192781567574,1.463627546071775,0.5395917415005602,0.9071267681578417,1547.3642578125,747.8557739257812,0.8754495828341288,1033.8598240727658,825.656191369606,0.8235828335022314,0.9568120558003567,0.9873026759854581
1476.jpg,9,32166,0.016753125,455,375131.5,3706.8034979104996,2.3995943204868153,0.6432086403220746,0.9209884757214336,1110.4373779296875,456.82928466796875,0.9114567940529599,691.1094416051764,337.1214821763602,0.8427282293620292,0.9807533945143236,0.9948155894230559
1463.jpg,9,59932,0.031214583333333334,722,484040.5,4226.9111441373825,2.4333925399644762,0.627556365145013,0.937175755123299,1265.032958984375,522.1818237304688,0.9108302148871606,785.0474545232157,600.2307692307694,0.8474683403821445,0.9645399769624698,0.9907693727242832
1100.jpg,1,63117,0.0328734375,911,809199.5,4535.268565297127,1.372420262664165,0.5188646398530866,0.9589591991761384,1569.90380859375,690.9067993164062,0.8979512240035371,1015.0393110515087,662.7209193245778,0.83981213791074,0.9624386336086376,0.9898083702007723
3020.jpg,21,49504,0.02578333333333333,989,782011.5,7087.55525803566,1.4617618586640853,0.5013440567241302,0.9378216594042521,1552.4464111328125,684.2394409179688,0.8976303159174704,997.8416538898653,580.5077392120076,0.8224017392176546,0.9699920375260808,0.991072682631378
1128.jpg,3,42588,0.02218125,1121,896396.5,3812.6756459474564,1.1029684601113172,0.6993579831198479,0.9634797404054714,1109.9814453125,1072.54638671875,0.2575155357245941,1068.329289855049,550.8215290806754,0.8048399975794107,0.9737534801601716,0.99152921094515
1548.jpg,8,40437,0.0210609375,202,497915.0,3421.3506206274033,2.699619771863118,0.66662427033685,0.9828786085748097,1298.1510009765625,491.74298095703125,0.9254774910199945,796.2192335762861,226.71318011257037,0.9154979239296489,0.9773769080820769,0.9965134995215364
1275.jpg,5,14305,0.007450520833333333,302,494536.5,7897.177630543709,1.1588021778584392,0.3514195020941493,0.46806507943268455,1041.74072265625,975.749755859375,0.3502582317966744,793.5133446356909,167.61186679174486,0.8258248764790793,0.9912768485034875,0.9974223869407353
2351.jpg,16,6069,0.0031609375,77,60175.0,3837.300080895424,1.5073529411764706,0.04404810704769713,0.8731327582579423,1982.54150390625,44.8548583984375,0.9997440235589156,276.7981026026703,65.20121951219514,0.8409865912032812,0.9963395379143629,0.9989973053930399
3255.jpg,25,20375,0.010611979166666667,378,424789.5,3767.160924077034,1.5830258302583027,0.40598003882136724,0.9772195025443302,1438.2821044921875,385.85052490234375,0.963343263267657,735.4310229982669,230.23757035647282,0.8314866955825747,0.9876538162256497,0.9964592998130521
1322.jpg,5,33530,0.017463541666666665,606,455161.5,8520.397969841957,0.9928888888888889,0.3622094897045658,0.4924796369711239,1027.0545654296875,872.9337158203125,0.5268811253237194,761.2684290320818,380.36303939962477,0.8296507358139801,0.9797175687803471,0.9941506006920366
1419.jpg,7,22322,0.011626041666666666,433,756346.5,5883.287027001381,1.185356811862836,0.5480608909445444,0.7442220071701869,1155.255615234375,969.136962890625,0.5442948801826326,981.3308684241181,270.9713883677299,0.8187860667969166,0.9863337267748414,0.9958328762592237
2341.jpg,15,124326,0.064753125,1943,828622.5,4503.788340806961,1.4697120158887786,0.5559881505139698,0.9647052728454948,1641.9261474609375,661.8007202148438,0.9151719547282127,1027.1489349930284,1349.705909943715,0.8287269304438968,0.926543740585179,0.9792435962546717
1465.jpg,9,50658,0.026384375,658,370465.5,3757.607540488243,2.358674463937622,0.5968222898844908,0.9181961033134971,1077.55859375,463.53240966796875,0.9027483292956596,686.7978775157102,518.4920262664165,0.8448923489888133,0.9698876781404413,0.9920263890402853
3299.jpg,26,19845,0.0103359375,283,493195.0,4675.829973220825,1.1268382352941178,0.3697424371461472,0.6034915250918951,1004.1493530273438,968.0182495117188,0.26583625511330006,792.436355340704,222.44324577861164,0.8328899727646484,0.9879878248013928,0.9965791645529694
3398.jpg,28,72850,0.03794270833333333,721,868081.5,4245.837111830711,1.3789571694599627,0.5457593201030558,0.996683582672193,1667.24853515625,674.0794067382812,0.9146235621451327,1051.320928096182,648.2844746716697,0.8635212001981817,0.9576427567795218,0.9900303805451409
1108.jpg,1,26956,0.014039583333333333,544,573626.0,3821.7568150758743,1.6035928143712574,0.5130524611717565,0.9569955438995134,1400.1693115234375,533.0913696289062,0.9246848101587083,854.6129574773908,320.922842401501,0.821840525315769,0.9835583193580827,0.9950646996216667
2134.jpg,12,16238,0.008457291666666667,293,765907.5,3829.053280353546,1.8451053283767038,0.6373941743791522,0.9753925601416146,1367.90380859375,757.0466918945312,0.8328919587388683,987.5139070459953,171.74624765478424,0.8426144105409207,0.9902443188428517,0.9973588065134747
1562.jpg,2,3429,0.0017859375,102,369680.0,3151.360723257065,2.8375870069605567,0.7013296959096057,0.9810337369668309,1148.1475830078125,412.04119873046875,0.9333857188281209,686.069380527724,46.088180112570356,0.8013364326307862,0.997859711760249,0.9992912345813586
3437.jpg,28,109722,0.057146875,1570,923290.0,4209.771095991135,1.4087038789025543,0.5866356434096016,0.9948639980432226,1619.530029296875,756.5809936523438,0.8841723578364873,1084.2367542462894,1180.1285178236396,0.8316832407314148,0.9350695225099648,0.9818514360744373
1042.jpg,0,8911,0.004641145833333333,132,280553.0,3929.5498691797256,1.3990291262135923,0.18902259083834716,0.9343684379678245,1780.3541259765625,225.41921997070312,0.9919519579908177,597.6714599126213,96.64962476547842,0.8392264267460744,0.9946209837088387,0.9985136772250257
1194.jpg,3,95613,0.0497984375,1968,893677.0,3764.2664811611176,1.0469613259668509,0.7237528567795772,0.9746180548360818,1122.605712890625,1032.30712890625,0.39294166100743483,1066.707502842408,1177.4174484052533,0.8087808559057809,0.9420867958402053,0.9818931281578869
3253.jpg,25,20776,0.010820833333333333,472,375240.5,3478.6857496500015,1.8088235294117647,0.3707748872578663,0.9854832864106228,1545.8931884765625,340.3987121582031,0.9754557627255467,691.2098403424208,251.18058161350845,0.8196685442956535,0.9872848440183017,0.9961372284684049
3006.jpg,21,32871,0.0171203125,610,752693.0,5441.2210104465485,1.4652849740932643,0.5516214611838682,0.9370028700414603,1465.5167236328125,685.5365600585938,0.8838459666997828,978.9578605054172,372.70426829268297,0.8297938789479254,0.9801153248612865,0.9942683808277815
1024.jpg,0,4185,0.0021796875,54,238879.5,3933.3072315454483,1.4858012170385395,0.16537289977777625,0.9308740406478878,1697.8311767578125,191.58175659179688,0.9936132726384506,551.498708816769,44.190431519699814,0.8438649573811675,0.9974809687827636,0.9993204190397733
1050.jpg,0,22726,0.011836458333333333,189,373083.0,4120.510327100754,1.372093023255814,0.2175395857288462,0.9805226889254496,1850.530029296875,274.52984619140625,0.9889346194998233,689.2198699025071,198.31472795497186,0.8697056012170279,0.9866875448668555,0.9969502240956699
3206.jpg,24,147618,0.076884375,1774,699052.5,4337.258466005325,1.4665391969407267,0.435665077865389,0.9833517961702801,1674.0335693359375,543.5208129882812,0.9458248288158552,943.4305946098935,1502.6102251407128,0.8372979983283538,0.914001141408251,0.9768921627481205
2017.jpg,10,85758,0.044665625,1289,882294.5,4155.690800905228,1.7983193277310925,0.7070607949454816,0.9815962079866583,1459.84814453125,805.689453125,0.8339106354318693,1059.8925641320152,898.6517354596623,0.8381571862424637,0.9491990363181402,0.9861801166385805
1606.jpg,2,233,0.00012135416666666666,8,180943.5,2536.240885615349,3.479020979020979,0.6358488245422919,0.960134036236479,919.33544921875,254.1941375732422,0.9610145793341152,479.9837701035181,2.9821763602251408,0.8111358644998704,0.9998556443186444,0.9999541387082056
2136.jpg,12,30871,0.016078645833333332,552,786384.0,4238.0797560215,1.7313609467455622,0.6361120660715802,0.970043260566273,1430.79150390625,748.955322265625,0.8520531689929667,1000.6274062542042,314.7551594746717,0.8471077170435865,0.9815921736806398,0.9951595491115144
2571.jpg,19,39685,0.020669270833333333,636,459722.0,4140.863585948944,1.4539411206077872,0.2851620482798362,0.983859231612108,1690.7353515625,349.3490295410156,0.9784201064301605,765.0726958823838,425.90900562851783,0.838308890091229,0.9762090384010369,0.9934501736900853
2317.jpg,15,129787,0.06759739583333334,2087,871874.0,4491.771093964577,1.4818913480885312,0.5954764568401584,0.9646379236044612,1551.2703857421875,741.3541870117188,0.8784135215228356,1053.6149461859513,1425.0736397748592,0.8262432521077091,0.9232742981246116,0.9780845563347759
2145.jpg,12,65640,0.0341875,1197,863480.0,4101.580191254616,1.4446700507614214,0.6160431775294206,0.9870960071699011,1484.995849609375,772.776611328125,0.8539288690648047,1048.5308207620405,697.422607879925,0.8376831542213207,0.9608914173093454,0.9892747115326188
1291.jpg,5,28031,0.014599479166666667,441,412835.5,6917.301299214363,1.051660516605166,0.3340741729785719,0.5024566899617104,943.9696044921875,908.589599609375,0.2712108013342103,725.0092992993353,323.7016885553471,0.8270912531479007,0.9829833539400847,0.9950219652361311
2064.jpg,11,151125,0.0787109375,1250,532281.0,3629.375006914139,2.523235800344234,0.624929262949283,0.9617925431765042,1439.4219970703125,525.0996704101562,0.9310863049078139,823.2382511224665,1397.1496247654786,0.8519347146812585,0.9131600728452692,0.9785139847943058
1535.jpg,8,32420,0.016885416666666667,353,520799.5,3778.734521985054,1.9599465954606141,0.4736556098412779,0.9767707268584075,1459.4669189453125,480.1187438964844,0.9443408709673349,814.3110697259988,279.7145872420263,0.8705142475298708,0.9810687295256203,0.9956984192900991
1086.jpg,1,52377,0.0272796875,977,774226.0,4538.079748392105,1.4657004830917875,0.4931077418882297,0.9630682807656521,1623.448486328125,633.46484375,0.9207313647530492,992.8621051093279,614.2605534709193,0.8221102222815195,0.9682662014111808,0.990553616192432
2370.jpg,16,262,0.00013645833333333332,10,50952.0,3797.8442398309708,1.4778947368421054,0.038200629779577146,0.6555799306489279,1819.6895751953125,46.52656173706055,0.9996730748689118,254.70394830733585,4.2021575984990625,0.7633264623517912,0.9998311509425762,0.9999353772706534
1390.jpg,7,14951,0.007786979166666667,340,660036.5,4958.9153175354,1.0486641221374047,0.5730717203008981,0.7861166377745078,1062.9700927734375,913.5619506835938,0.511231984242835,916.7249166290782,192.82481238273922,0.8082173837678508,0.9907477611422735,0.997034650564655
2422.jpg,16,2139,0.0011140625,55,68679.0,3650.3883925676346,1.4597457627118644,0.05279621042532779,0.887531984182368,2164.624755859375,48.87580871582031,0.9997450540955918,295.71070101175957,28.73733583489681,0.8015553130439539,0.9986647181911302,0.9995580639154354
3116.jpg,23,19362,0.010084375,263,438823.5,3832.8177748918533,1.599078341013825,0.36423416977649103,0.891309889292972,1565.0826416015625,486.5262451171875,0.9504547391434522,747.4807244063827,185.0982645403377,0.8575127279350303,0.9885260808663814,0.9971534730024861
3128.jpg,23,22385,0.011658854166666666,291,416214.5,4165.518347978592,1.4458077709611452,0.30097397338331555,0.9026350516850082,1749.23974609375,406.9410095214844,0.9725632090663987,727.9703019300811,230.5764540337711,0.8462293186985446,0.9866136602208562,0.9964540883026209
3077.jpg,22,8529,0.0044421875,136,957012.0,4167.21266245842,1.3330188679245283,0.638953651404078,0.986448613062395,1593.9176025390625,782.2159423828125,0.8713001183687723,1103.8593765448966,92.04080675422139,0.840067626443014,0.9948548234693623,0.9985845537668898
2023.jpg,10,58014,0.030215625,991,826851.0,3953.7223234176636,1.6624129930394431,0.6693816454374271,0.9788810096011554,1302.24951171875,819.4419555664062,0.7772020560351591,1026.0503841448597,608.6350844277675,0.8403838593005382,0.965446426619827,0.9906401272655898
3209.jpg,24,48380,0.025197916666666667,894,562271.5,4016.0726107358932,1.4254032258064515,0.4008528625039923,0.9770453090151464,1580.5733642578125,486.9519348144531,0.9513586321033082,846.1124681019404,562.750234521576,0.8239403857268349,0.9707031673837754,0.9913457657779723
2139.jpg,12,21258,0.011071875,302,781454.0,3973.7568141222,1.6776084407971863,0.640198649400357,0.976988472982772,1446.74560546875,727.7490234375,0.8642719351282634,997.4859072645949,205.2279549718574,0.8559637584038251,0.9873913626560896,0.9968439092828737
3023.jpg,21,33452,0.017422916666666666,598,910149.0,5918.794605135918,1.3884964682139254,0.6674525672916716,0.9493812299463009,1310.261962890625,915.4964599609375,0.7154025376818434,1076.4932412240978,367.2143527204503,0.8351628497201139,0.9798596135542728,0.9943528072967668
3593.jpg,31,141592,0.07374583333333333,1906,699201.0,4527.476721763611,1.4053308823529411,0.4203060679798407,0.9221927369512288,1627.3104248046875,597.9164428710938,0.9300526903631507,943.530795956534,1528.5687148217635,0.8280282724830493,0.9167070391102538,0.9764929610490917
2648.jpg,20,24601,0.012813020833333333,252,202753.5,3583.3518233299255,1.5011261261261262,0.17128733196812718,0.9378334686287978,1574.243408203125,179.06362915039062,0.9935098818238081,508.0883525859069,218.9188555347092,0.8669993179423663,0.9855614323507443,0.9966333642614538
2095.jpg,11,130172,0.06779791666666667,1650,600834.5,3480.612592816353,1.8254189944134078,0.6420461588438704,0.9648487933659213,1211.4000244140625,665.2869873046875,0.8356984915644938,874.6463543862623,1390.371951219512,0.8309393796130259,0.9233629104666894,0.9786182150029294
1258.jpg,4,346,0.00018020833333333333,15,236006.5,2109.859073638916,2.146276595744681,0.7777904110311371,0.9942872189162146,842.0397338867188,363.146240234375,0.9022230481647118,548.1722435645015,5.693245778611632,0.7571816482697583,0.9997759128462336,0.9999124466247561
1545.jpg,8,29682,0.015459375,156,327048.0,3316.036910533905,3.4578005115089514,0.6186685633862498,0.9776839764074938,1197.290771484375,356.0105895996094,0.9547695405427755,645.2987266580847,177.71060037523455,0.9102756852290019,0.983267515607677,0.997267083929886
3556.jpg,30,33046,0.017211458333333332,405,869658.0,4990.78625369072,1.3314176245210727,0.5992847101629042,0.7920342839812733,1204.90869140625,1075.5103759765625,0.45083487687482154,1052.275133221009,333.5293151969981,0.8484767982085851,0.980329448280089,0.9948708314336266
3447.jpg,29,120521,0.06277135416666667,1671,892227.5,4230.73451757431,1.0920353982300885,0.6398556389036302,0.9463738040095017,1174.85546875,1093.5252685546875,0.36559433131751057,1065.8420783118822,1252.31074108818,0.8364157943592373,0.9291830379023864,0.9807413843525947
3332.jpg,26,15839,0.008249479166666667,200,513549.0,4683.4136698246,1.2076923076923076,0.39315056957373834,0.6161377905379384,1053.0955810546875,949.533203125,0.4324475525593201,808.622838509523,168.96740150093808,0.8412936360961054,0.9904722381832195,0.9974015408990107
3200.jpg,24,142715,0.07433072916666666,1574,751922.0,4219.805583119392,1.7534722222222223,0.5744423053416453,0.9851659495521746,1579.554443359375,615.8389282226562,0.920865070948223,978.4563480075915,1413.4160412757974,0.8421350520621322,0.9170853198510182,0.9782638322936087
2289.jpg,14,186168,0.0969625,1589,904373.5,4591.601608991623,1.4110207768744354,0.5230210614099312,0.9871855327890773,1704.9208984375,679.135986328125,0.9172383956504715,1073.0722731533724,1732.1700281425892,0.847970377026098,0.8937850900218368,0.9733618855820351
2207.jpg,13,60129,0.0313171875,1121,817003.0,4222.9670531749725,1.3311506080449018,0.5370825546103142,0.9591691301295402,1511.439453125,738.9056396484375,0.8723535959817657,1019.9218243410925,694.1015478424015,0.8241729976865011,0.9637063885227685,0.9893257843348444
3183.jpg,24,114748,0.059764583333333336,1584,574135.5,4057.4451962709427,1.7240977881257276,0.45130087825691195,0.9812923338819753,1527.94580078125,498.1760559082031,0.9453549345386947,854.9924108647369,1221.3367729831143,0.8329716002812632,0.9322654354872594,0.981217716406005
2036.jpg,10,101678,0.05295729166666667,1309,997210.5,4179.420809030533,1.3731635651322234,0.696647506500438,0.9803301943829205,1308.728271484375,975.7344970703125,0.6664393237459316,1126.8042611851997,985.812617260788,0.8489459569713785,0.9405873006720827,0.9848397161556794
3148.jpg,23,31211,0.016255729166666667,493,470436.0,3800.2908647060394,1.5056433408577878,0.39802559217005495,0.8942825613988064,1532.7615966796875,489.2027587890625,0.9476994034510571,773.9365080334633,346.203564727955,0.833633654443719,0.9811735594462211,0.9946759209435002
2010.jpg,10,60651,0.0315890625,954,929341.5,4013.646206855774,1.42010582010582,0.7328093582191942,0.9907797524493864,1285.5264892578125,922.2271118164062,0.6966691792248306,1087.7841460342643,618.2593808630394,0.8446893361877731,0.9640347376706343,0.990492120369344
3244.jpg,25,14527,0.007566145833333334,427,457920.0,3683.7954819202423,1.3738317757009346,0.3594210269777693,0.991805346938024,1486.24658203125,396.3834533691406,0.9637793187617989,763.5717728708453,206.24460600375232,0.7889299972148,0.990863848991153,0.9968282747515801
2675.jpg,20,4315,0.0022473958333333335,99,117452.0,3248.217705011368,1.4198473282442747,0.133897872262807,0.9358986107182272,1367.9329833984375,113.32821655273438,0.9965623346859127,386.7098796361871,54.831378986866795,0.8120919164078118,0.9973314329935566,0.9991567776122341
2268.jpg,14,150893,0.07859010416666666,1714,927502.0,4446.2462747097015,1.4168987929433612,0.5643449171342657,0.9905764608568282,1667.9681396484375,719.4396362304688,0.9021956821166115,1086.707055383811,1519.9610694183864,0.8386930724755799,0.9122834662701372,0.9766253334140438
1065.jpg,1,29404,0.015314583333333333,490,761323.0,4452.942664861679,1.4224806201550388,0.5025313932365926,0.9692949174984722,1618.6583251953125,605.7619018554688,0.9273330778180692,984.5539852727265,318.61843339587244,0.8376356959561768,0.982316349184432,0.9951001378925989
3011.jpg,21,63182,0.032907291666666665,1090,780849.0,7431.440474390984,1.528358208955224,0.5058360541044776,0.909114088521292,1614.5025634765625,687.0795288085938,0.9049267684662674,997.0997067830815,721.9577861163227,0.8256672737800833,0.9619424334512304,0.988897398177401
2296.jpg,15,85102,0.04432395833333334,1606,764925.0,4032.8106377124786,1.5920454545454545,0.6204375121666342,0.9746806652178815,1415.62646484375,701.3783569335938,0.868633950638208,986.8803163284514,987.9814727954972,0.8207619189592273,0.9488244142061167,0.9848063624889198
2562.jpg,19,33030,0.017203125,407,328218.5,3982.302185177803,1.4321223709369024,0.20946890308812005,0.9851485668577122,1661.93212890625,254.07322692871094,0.9882450352065175,646.4524526317911,332.17378048780495,0.8490208012659388,0.9803481845270786,0.9948916774753513
1364.jpg,6,47786,0.024888541666666666,818,604008.0,4054.9670486450195,1.462686567164179,0.40884556807797745,0.9695004650811906,1633.2125244140625,521.1925048828125,0.9477139609841929,876.9531748824427,529.7429643527205,0.8322600363408305,0.9712630060283567,0.9918533668939699
2081.jpg,11,120436,0.06272708333333334,1433,555125.0,3631.007474064827,2.445901639344262,0.6099470399507757,0.9684825551016634,1422.3870849609375,547.764892578125,0.9228737868666942,840.7182062207927,1216.9990619136959,0.8409237357939676,0.9295057906455877,0.9812844237395243
2259.jpg,14,226670,0.11805729166666666,1300,814278.0,4233.369075059891,1.3924528301886792,0.5204517564043565,0.9849418248103666,1624.5294189453125,643.7359619140625,0.9181383579945018,1018.2194999153468,1928.1803470919324,0.8576790135510621,0.8734266222107064,0.9703475479486371
2459.jpg,17,66086,0.034419791666666665,1307,922370.5,4293.975073099136,1.7607433217189314,0.7066478660451889,0.9351317757781566,1519.43798828125,808.4536743164062,0.8466977619821878,1083.6967267170019,842.125938086304,0.8052810325653358,0.9595346238793871,0.9870493965785024
1098.jpg,1,61565,0.032065104166666664,949,838416.5,4612.003628015518,1.3673285198555956,0.49946771752987573,0.9737660916790166,1661.19677734375,659.48291015625,0.9178217888882568,1033.2013563475653,670.7863508442778,0.8339141869720382,0.9631610424388977,0.9896843362525102
2116.jpg,12,35307,0.0183890625,784,760131.5,3671.1121549606323,1.6621951219512194,0.6801097829393554,0.9832030706845984,1253.7061767578125,790.116943359375,0.7764125716617067,983.7832510257817,413.9803001876173,0.8237602329417554,0.9785448833492723,0.993633618857263
2416.jpg,16,2620,0.0013645833333333333,64,74897.5,3942.1112669706345,1.499494438827098,0.051065769315470855,0.8248668770202479,2021.5711669921875,59.52523422241211,0.9995664009462225,308.80812619133235,33.413930581613506,0.8115747783499598,0.9983783133644413,0.9994861450714849
1506.jpg,8,37827,0.0197015625,163,487865.5,3354.8480917215347,2.7101727447216892,0.663174299804799,0.9869127211304075,1278.377197265625,491.5616149902344,0.9231166559637111,788.1431640964684,209.2267823639775,0.9167504531468906,0.9788473957792128,0.9967824134597857
1235.jpg,4,3787,0.0019723958333333334,71,323894.5,2404.6185215711594,2.065934065934066,0.7572936637830255,0.9930859927732527,920.5816040039062,453.2970275878906,0.8703673992343521,642.1801038043947,40.59826454033771,0.8415145123242208,0.9977156774262971,0.9993756610503439
3495.jpg,29,17084,0.008897916666666667,125,809266.5,3864.3425998687744,0.9837691614066727,0.668860064186115,0.9712816155171452,1069.23583984375,1026.797119140625,0.27893736122162954,1015.0813317313143,150.53212945590994,0.8688274246788922,0.9899706823499549,0.9976850470664671
2304.jpg,15,109788,0.05718125,1911,923108.0,4387.036030769348,1.495069033530572,0.6005032448101253,0.9750030234232122,1638.328857421875,727.331298828125,0.8960530104173581,1084.1298859737178,1238.3487335834898,0.8234792735692152,0.9345758601611428,0.9809560985823595
2442.jpg,17,35060,0.018260416666666668,819,873736.5,4196.200471401215,1.5384615384615385,0.6306108087821355,0.9390830645911042,1502.2366943359375,842.7703247070312,0.8278087906569959,1054.7397136158734,434.71998123827393,0.8136515461216295,0.9785107630751391,0.9933146744188743
1033.jpg,0,18084,0.00941875,164,343185.0,3934.946848988533,1.4057142857142857,0.2214382500967867,0.9358676311178681,1710.428466796875,282.0932922363281,0.986306025116425,661.0270139411375,163.68081613508443,0.8651859623387019,0.9893520631862889,0.9974828404617371
1231.jpg,4,1674,0.000871875,55,245784.5,1974.7118854522705,1.6077097505668934,0.7860852850778299,0.9943261579290174,712.0554809570312,442.1443176269531,0.7838574437580043,559.4126785146718,23.45075046904315,0.7931289599836601,0.9989475310063302,0.9996393634781618
1081.jpg,1,34113,0.0177671875,651,632858.0,3909.496926307678,1.281218274111675,0.5091088997401595,0.9726034660422985,1418.707275390625,575.5743408203125,0.9140047949488972,897.6524003209737,400.49272983114446,0.823646310255331,0.9792621784794813,0.9938410369724241
1601.jpg,2,239,0.00012447916666666667,9,181221.5,2984.8338133096695,3.9507042253521125,0.5687200296251663,0.9441693259524585,1061.5555419921875,227.41468811035156,0.9767837313712712,480.35235000593394,3.524390243902439,0.7823996745957258,0.9998483481983613,0.9999458002915157
1405.jpg,7,9452,0.004922916666666667,217,650120.5,5622.988477110863,1.0670339761248853,0.5137594850081159,0.6853105093443216,1032.6324462890625,986.7152709960938,0.29488139254852863,909.8126892075073,126.06472795497186,0.802242096000846,0.9941134678406984,0.9980613181195989
3531.jpg,30,39552,0.0206,725,831730.0,5293.7954832315445,1.3194706994328922,0.5631333921926541,0.7425510982074782,1187.36865234375,1076.8057861328125,0.42138008554191214,1029.0731395496516,470.09943714821765,0.8209450842927543,0.9759337904179682,0.9927705927298586
2421.jpg,16,0,0.0,0,66158.0,3754.9569339752197,1.4703433922996878,0.048721070069585745,0.8143074300414181,2048.45166015625,49.82997131347656,0.9997040869621772,290.23263393455414,0.0,1.0,1.0,1.0
2364.jpg,16,3239,0.0016869791666666667,64,71785.5,4073.071721315384,1.3682745825602969,0.04514669350020439,0.933564387338414,2357.9755859375,45.082332611083984,0.9998172136136345,302.32455629436726,40.59826454033771,0.8147536763844156,0.998000837576155,0.9993756610503439
3139.jpg,23,39298,0.020467708333333334,457,445128.0,4169.476717591286,1.4345654345654346,0.3096680478296077,0.9262076771981224,1722.32958984375,407.9083251953125,0.9715498307613453,752.8310381944102,400.9671669793621,0.8463103453828591,0.9766010214600499,0.9938337408578205
2135.jpg,12,28757,0.014977604166666667,542,937710.0,4116.6928869485855,1.648590021691974,0.6691046352323324,0.9770504477535737,1407.5819091796875,876.4630737304688,0.7824822625101877,1092.670789164609,303.1653377110694,0.8420886502432894,0.9827689069976215,0.9953377827682608
3281.jpg,25,16078,0.008373958333333334,280,730717.0,4574.506150484085,1.38125,0.4217361944777911,0.989546825994399,1799.2457275390625,522.650390625,0.9568801368898586,964.5609262302946,175.2706378986867,0.8377999938563996,0.9902998848274299,0.9973046068049906
2406.jpg,16,93,4.84375e-05,3,55505.0,3678.18738591671,1.4935622317596566,0.04278356395836416,0.7947053054328607,2128.295166015625,45.57065963745117,0.9997707408367125,265.8404802330247,1.3555347091932457,0.7849358128727717,0.9999411098588629,0.9999791539582753
2227.jpg,13,81680,0.042541666666666665,1096,786723.0,4443.766918897629,1.3473895582329318,0.5885860880182429,0.957644314982368,1435.0941162109375,743.0307006835938,0.8555274401884508,1000.8430617997416,822.0640243902438,0.8449036949159106,0.9518430136275412,0.9873579179960286
2262.jpg,14,160051,0.08335989583333334,1710,794261.0,4214.824916005135,1.4925816023738872,0.5206223915983165,0.9840479274571278,1617.90673828125,641.2296142578125,0.9181068889016704,1005.6264286706545,1637.3503752345216,0.8353247121511841,0.9069425581471865,0.974820066200681
1187.jpg,3,23971,0.012484895833333334,666,760975.5,3536.6613627672195,0.9552380952380952,0.7225708588520153,0.9599101616258198,1064.62841796875,932.821044921875,0.48195855961159717,984.3292635976098,319.8384146341464,0.8006466618248442,0.9851051832994518,0.9950813764550466
2260.jpg,14,214031,0.11147447916666667,1339,846196.0,4025.8989483118057,1.3757515030060121,0.6175468197866965,0.988454350060742,1502.9462890625,727.0211791992188,0.8752169229355103,1037.9837232812063,1903.577392120075,0.8523010590632412,0.8794192847948543,0.970725903605941
1051.jpg,0,13077,0.0068109375,170,339787.5,3985.248356461525,1.4429530201342282,0.2164644537384175,0.9728672293737688,1796.3179931640625,261.6217346191406,0.9893371621286718,657.7468219662479,123.89587242026266,0.8592533709811974,0.992250357871513,0.9980946717863584
1176.jpg,3,72933,0.0379859375,1716,832163.0,3638.5852447748184,1.0731472569778633,0.7183200473031589,0.9749177720697422,1055.56982421875,1031.9293212890625,0.21045271967003534,1029.3409732763228,920.7469512195122,0.8063734671675522,0.9554636034004891,0.9858403261584672
2083.jpg,11,146365,0.07623177083333334,1965,656442.0,3971.0217541456223,2.2335766423357666,0.6263460712752255,0.9648777003161668,1435.7752685546875,623.2442626953125,0.9008733426191116,914.2253076922776,1566.2525797373357,0.8290758975972125,0.9140959837280589,0.9759134410891438
1426.jpg,7,24648,0.0128375,457,832617.0,6929.485074520111,1.293381037567084,0.5150331430607412,0.7099321971466868,1228.3629150390625,1022.3368530273438,0.5543616356180636,1029.6217218079448,296.1165572232645,0.8204376658101462,0.9849394947609575,0.9954461821852296
1141.jpg,3,109366,0.05696145833333333,2012,821601.0,3776.859406709671,0.9990706319702602,0.7102973977695167,0.9551645203780196,1107.499267578125,978.8322143554688,0.4678233401673252,1022.7877996896299,1312.9709193245778,0.8121638858511565,0.9341943552027873,0.9798085239854124
3176.jpg,24,81259,0.04232239583333333,1090,437782.5,3597.240008711815,2.920668058455115,0.6532887344225894,0.9805934193682782,1238.185791015625,454.4787902832031,0.9302003543669672,746.593591583146,802.4765478424016,0.8478496692782552,0.9522081598774601,0.9876591432989512
2556.jpg,19,26029,0.013556770833333334,395,433211.0,4045.834152340889,1.446343779677113,0.27012899391975775,0.9912025003660858,1709.015380859375,326.1200866699219,0.9816243877941762,742.685247203864,268.26031894934334,0.8458477234171955,0.9844435272516735,0.995874568342673
1528.jpg,8,52094,0.027132291666666666,328,617925.0,3666.418721437454,1.6091245376078915,0.5838541888118826,0.9857244039472047,1377.85986328125,590.4476928710938,0.9035298229202171,886.9986165042624,392.156191369606,0.8858319692745953,0.970144918705911,0.9939692401290314
1039.jpg,0,5672,0.0029541666666666666,101,229326.0,3999.0645916461945,1.4345295829291949,0.150392596250514,0.9178583864654252,1733.1279296875,180.99794006347656,0.9945317915811304,540.3581514476634,64.04901500938087,0.8328981461026034,0.9965547788636316,0.9990150245285058
1140.jpg,3,87741,0.0456984375,1837,924469.5,3865.195413351059,1.1457943925233645,0.7047228278269885,0.9779212062519206,1165.14208984375,1052.953857421875,0.42813913357969297,1084.929087683404,1089.7821294559099,0.8079634801669295,0.9467044586301614,0.9832408247553915
3436.jpg,28,93365,0.048627604166666664,1266,927336.5,4221.552837967873,1.4355300859598854,0.5892935555186983,0.995016529306928,1612.0806884765625,760.9630737304688,0.8815782919563329,1086.6100970800426,955.0419793621013,0.8413569503289835,0.9449590395503287,0.9853129213028312
2361.jpg,16,409,0.00021302083333333335,5,50337.0,3786.010762453079,1.3997985901309165,0.036468951726836056,0.5088245997088792,1438.1492919921875,103.65457916259766,0.9973992167071366,253.16211992186723,5.0154784240150105,0.8190323306530009,0.9997482969071744,0.9999228696456186
1052.jpg,0,9867,0.0051390625,135,338018.0,4013.314369082451,1.4534101825168109,0.21461010658189383,0.979319496111903,1776.714111328125,257.9256286621094,0.989406723435977,656.0319233332249,102.00398686679175,0.8466829706653437,0.9940835504064609,0.998431335360213
2090.jpg,11,82736,0.04309166666666667,1278,507346.0,3323.041963815689,2.356521739130435,0.6511740734798652,0.9867022181769738,1308.760986328125,524.8651123046875,0.9160606746561615,803.7244490888689,862.7300656660414,0.8392164325763609,0.9509939863939793,0.9867325367442863
2637.jpg,20,29016,0.0151125,360,245098.0,3607.3446867465973,1.5732708089097303,0.21411062559948843,0.9814971658087006,1680.77783203125,204.34844970703125,0.9925816735666231,558.6308852323679,282.9678705440901,0.853904621016254,0.9827922991908037,0.9956483887899594
2088.jpg,11,98022,0.051053125,1763,704240.5,3898.009561419487,1.9733688415446071,0.6327510238260816,0.9646119276541568,1385.994873046875,693.9661254882812,0.8656215103317987,946.9249461304013,1103.1341463414635,0.8250166066602762,0.9414734689609752,0.9830354912444028
2319.jpg,15,173412,0.09031875,2207,882991.5,4507.234084248543,1.3635539437896647,0.5322714526147257,0.9748216489769242,1670.449951171875,683.927001953125,0.9123429638757069,1060.311131444454,1809.435506566604,0.8307529769517451,0.8991843299368065,0.9721736612037246
3284.jpg,26,21879,0.0113953125,363,475285.5,4727.514175653458,1.1174887892376681,0.3421067595678368,0.5905356108931238,1000.1075439453125,951.4015502929688,0.30826895514984787,777.9153512042452,248.60506566604127,0.8304169960175851,0.9867352975180116,0.9961768359476818
2631.jpg,20,17261,0.008990104166666667,169,246649.0,3471.8299647569656,1.6801470588235294,0.22047113885670971,0.9886266391167458,1594.85595703125,199.4119873046875,0.9921523968075114,560.3956285245123,148.22772045028142,0.872148065630035,0.9898969844520511,0.9977204853373992
3576.jpg,31,142336,0.07413333333333333,2192,856305.5,4619.895986795425,1.3887867647058822,0.5208772311869817,0.9423272571608103,1595.362060546875,727.691650390625,0.8899134267013672,1044.1657076222223,1550.189493433396,0.8264347875224575,0.9161737303026951,0.976160466683582
1516.jpg,8,19592,0.010204166666666667,134,322979.0,3113.659276485443,1.739507959479016,0.3888586557377839,0.9492932742754188,1303.1900634765625,348.4808654785156,0.963583946304377,641.2718884521745,160.56308630393997,0.8778359372475496,0.9885971169595846,0.997530786357704
1460.jpg,9,62159,0.032374479166666664,700,527122.5,4379.621819496155,2.415,0.6063060731538993,0.9277802076723849,1294.4327392578125,541.1875610351562,0.9084062579440493,819.2394106240622,609.9906191369606,0.8503625621212978,0.9633361419254036,0.9906192812238648
2394.jpg,16,4740,0.00246875,50,69188.0,3574.707155942917,1.484375,0.05805921052631579,0.9160030450468342,1965.9512939453125,51.05146026611328,0.9996627794230871,296.80447709078857,46.76594746716698,0.8540698894800726,0.9971724698290931,0.9992808115604963
2453.jpg,17,56622,0.029490625,1230,942577.5,4985.660485029221,1.4995064165844028,0.612561714173935,0.8711743111125899,1501.5648193359375,852.9755859375,0.8229886708959062,1095.5030565806778,736.1231238273921,0.8023516803149616,0.9651585223118284,0.9886795570413773
2391.jpg,16,34,1.7708333333333335e-05,2,70806.0,3949.2310996055603,1.4155470249520155,0.04606916295260093,0.90011822584951,2067.28271484375,47.055545806884766,0.9997409114908042,300.25489039234304,0.6777673545966229,0.7058771412582513,0.999977069106845,0.9999895769791376
2232.jpg,14,118678,0.06181145833333333,1052,630706.5,3398.245063662529,1.9940119760479043,0.7088373927820035,0.9918180181299383,1264.5198974609375,631.574462890625,0.8663381544840048,896.1252462248276,1062.129221388368,0.8592481013366103,0.9316025342846489,0.9836660840065763
2192.jpg,13,56355,0.0293515625,897,591673.0,3945.1192972660065,2.242283950617284,0.6284071695003102,0.9584356553685861,1303.2982177734375,609.32373046875,0.8839801615117905,867.9524532784546,595.6897279549719,0.8393231667480745,0.9663893292269015,0.9908392069640609
1383.jpg,6,27705,0.0144296875,411,655797.0,4034.138635635376,1.5163265306122449,0.4503234268135249,0.9858992312566665,1600.8487548828125,549.5935668945312,0.9392207370232097,913.7760522790502,280.7312382739212,0.8483060348785731,0.9834840551262377,0.9956827847588053
1551.jpg,8,17004,0.00885625,218,421562.0,3450.6399431228638,3.2138084632516706,0.6506520225896618,0.9379393510592261,1396.8433837890625,438.6977233886719,0.9494019314479691,732.6318372536405,144.70333020637898,0.8733186848912167,0.9900571136866968,0.9977746850458835
2582.jpg,19,29311,0.015266145833333333,392,443207.0,4147.358966469765,1.495,0.2964595317725752,0.9873420823410687,1733.055419921875,333.44219970703125,0.9813163206224921,751.2048182110104,284.59451219512204,0.8545209082466388,0.9826279911544388,0.9956233735398899
1299.jpg,5,18226,0.009492708333333334,373,402869.0,7336.670925974846,0.9929292929292929,0.4139759754205329,0.5022402461403439,950.6978149414062,860.0767211914062,0.4260929449087418,716.2043996987943,209.49788930581616,0.8287807599448141,0.9889245336599959,0.9967782442514408
2480.jpg,17,28895,0.015049479166666666,901,893773.5,4212.204639434814,1.4344894026974953,0.578276338621956,0.9151420672707725,1350.9935302734375,896.1383056640625,0.7483376586474477,1066.7650932779686,437.36327392120074,0.7732597077400154,0.9816592686795246,0.9932740246375111
2583.jpg,19,38696,0.020154166666666667,592,456836.0,4099.300093889236,1.4690873405299314,0.29947759437750215,0.9876392676739015,1660.7315673828125,356.03155517578125,0.976749816018661,762.6674640094677,411.94699812382737,0.8396967018696215,0.9768238228429578,0.9936648879198501
2606.jpg,19,25317,0.0131859375,433,412608.5,4161.272746682167,1.3950276243093922,0.25078162512383834,0.9888309459844848,1738.5723876953125,303.929931640625,0.9846011549328356,724.8099466024582,287.9155722326454,0.8299641229104867,0.9846581350981878,0.9955723007376642
1092.jpg,1,44030,0.022932291666666667,740,764678.0,4460.6583968400955,1.3152573529411764,0.49114538373001193,0.9621955853745083,1586.9361572265625,626.6072998046875,0.9187440947419763,986.7209679483834,495.10905253283306,0.8301939149459585,0.9734493672175109,0.992385983260037
2190.jpg,13,71326,0.037148958333333336,1140,699635.0,3833.261430621147,1.9672774869109948,0.6092831788430121,0.9566637678305767,1316.3634033203125,714.9715576171875,0.8396411974924081,943.8235793201957,757.1339118198874,0.8373344607669931,0.9575546995170932,0.9883564433946439
2186.jpg,13,55432,0.02887083333333333,997,605443.5,3608.141590356827,2.0561959654178676,0.6113503672483536,0.9609245734755306,1259.6553955078125,649.5926513671875,0.8567747880839529,877.9946504978624,607.8217636022516,0.8334034022099933,0.9667632725165296,0.9906526348906246
3062.jpg,22,1426,0.0007427083333333333,32,856632.5,4133.313165783882,1.4365079365079365,0.5869018158598615,0.9877703768917085,1589.4945068359375,706.3585205078125,0.8958324724873654,1044.3650579684022,18.02861163227017,0.8133255042133501,0.9991184010073557,0.9997227476450609
3110.jpg,22,2083,0.0010848958333333333,49,844991.0,4101.046142101288,1.4574132492113565,0.6410742546389234,0.971611955898696,1413.6826171875,782.6799926757812,0.8327520027121702,1037.2444052128262,24.128517823639775,0.8289069205718801,0.998729333077255,0.9996289404572996
3272.jpg,25,58569,0.0305046875,974,579266.0,4016.9325662851334,1.4134241245136188,0.3878102731233648,0.9894490155318281,1655.9454345703125,466.0543212890625,0.9595779352604319,858.8040394179332,671.5996716697937,0.8254881784231779,0.9646731129942481,0.9896718286274753
2062.jpg,11,132999,0.0692703125,1513,531027.5,3749.1079790592194,2.568457538994801,0.62100199505563,0.9613149600740047,1415.3087158203125,519.005615234375,0.9303359278886579,822.2683335395153,1335.4727954971856,0.84081480593585,0.9224236874169511,0.9794624796927816
2473.jpg,17,18408,0.0095875,563,858313.0,4152.08985543251,1.5179487179487179,0.5948115038115038,0.9205100211060967,1372.68212890625,831.9905395507812,0.7953840660263383,1045.3889483633695,277.1390712945591,0.7757166567811058,0.9883082538655986,0.995738026769376
3561.jpg,30,931,0.0004848958333333333,28,779692.5,4146.4704567193985,1.111531190926276,0.6266576810308244,0.8465776359985168,1101.2000732421875,1016.7074584960938,0.3841462879348621,996.3610408548806,13.758677298311445,0.7818490405726277,0.9994090888439568,0.9997884126764939
3337.jpg,27,63007,0.03281614583333333,1109,767480.0,4476.692888736725,1.2003910068426198,0.6109322711193048,0.8403947494490754,1253.0279541015625,843.5222778320312,0.7394721789725685,988.5271295181244,695.0504221388368,0.8317143670477395,0.9622413616035757,0.9893111921056372
2433.jpg,17,7124,0.0037104166666666666,245,824830.0,4464.453213572502,1.6375143843498274,0.6670214065003109,0.8944727541666622,1426.561767578125,805.355712890625,0.8254035382515577,1024.7956741145547,105.86726078799249,0.7799240725870186,0.9954780984006363,0.9983719241412975
3452.jpg,29,69251,0.03606822916666667,1103,835445.0,4233.972109794617,1.037201062887511,0.6319271681521021,0.9283305007481025,1114.4566650390625,1060.2784423828125,0.30800117528864634,1031.3688047693065,748.5262664165103,0.8345509731168846,0.958668174088379,0.9884888157595959
3359.jpg,27,84554,0.04403854166666667,1483,893333.0,5096.035157084465,1.2702702702702702,0.6108264005650602,0.8309208714998996,1380.6217041015625,905.3438110351562,0.7549773939869843,1066.5021810652322,903.8705440900563,0.8350077449538533,0.9497601480707065,0.9860998593779402
2545.jpg,18,8642,0.004501041666666667,187,981011.5,3917.597441673279,1.5756256800870512,0.7372079758805812,0.9950844822907976,1398.557373046875,893.8963623046875,0.7690770988138714,1117.614708045648,94.41299249530958,0.8380812014959543,0.9947778723491454,0.9985480731938715
3104.jpg,22,8035,0.004184895833333333,53,804662.5,3904.8867594003677,1.6990740740740742,0.6344157615551519,0.9851027936011243,1464.5958251953125,716.424560546875,0.8721929714822828,1012.1897624286948,58.28799249530957,0.89251818233382,0.9953715157743421,0.9991036202058359
1404.jpg,7,10435,0.005434895833333333,187,701878.0,5859.931684374809,1.0702702702702702,0.5322580155913489,0.6752118580885105,1103.8101806640625,1007.9818115234375,0.40754748985999767,945.3352977539909,128.97912757973734,0.8166357772869367,0.9935808792382063,0.9980164991298905
3250.jpg,25,74126,0.03860729166666667,1238,633557.0,4303.96199631691,1.436046511627907,0.41424549372835784,0.993700334157552,1666.0244140625,486.2813415527344,0.9564545558005544,898.1479979623489,826.1984052532833,0.8289420655536106,0.9556032043217659,0.9872943375687682
2402.jpg,16,17,8.854166666666667e-06,1,52481.5,3639.92035984993,1.6241457858769932,0.04191719354519228,0.7525254335715975,1903.08740234375,42.460758209228516,0.9997510672230553,258.49859026118196,0.3388836772983114,0.705879747122801,0.9999885345270757,0.9999947884895689
1123.jpg,3,61938,0.032259375,1441,940372.5,3913.6462049484253,1.1605504587155964,0.6819976792254415,0.974661076677515,1171.155517578125,1068.2601318359375,0.40987434477045404,1094.2209346295047,788.3789868667917,0.805934964095136,0.9620538405951452,0.9878759421328885
2526.jpg,18,8679,0.0045203125,232,1062942.5,4037.018787264824,1.371124031007752,0.7279032103432218,0.9950707165645643,1365.94580078125,995.8471069335938,0.6844570732384159,1163.348797558005,111.56050656660413,0.8094850886353716,0.9946265261458523,0.9982843707660536
2366.jpg,16,693,0.0003609375,14,62965.0,4024.9123414754868,1.3857677902621723,0.039835130073894116,0.8604479549585252,2580.49951171875,40.51731872558594,0.9998767262501927,283.1422397563626,8.404315196998123,0.8210031739965158,0.9995742612143939,0.9998707545413066
1080.jpg,1,26604,0.01385625,514,662678.0,4015.982210636139,1.690023752969121,0.5530769526092378,0.9631471700526427,1469.437255859375,591.3699951171875,0.9154434728069836,918.5574750803611,314.7551594746717,0.822985492286699,0.9837873479468564,0.9951595491115143
2368.jpg,16,35,1.8229166666666668e-05,1,52054.0,3651.2756963968277,1.5043859649122806,0.041601132934376756,0.7978480450009963,1980.089599609375,39.42975616455078,0.9998017142240604,257.4436079253943,0.474437148217636,0.7999963518200508,0.9999781114393559,0.9999927038853963
3050.jpg,21,23393,0.012183854166666667,310,532145.5,4946.842162013054,1.7360335195530727,0.5979243540362342,0.9158319013030687,1074.020751953125,673.7778930664062,0.7787441951385844,823.1334607175592,213.09005628517824,0.8639420741144859,0.9862291859819196,0.9967230022408702
3545.jpg,30,2035,0.0010598958333333333,55,790818.5,4341.1811327934265,1.3864337101747173,0.6024930346943456,0.8066535117626569,1190.0030517578125,1001.6135864257812,0.5399611654479465,1003.4447602674221,26.907363977485932,0.804706885105369,0.9987329488623327,0.999586206071764
2144.jpg,12,31726,0.016523958333333335,534,803502.0,3981.3304126262665,1.6215005599104144,0.6213938366546435,0.9599721865626928,1460.9544677734375,769.5262451171875,0.850033626860983,1011.4595991307773,337.93480300187616,0.8401996474637023,0.9809730841236918,0.9948030817980211
2495.jpg,18,5501,0.002865104166666667,162,1075354.5,4048.1760808229446,1.434560327198364,0.7837095356575962,0.9934798394696289,1397.730712890625,988.7565307617188,0.7068121343432101,1170.121307390353,74.4188555347092,0.7998260493923203,0.9965638417792274,0.9988555523093116
2300.jpg,15,46852,0.024402083333333335,859,592467.5,3705.5242787599564,1.946058091286307,0.582414444277329,0.9407829966971545,1359.083740234375,591.8701782226562,0.9001925712714127,868.535002156148,515.577626641651,0.833573986292774,0.9718496173880334,0.9920712080299934
1572.jpg,2,745,0.0003880208333333333,27,456621.5,3754.754725933075,2.7335984095427435,0.6602154346647389,0.965846884729931,1321.591552734375,444.0709228515625,0.9418576231431053,762.4883938633342,11.047607879924955,0.7811230717694847,0.999526840816946,0.9998301047599434
3596.jpg,31,136304,0.07099166666666666,2067,755894.0,4620.62390935421,1.382326420198377,0.444618160022634,0.937742997575917,1660.94677734375,614.4754638671875,0.929049698903432,981.0372737200361,1489.3937617260788,0.8264512744898831,0.9195867616151608,0.9770954116549369
3153.jpg,23,30929,0.016108854166666665,448,472341.0,4332.353917717934,1.387962962962963,0.29176302720332076,0.9298948126886255,1846.573974609375,407.97576904296875,0.9752881729771872,775.5019276570185,329.4627110694184,0.8402587284677265,0.9814482899735648,0.9949333695588007
1355.jpg,6,27775,0.014466145833333333,337,578166.5,3922.4157580137253,1.4343434343434343,0.41127222933560964,0.9642319594205268,1512.232421875,507.2156677246094,0.9420727741290166,857.9886078737424,272.3946998123827,0.8531762277376586,0.9835126580847787,0.9958109879154127
3352.jpg,27,74893,0.039006770833333336,1364,750965.0,4401.628961086273,1.2925311203319503,0.6252081349113845,0.8519321667028745,1232.515625,836.590087890625,0.734354335998948,977.8334902794246,863.1367260787994,0.823050875363649,0.9549276458932155,0.9867262829317689
2668.jpg,20,3903,0.0020328125,96,190510.0,3816.349737882614,1.3894500561167227,0.1727107731415755,0.9272003426324293,1516.28466796875,168.70913696289062,0.9937907930603561,492.5087467928827,50.15478424015009,0.8100158109141631,0.9975817695362472,0.9992286964561844
3449.jpg,29,108773,0.05665260416666667,1761,919116.5,3914.0339460372925,1.0017953321364452,0.7393008017863233,0.9804688479244484,1152.1375732421875,1073.4188232421875,0.36329051282627384,1081.7834691002522,1165.9631801125706,0.8323406650254843,0.9356503194206975,0.9820692772104609
2642.jpg,20,23950,0.012473958333333333,269,236629.5,3734.5132977962494,1.4310699588477367,0.17501508817708195,0.9734234234234235,1697.2176513671875,188.4076385498047,0.9938193217994453,548.8952876923878,226.17096622889306,0.8589069691868351,0.9858407336903681,0.9965218379382264
2184.jpg,13,59763,0.0311265625,934,601709.0,3868.9182807207108,2.0,0.6070314517691116,0.953132165313763,1219.8858642578125,657.8853759765625,0.8421132276939682,875.2826361941895,624.0204033771107,0.8409889046516185,0.9644395081920096,0.9904035246920138
3056.jpg,22,11607,0.0060453125,158,658632.0,3530.453213095665,1.5788819875776396,0.6437265126007301,0.9855968586935865,1291.2115478515625,658.2882080078125,0.8602798419704513,915.749041947634,101.80065666041276,0.8698077855672304,0.9931827051779117,0.9984344622664716
2156.jpg,12,60270,0.031390625,1028,848735.5,4420.641152739525,1.423113658070678,0.5440507554341903,0.9608406182994726,1631.440673828125,750.7083129882812,0.8878409075855029,1039.540091396465,662.8564727954972,0.8324679906667514,0.9638790066366952,0.9898062855965999
1250.jpg,4,2288,0.0011916666666666666,50,324649.5,2323.790094733238,1.7829614604462474,0.7491675262549412,0.9950729026503646,868.7045288085938,477.2643737792969,0.8355609110669882,642.9281309590507,25.348499061913696,0.8363433153562305,0.9986132108249084,0.9996101790197474
3458.jpg,29,104698,0.05453020833333334,1510,859953.0,4172.609627723694,1.0690582959641255,0.6470287717819845,0.948372624941137,1126.8394775390625,1077.671630859375,0.2921693716254542,1046.3871970803339,1068.6357879924954,0.8407136026785598,0.9384358050501983,0.9835660230062976
2401.jpg,16,17,8.854166666666667e-06,1,70469.5,3565.2929408550262,1.4726477024070022,0.057280913379784824,0.9274377163312846,2026.1470947265625,51.37614822387695,0.9996784703933355,299.54057170559474,0.3388836772983114,0.705879747122801,0.9999885345270757,0.9999947884895689
2245.jpg,14,170586,0.088846875,1671,776450.0,4086.2908725738525,1.5238095238095237,0.5460451548294176,0.9874874171503207,1576.203857421875,640.1107788085938,0.9138245858601479,994.2871036625272,1610.1041275797372,0.8471501394463321,0.9021386936383652,0.9752390716393483
3127.jpg,23,21316,0.011102083333333334,290,580884.0,4099.133571982384,1.4346959122632104,0.40246460063866774,0.9592794554300115,1664.06640625,502.13671875,0.9533861966565489,860.0026044750913,221.96880863039402,0.8446335723701313,0.9872319022244078,0.9965864606675732
2508.jpg,18,4607,0.0023994791666666665,118,1197105.0,4310.030978679657,1.3330316742081447,0.7354738229303942,0.9949843721363981,1427.1407470703125,1069.3184814453125,0.6622608975068889,1234.5855276975294,58.35576923076923,0.8126606861416256,0.997152415302443,0.9991025779037499
2440.jpg,17,25706,0.013388541666666667,653,832384.5,4117.02889251709,1.8096969696969698,0.6757876149302807,0.9364371861586066,1471.3709716796875,772.067138671875,0.8512709579897103,1029.4779559682695,338.8836772983115,0.802851702101686,0.9840633593784301,0.9947884895688139
3087.jpg,22,5361,0.0027921875,39,976825.5,4174.283727049828,1.4479371316306484,0.6509861169238643,0.9888569221720676,1556.837890625,815.9544067382812,0.851650539041003,1115.2277143730323,42.292682926829265,0.8832776908661817,0.9968840259722068,0.9993496034981879
2164.jpg,12,91525,0.04766927083333333,1429,956762.0,4211.036030888557,1.5667011375387798,0.6530776345473224,0.9780572402928972,1518.3338623046875,862.0546875,0.8231916566706855,1103.7151866763018,963.8529549718573,0.8368390609273348,0.9458060843149462,0.9851774220316204
2037.jpg,10,90519,0.0471453125,1134,882800.0,4146.550749182701,1.6056955093099672,0.6595649620682905,0.9803790917611731,1316.514404296875,866.4440307617188,0.7529000587411199,1060.1961469898868,861.374530956848,0.8526471988806046,0.9471166700758076,0.986753382786011
1198.jpg,4,3544,0.0018458333333333334,95,326920.5,2393.6235761642456,2.2149532710280373,0.8057309535076305,0.9946800580523262,943.2509155273438,451.8699645996094,0.8777843673578519,645.1729292093646,45.27485928705441,0.811163636909825,0.9978061252640812,0.9993037422063936
1040.jpg,0,7297,0.0038005208333333333,124,218696.0,3982.1428027153015,1.3625349487418452,0.13940994157042083,0.929849699185782,1729.8994140625,165.00877380371094,0.9954403277581598,527.6858871292667,85.05980300187618,0.8273549601648016,0.9955484572270186,0.9986919108817722
2469.jpg,17,46047,0.0239828125,1071,909860.5,4249.288777709007,1.5750528541226216,0.6455017239666841,0.9219182690407844,1495.1492919921875,814.2483520507812,0.8387002385522916,1076.3226137141723,623.3426360225141,0.795358338121701,0.9714225976015943,0.9904139477128762
2014.jpg,10,78737,0.041008854166666664,1155,932604.5,4228.5091235637665,1.7457240592930445,0.6945807176207113,0.9766269357561439,1426.6922607421875,853.0556640625,0.8015516905458043,1089.6921257850604,809.6608818011257,0.8417875469984862,0.9534160516205407,0.98754865927781
2454.jpg,17,33607,0.017503645833333335,870,826193.5,4236.05833363533,1.6997716894977168,0.6334071624178527,0.9002616249294452,1443.011962890625,769.5682983398438,0.8459218077169198,1025.6423527736902,462.16955909943715,0.7934787068453216,0.9790440680954063,0.9928925420739483
3534.jpg,30,55739,0.029030729166666668,869,820035.5,5356.7487943172455,1.2460093896713615,0.5802459570282786,0.7848476408692673,1131.217529296875,1049.949951171875,0.37218343467848064,1021.812911783107,588.7087242026267,0.8395043421493326,0.9667565867577813,0.9909465640789434
1603.jpg,2,735,0.0003828125,22,206894.5,2833.2703223228455,3.273846153846154,0.5983068247541932,0.950149139263236,1008.2855224609375,267.44732666015625,0.9641797821236644,513.2506785073052,10.36984052532833,0.7917569668027997,0.9995372631388709,0.9998405277808058
3146.jpg,23,29354,0.015288541666666667,392,418176.5,4415.944756031036,1.3901760889712698,0.2583728761198641,0.6675044195521787,1743.06689453125,455.6619567871094,0.9652267921638763,729.6840799133169,286.96669793621015,0.8535198455550026,0.9825874816825745,0.9955868929668715
2516.jpg,18,40485,0.0210859375,905,1123549.5,4171.763955593109,1.428294573643411,0.7386097393581774,0.9936949362705667,1413.9805908203125,1010.7998657226562,0.6992663733515315,1196.0550379758533,492.9401969981238,0.8164811297582896,0.9752788246270876,0.9924193369267966
3415.jpg,28,77656,0.040445833333333334,1059,905849.0,4388.530547499657,1.3405797101449275,0.5544022963180572,0.9952410538349261,1662.4322509765625,696.0098876953125,0.9081386154132296,1073.9472837894803,765.8771106941839,0.8483489646439947,0.9543029393007136,0.9882219864255193
3072.jpg,22,819,0.0004265625,11,847135.5,4124.141592502594,1.428007889546351,0.5769608764588577,0.9855426452410383,1563.4722900390625,708.492919921875,0.8914325085497349,1038.5597808258292,8.133208255159476,0.8534172876880131,0.9995107019439833,0.9998749237496516
3467.jpg,29,101553,0.0528921875,1483,918818.5,4341.420805573463,1.1046207497820402,0.6322512521942214,0.9403747094650677,1185.162109375,1111.1141357421875,0.34792921515684594,1081.6080845825095,1055.9615384615386,0.8380091646290628,0.9400936310221907,0.9837609334964239
3512.jpg,30,50210,0.026151041666666666,908,656192.5,4044.1861877441406,0.8677685950413223,0.637634157836178,0.8353393843725335,987.2567749023438,948.6165161132812,0.27703099029237466,914.0515521340294,560.5136022514072,0.8308659775555888,0.969788124159186,0.9913801617468181
3161.jpg,23,33371,0.017380729166666668,523,409765.5,4223.209698319435,1.5106167846309404,0.2773246677305785,0.7027326218524,1768.30859375,444.2937927246094,0.9679213082671849,722.3085481068158,345.3224671669794,0.8446202227810857,0.9800710838415587,0.9946894708706213
3070.jpg,22,3395,0.0017682291666666666,39,779862.5,4002.318216085434,1.67595818815331,0.6276948350119081,0.9846556033309954,1512.110595703125,666.4635009765625,0.8976296546061656,996.4696555620877,31.855065666041277,0.8613157403784358,0.9979869445879859,0.9995101180194684
1238.jpg,4,652,0.00033958333333333334,26,297748.5,2353.6479593515396,2.0176211453744495,0.7159756555027605,0.9927382208641117,935.0904541015625,409.5340576171875,0.8989934997742622,615.7151651417867,10.166510318949344,0.7698604498759164,0.9995820707867012,0.9998436546870644
2279.jpg,14,127564,0.06643958333333333,1478,833520.5,4445.483859419823,1.4189944134078212,0.509245309071003,0.9834255284381145,1675.07763671875,650.8639526367188,0.9214244848848093,1030.1802084817127,1297.3822701688557,0.8392555141958304,0.9253773529483473,0.9800482534652468
1508.jpg,8,34387,0.017909895833333335,112,410145.5,3231.9952805042267,2.9522776572668112,0.6537006252580007,0.9669103909529293,1225.1778564453125,441.3061218261719,0.9328760313770041,722.6433904044067,170.86515009380864,0.9253495938056143,0.9809074161802639,0.997372356440596
3243.jpg,25,44568,0.0232125,774,522242.0,3899.251322865486,1.528421052631579,0.3786008409453386,0.9929499001806256,1638.401123046875,421.53411865234375,0.9663358784562706,815.4380211405285,499.37898686679176,0.8307483805140414,0.9731413742652676,0.992320318228604
3160.jpg,23,27761,0.014458854166666667,382,465944.5,4191.341723680496,1.527123848515865,0.3196471251656738,0.885141155037832,1726.52392578125,427.968505859375,0.9687910766496816,770.2330576207781,272.4624765478424,0.853066720801071,0.9835193364299377,0.9958099456133263
2493.jpg,18,8192,0.004266666666666667,243,1068081.0,4055.570088982582,1.2648945921173236,0.7094149762882078,0.9940010814060513,1302.369140625,1062.125,0.5787105851737351,1166.1573505236236,109.18832082551596,0.8025015394723173,0.9948976980491577,0.9983208513390718
3282.jpg,26,31450,0.016380208333333333,493,476631.5,4429.39642739296,1.1627906976744187,0.38487685723514214,0.6476358641005713,1017.4480590820312,872.1170043945312,0.5150482196493666,779.0160935862864,354.06566604127585,0.8311271694571968,0.9809897899955952,0.9945550139014967
1367.jpg,6,18599,0.009686979166666667,232,423009.0,3538.6197313070297,1.7997364953886692,0.4079971527613007,0.9618475265355125,1374.9794921875,417.5247802734375,0.9527808056154717,733.8881294712951,165.71411819887433,0.8672546134404613,0.9890702008505368,0.9974515713991501
2153.jpg,12,31691,0.016505729166666667,552,912288.0,4427.050315618515,1.3682771194165908,0.5540444929755125,0.9651410544222725,1615.3399658203125,784.0836791992188,0.8742929980481936,1077.7574670524682,324.44723264540335,0.8464109663321249,0.981095701543675,0.9950104999131824
2528.jpg,18,11716,0.0061020833333333335,331,932520.0,3905.119294524193,1.627062706270627,0.6936271720478336,0.9952745484672301,1383.1322021484375,860.62109375,0.7828375032373186,1089.6427580892896,154.66651031894935,0.8040270345752322,0.9927184155802965,0.9976214666392067
3259.jpg,25,76985,0.04009635416666667,1042,623492.5,4053.0330681800842,1.3851286939942802,0.40906293609028227,0.9932107217072916,1671.0118408203125,477.2152404785156,0.9583535041241623,890.9855817272177,788.5145403377111,0.8425630565652886,0.9544617944567635,0.987873857528716
2554.jpg,19,46360,0.02414583333333333,825,447020.0,4138.814806103706,1.4538310412573674,0.29669994159188656,0.9875992249791774,1708.4593505859375,341.23614501953125,0.9798503086390461,754.4292818333024,532.2507035647279,0.8264142901376637,0.9719708375214294,0.991814801716779
1312.jpg,5,14337,0.0074671875,237,535683.5,8880.779785871506,1.1684397163120568,0.3603161759166586,0.4896131096417086,1058.2156982421875,966.1915893554688,0.40787356280587533,825.8652527271859,149.718808630394,0.8447632289235596,0.9913983877255961,0.997697554691502
1611.jpg,2,292,0.00015208333333333333,5,179785.0,3231.1252230405807,4.757201646090535,0.6400138123513748,0.9391144007814418,1088.0472412109375,214.2678680419922,0.9804177868106511,478.44474242091036,2.575515947467167,0.8698432066402285,0.99982802666621,0.999960392520723
1365.jpg,6,24363,0.0126890625,326,371514.5,3284.5192329883575,1.3302646720368239,0.3698266113458177,0.9498418696453635,1239.8751220703125,416.56207275390625,0.9418723340235707,687.7695492259828,238.03189493433396,0.8539931321507156,0.9855360014739133,0.9963394350731348
3046.jpg,21,30551,0.015911979166666666,426,556589.0,4943.192448139191,1.5665399239543727,0.5707410962219187,0.915507935189442,1241.80908203125,614.18017578125,0.8691292499540709,841.8260657431555,318.41510318949344,0.8437363268515253,0.981728232880101,0.9951032647988575
2217.jpg,13,83149,0.043306770833333334,1364,799735.5,4129.455299735069,1.7569444444444444,0.6097627086078173,0.9608007799477032,1476.2918701171875,738.4722290039062,0.8658977586853275,1009.0861528772198,866.186679174484,0.8393379079136716,0.9507599885260382,0.9866793793378882
3406.jpg,28,74385,0.0387421875,916,772907.5,4313.337551355362,1.6202393906420023,0.5648294237538832,0.9932635052775848,1580.202392578125,638.0580444335938,0.9148550197045527,992.0163271954715,700.8114446529081,0.8553873662766808,0.9564577480284385,0.9892225964283071
2105.jpg,11,99940,0.05205208333333333,1669,611640.0,3657.1496086120605,2.2773497688751925,0.6376417555060246,0.977248815466875,1412.3779296875,588.776611328125,0.9089665645639002,882.4761952267125,1125.0260318949342,0.8247843002228767,0.9403479396331691,0.9826988276705482
1436.jpg,7,23200,0.012083333333333333,505,922840.5,6218.7184846401215,1.3231871083258728,0.5589835643753869,0.7458520468408151,1344.3199462890625,1023.3567504882812,0.6484644543329791,1083.9727939773995,296.3876641651033,0.8092016993982434,0.9856841876255629,0.9954420129768846
3339.jpg,27,88033,0.04585052083333333,1381,736857.0,4712.481770396233,1.2617853560682046,0.5874993820890334,0.8270037126990469,1227.3226318359375,835.8901977539062,0.7322201505126913,968.6049097619307,932.1334427767355,0.8362623416451826,0.9477984499249131,0.9856652194079792
2055.jpg,11,81734,0.04256979166666667,1347,544847.5,3858.186189174652,2.6049382716049383,0.6505960291787419,0.9766690029630931,1437.2010498046875,514.959228515625,0.9336038120174699,832.8993833891892,877.03095684803,0.8346377117939497,0.9513834132646503,0.9865126110040903
3015.jpg,21,48928,0.025483333333333334,741,751058.0,6923.253744363785,1.4610202117420596,0.4761964542271694,0.9227663652447415,1541.2200927734375,670.2739868164062,0.9004795806250754,977.8940361765696,507.24108818011257,0.8430381363792864,0.9708563370066693,0.9921994111866006
1486.jpg,9,55873,0.029100520833333334,970,574453.0,4714.658398032188,2.0815384615384613,0.6531957473420889,0.9325929341173491,1284.173583984375,599.4189453125,0.8843765921384011,855.2287858764744,641.9812382739212,0.8253882072025661,0.9662727334300195,0.9901273146391609
3405.jpg,28,76879,0.04004114583333333,776,758015.0,4224.707168221474,1.446124763705104,0.46827470748854044,0.9922461035803275,1644.8189697265625,593.5504760742188,0.9326197384629626,982.4126798359356,682.0372889305818,0.8636426798202452,0.9553530201094346,0.9895113141061949
2425.jpg,17,4873,0.0025380208333333335,186,712575.5,4077.028897881508,1.817824377457405,0.6733329805599836,0.9160934457726928,1415.046142578125,707.1611328125,0.8661730272559401,952.5121023952562,76.58771106941839,0.7675195847005417,0.9968737386599723,0.998822198642552
2511.jpg,18,17672,0.009204166666666666,469,976139.5,3975.9893522262573,1.5480464625131996,0.703117549351654,0.9910136234747322,1374.587158203125,907.1146240234375,0.7513377470758597,1114.836047398006,230.64423076923077,0.8056455012296632,0.9890477098422457,0.9964530460005346
2274.jpg,14,194579,0.10134322916666667,1594,918636.5,4453.033067941666,1.450381679389313,0.5766852275010044,0.9852169702403583,1668.9599609375,711.8802490234375,0.9044681153676245,1081.5009565585706,1805.436679174484,0.8476500110553937,0.8892463236215371,0.9722351570268126
1122.jpg,1,47034,0.024496875,886,447914.5,3423.6420298814774,2.650095602294455,0.6179170839782695,0.959462469930747,1250.2490234375,470.2053527832031,0.9265833986575159,755.1837220572739,551.4315196998124,0.822672055208585,0.9714776994245136,0.9915198302263739
3271.jpg,25,67389,0.0350984375,939,563694.5,4246.2879012823105,1.564844587352626,0.41381792420972263,0.9902050079882938,1620.94677734375,442.2566223144531,0.9620598602987293,847.182464732194,720.873358348968,0.8364252794973049,0.9598244182256658,0.9889140750107808
3404.jpg,28,71729,0.037358854166666663,983,856675.0,4157.687837123871,1.5917721518987342,0.5988506373852525,0.996075230466118,1618.0662841796875,684.1065063476562,0.9062264554719931,1044.390964622921,717.6878517823641,0.8466420508277012,0.957661284349925,0.988963063208834
3017.jpg,21,67674,0.035246875,1150,865021.0,7279.974528193474,1.3922859830667922,0.5498341003279855,0.9202400012766025,1541.4444580078125,755.6727294921875,0.8715893091368971,1049.4660281430529,754.4906191369606,0.8294918746127421,0.959417272797695,0.9883970931760071
2426.jpg,17,39011,0.020318229166666667,840,655786.5,3735.0045108795166,1.597758405977584,0.636532042253863,0.9430146027911391,1329.5006103515625,681.4885864257812,0.8586335616834487,913.7687369917323,494.97349906191374,0.8089113802630614,0.9760177846789685,0.9923880678642096
2460.jpg,17,29336,0.015279166666666667,715,948635.0,5017.829972624779,1.6637931034482758,0.6620699426031803,0.9026671278479091,1605.6734619140625,843.0576782226562,0.8510718328112015,1099.0175592409073,364.2999530956849,0.813933298078901,0.9819974406778628,0.9943976262864749
1343.jpg,6,24943,0.012991145833333334,338,538155.5,3710.3081134557724,1.5165562913907285,0.4323075823155351,0.9679142798046745,1438.5682373046875,495.5056457519531,0.938807006410666,827.7686052374322,248.13062851782365,0.8512922617094405,0.9851588988489205,0.9961841320622855
2549.jpg,19,28162,0.014667708333333333,275,410392.5,3904.9741908311844,1.5231243576567317,0.2846022776920164,0.9919019777978116,1756.14990234375,317.6181640625,0.9835087577252696,722.8609547227775,230.84756097560978,0.8772553768904792,0.9836358710857681,0.9964499190942759
3496.jpg,29,24137,0.012571354166666666,204,818884.5,4575.528451919556,1.1077625570776255,0.6165207963952162,0.9238813000471031,1081.507568359375,1049.5538330078125,0.24128439532165366,1021.0955528111369,229.96646341463415,0.8576366152659827,0.9857149502142525,0.9964634690213972
1127.jpg,3,62267,0.032430729166666665,1497,897194.5,4025.670594215393,1.070110701107011,0.7135087956483013,0.9543069053654033,1096.398193359375,1062.5631103515625,0.24651181599347097,1068.804714023517,809.8642120075046,0.8016644085641872,0.9617195919351283,0.9875455323715513
1317.jpg,5,15629,0.008140104166666667,258,477595.5,8232.196959376335,1.128372093023256,0.366261239671006,0.5093137795949446,1004.9439697265625,891.6939086914062,0.4611790642162247,779.8034861345276,170.25515947467167,0.8379532436591097,0.9905709722066509,0.9973817371593721
3113.jpg,23,32807,0.017086979166666665,358,439156.5,4523.473752260208,1.3502392344497607,0.2978351910315057,0.9134117603013393,1587.800537109375,396.3989562988281,0.968335399540517,747.764282463055,324.3794559099437,0.8515788442976426,0.9805231669226295,0.9950115422152686
2299.jpg,15,136403,0.07104322916666667,2028,843646.5,4109.573049783707,1.6666666666666667,0.6551398385537397,0.9788200855898267,1465.9483642578125,748.6510009765625,0.8597625610181122,1036.418875540876,1478.0750469043153,0.827885609353825,0.9196289533011386,0.9772694761033384
1475.jpg,9,31251,0.0162765625,464,389413.5,3709.0389969348907,2.346590909090909,0.5952587313816128,0.9212003576801885,1126.2235107421875,475.63873291015625,0.9064418364632538,704.1425050753053,337.5959193245779,0.8379742284892502,0.9812197514309953,0.9948082933084524
2213.jpg,13,105536,0.054966666666666664,1442,737052.5,4046.901037335396,2.049731182795699,0.6496144015512074,0.9748249870715936,1382.9552001953125,694.35888671875,0.8648191903681335,968.733394462023,1073.3801594746717,0.8412034884463075,0.9379837099163769,0.983493061860261
1466.jpg,9,37330,0.019442708333333333,546,431227.5,3917.690799355507,2.15817223198594,0.6171572219391698,0.9294777840524544,1131.1881103515625,523.3367309570312,0.8865444546583674,740.9830671326318,413.57363977485926,0.8332957679267352,0.9775108571369364,0.9936398726697804
2315.jpg,15,84476,0.043997916666666664,1572,880012.5,4379.327446103096,1.3962790697674419,0.5453805989805246,0.9679561566086817,1627.10009765625,705.0255126953125,0.9012488505832,1058.5210035050095,980.5260318949344,0.8208574295709611,0.9491963858360601,0.984921015718406
3119.jpg,23,24758,0.012894791666666667,283,475288.0,3972.800533890724,1.5311158798283262,0.3573690716440445,0.9049183449076829,1655.67138671875,469.189208984375,0.9590068020711475,777.9173971175127,225.15431519699814,0.8640672277400288,0.9854322220052205,0.99653747246952
2470.jpg,17,49201,0.025625520833333332,1152,929375.0,4557.781204223633,1.6733111849390918,0.6811437424923027,0.9354841794337924,1520.5091552734375,825.4485473632812,0.8398126020020977,1087.8037515509136,641.7779080675423,0.8024798396672643,0.9696698330818615,0.9901304415454197
1310.jpg,5,14627,0.007618229166666666,228,452272.0,8286.924882411957,1.1976630963972736,0.35803389776838374,0.47354853570942446,997.498291015625,912.2820434570312,0.40442756760926074,758.8482031186879,158.93644465290808,0.8384485380039097,0.9911770635433422,0.9975558016077737
2170.jpg,13,55646,0.028982291666666667,911,550615.5,3464.0928218364716,2.1588785046728973,0.6187998138932719,0.9563173612914263,1235.104248046875,606.86572265625,0.8709634695023932,837.2964997801698,606.6017823639775,0.834358162159146,0.9666641055190132,0.9906713963281768
2008.jpg,10,80454,0.041903125,1250,959779.0,4078.7416561841965,1.3613030602171767,0.6870645352262502,0.9860589501088254,1270.6185302734375,968.7833862304688,0.64704687007668,1105.4540139718024,858.7990150093809,0.8356136679791918,0.9521684165808789,0.9867929902652881
3361.jpg,27,59925,0.0312109375,1131,722740.5,4259.753855228424,1.2330293819655522,0.6016925870332398,0.84296353835899,1276.5684814453125,799.86279296875,0.7793630833779828,959.2819112136244,647.8100375234521,0.8353588061332465,0.9641714288192041,0.9900376766597445
2555.jpg,19,19778,0.010301041666666667,239,415188.5,3969.3661167621613,1.4723865877712032,0.2742505789674629,0.9876210921936048,1641.9227294921875,332.3628234863281,0.9792981946374498,727.0724975676601,194.31590056285177,0.8535312301167838,0.9882399125787477,0.9970117199187579
2106.jpg,11,66681,0.0347296875,1028,558547.5,3883.749673604965,1.5017584994138335,0.5111659908135222,0.9587292296574873,1355.651123046875,579.9916381835938,0.903858027340167,843.3058547247039,728.1932457786116,0.8330737187931552,0.9601246016115124,0.9888015063854672
3311.jpg,26,31642,0.016480208333333333,504,531665.0,4325.957824230194,1.0867208672086721,0.3992315207164263,0.6670798810795686,1071.640869140625,937.7877197265625,0.48395091748271624,822.761753213906,359.3522514071294,0.8296283833105752,0.9808501488390551,0.9944737143387702
2240.jpg,14,176455,0.09190364583333334,1539,820887.0,4306.221889734268,1.456896551724138,0.5169561011736078,0.9778401172140228,1657.6795654296875,652.6902465820312,0.9192230157765945,1022.3432839115311,1634.5037523452158,0.8494894777760625,0.8991589152278964,0.974863842888303
1114.jpg,1,40252,0.02096458333333333,722,868641.5,4583.552835702896,1.434782608695652,0.5408578469830216,0.9666383269476231,1625.271728515625,694.83349609375,0.9040066681087796,1051.6599773681933,449.08864915572235,0.83185986923418,0.9757387135216098,0.9930937063765921
3035.jpg,21,53051,0.027630729166666666,952,810487.5,6940.678063631058,1.4032567049808429,0.5299174218351576,0.9360945371891091,1537.5595703125,707.4328002929688,0.8878665481354364,1015.8468071089952,605.3818011257036,0.826846357460206,0.9679925086994928,0.990690157765729
1374.jpg,6,14353,0.007475520833333333,147,426404.0,3484.325355529785,1.3432343234323432,0.3841861663643842,0.9546126679763364,1324.8203125,425.3986511230469,0.9470455892129508,736.8272761192085,134.19793621013133,0.8610100738140093,0.9915099515947468,0.9979362418692503
1057.jpg,0,14631,0.0076203125,286,424452.5,4112.679828643799,1.4448633364750236,0.2609585659628912,0.9539072999492092,1904.5172119140625,355.73614501953125,0.9824007266449727,735.1392438590811,165.64634146341464,0.8316739196571432,0.9911231967767125,0.9974526137012362
2357.jpg,16,1616,0.0008416666666666667,44,80102.5,3833.2828373908997,1.432595573440644,0.056591303438609186,0.7956938511969802,2033.6265869140625,63.38209915161133,0.9995141901408041,319.358216791346,22.366322701688556,0.7956199517543221,0.9989860789006967,0.9996560403115416
1288.jpg,5,25797,0.0134359375,481,409954.5,6583.620068788528,0.9906191369606003,0.3641786947808289,0.5806906027458382,908.737548828125,817.9431762695312,0.43570948377257374,722.4751074896154,288.3900093808631,0.8328105887928492,0.9844071446052219,0.9955650046230606
2561.jpg,19,25023,0.0130328125,367,298663.0,3559.9275089502335,1.3799171842650104,0.231939195979119,0.987643828776172,1589.7633056640625,257.09881591796875,0.9868364478748014,616.6599890938587,255.11163227016888,0.8475908254615954,0.9850636091212082,0.9960767749474031
1513.jpg,8,29021,0.015115104166666667,295,364369.5,3216.1820122003555,3.598984771573604,0.6521831348936444,0.9762573312506196,1262.0242919921875,371.3254089355469,0.9557346422513541,681.1238186228543,227.18761726078802,0.8827236805128525,0.9832226335307522,0.996506203406933
2027.jpg,10,42028,0.021889583333333334,683,867592.0,3948.398510694504,1.6170921198668147,0.6608930670337313,0.9788909185479876,1316.29345703125,858.4542236328125,0.7580680945440254,1051.0244731193795,414.8613977485928,0.8510975477180637,0.9750967318965547,0.993620068930142
3471.jpg,29,137938,0.07184270833333334,1877,1123444.0,4699.334586143494,1.3228417266187051,0.6868058238657204,0.954301259086382,1396.4488525390625,1107.5999755859375,0.609020210107003,1195.9988825644655,1378.7821294559099,0.8410975778897547,0.9196771802134406,0.9787964486596761
3067.jpg,22,743,0.00038697916666666666,26,914969.5,4240.308109998703,1.3949104618284638,0.5826792037088927,0.9860010129746972,1606.266845703125,737.8598022460938,0.8882485541691585,1079.340238120751,11.115384615384615,0.7791877134949806,0.9995273615916064,0.9998290624578571
2389.jpg,16,849,0.0004421875,20,58001.5,3542.6411447525024,1.6835138387484958,0.0498908021803437,0.7036241773572317,1650.4583740234375,59.4954719543457,0.9993500651336582,271.7532032082723,10.912054409005629,0.8102811917030869,0.9994737007112721,0.9998321893641158
3248.jpg,25,25451,0.013255729166666667,579,523799.5,4092.797568798065,1.3838862559241707,0.3400632993572681,0.9924655535681804,1717.722900390625,399.130859375,0.9726297461510909,816.6530701053574,308.45192307692315,0.818782130729745,0.9844301610334288,0.9952564832055344
2373.jpg,16,34,1.7708333333333335e-05,2,50050.0,3674.6137915849686,1.4375,0.03777928743961353,0.6835797452794755,1936.7518310546875,44.95093536376953,0.9997306245466857,252.4393773047202,0.6777673545966229,0.7058771412582513,0.999977069106845,0.9999895769791376
3433.jpg,28,67686,0.035253125,733,725546.5,4078.2391325235367,1.4407443682664054,0.48308865290490455,0.9948894344851417,1608.732421875,581.1019897460938,0.9324816666486105,961.1422867318818,608.0250938086303,0.8626152425110121,0.9605598003913587,0.9906495079843658
2503.jpg,18,8578,0.004467708333333333,228,1043458.5,4154.096992254257,1.530549898167006,0.7069760682301385,0.9945438498336324,1421.3199462890625,939.87890625,0.7501463237054031,1152.6372480056489,107.08724202626642,0.8149807516314703,0.9947134338706453,0.9983531627037452
3135.jpg,23,32421,0.0168859375,492,532938.0,4262.4371737241745,1.4187380497131932,0.3433294851906634,0.9581347099956942,1831.3548583984375,457.57061767578125,0.9682836231720544,823.7461602290284,332.2415572232645,0.8462030731624979,0.980660313596942,0.994890635173265
1370.jpg,6,35894,0.018694791666666665,515,618087.0,3925.8644622564316,1.5684782608695653,0.4655812166681732,0.9770326888407116,1490.4254150390625,567.422119140625,0.9246938637397913,887.1148800954262,368.56988742964353,0.8456102673278757,0.9785963929684142,0.994331961255042
1585.jpg,2,598,0.00031145833333333335,22,231293.5,2662.500771522522,3.4423676012461057,0.6520728492691109,0.9606628053554407,994.7357788085938,301.490234375,0.9529632895940455,542.6711993833857,9.014305816135085,0.7775226374807603,0.9996190669103485,0.9998613738225305
1518.jpg,8,41975,0.021861979166666667,304,529092.5,3405.950688123703,1.7413073713490959,0.5877577794860629,0.9858125569444781,1255.22509765625,548.4395751953125,0.899497804962218,820.7688431116212,294.0832551594747,0.8943170627006233,0.9760653774866651,0.9954774512478167
3016.jpg,21,48856,0.025445833333333334,790,835931.5,7408.099415063858,1.4225621414913958,0.5370764073068937,0.9106687154760459,1531.8040771484375,742.75244140625,0.8745766084569793,1031.669056669716,531.3696060037523,0.8353357710973408,0.9707049557553155,0.9918283516439002
1242.jpg,4,1768,0.0009208333333333333,63,280632.0,2209.557558655739,2.0488997555012225,0.818784975287534,0.9938449552006233,861.8966064453125,424.016357421875,0.8706193087042569,597.7556021637256,25.41627579737336,0.7877003127137957,0.9988834581907898,0.999609136717661
1246.jpg,4,187,9.739583333333333e-05,5,302069.0,2409.925090074539,2.471794871794872,0.8034604745185658,0.9936120732473496,982.4705810546875,400.9229736328125,0.9129478198127305,620.1662648343635,2.168855534709193,0.8288603266322926,0.9998858697075597,0.9999666463332405
1580.jpg,2,10359,0.0053953125,272,334180.5,3258.8825842142105,2.841743119266055,0.6186190772374881,0.9700886396920616,1161.9761962890625,371.1438293457031,0.9476174831324059,652.2973460618778,131.0124296435272,0.8123861081162652,0.9936046380642892,0.9979852300673034
2490.jpg,18,7092,0.00369375,258,1039565.5,4002.2248493433,1.4621676891615543,0.7433219643342343,0.9966569276234897,1380.51904296875,961.8873291015625,0.7173065251674836,1150.4850733244573,108.78166041275799,0.7728490999182924,0.9954722897863341,0.9983271051515892
3431.jpg,28,79828,0.041577083333333334,964,798649.0,4061.2269364595413,1.3616412213740459,0.5340361993612821,0.9923558743093013,1585.868408203125,658.1394653320312,0.9098202387091,1008.4004607115137,766.8259849906192,0.8521179307695133,0.9532060352062697,0.9882073941963121
2045.jpg,10,63878,0.033269791666666666,972,941531.0,4373.379177570343,1.5918803418803418,0.6751068376068377,0.9777249095647217,1421.185546875,852.2526245117188,0.8002419692296042,1094.89474461888,655.8076923076923,0.8433073565470962,0.9621078826770261,0.9899146850135686
2348.jpg,16,26,1.3541666666666666e-05,1,58636.0,3927.2168283462524,1.5071982281284606,0.047710993561343,0.7756700267216975,1820.9259033203125,51.23240280151367,0.9996041224460054,273.2355649345286,0.40666041275797377,0.7692276422340514,0.9999833229742525,0.9999937461874826
2365.jpg,16,2794,0.0014552083333333333,36,73161.0,3767.348860144615,1.327237728585178,0.05106223491238368,0.7622882923246037,1749.0867919921875,67.94100952148438,0.9992452985447905,305.20727110009886,30.702861163227016,0.8376304282296506,0.9983085978720455,0.9995278371549345
3261.jpg,25,34884,0.01816875,652,442731.5,3681.979245901108,1.387669801462905,0.3483617070161524,0.9895000217911425,1559.128662109375,364.77685546875,0.9722457425616474,750.8017404747512,401.91604127579745,0.8268603278727865,0.9788554875564047,0.9938191486286132
2335.jpg,15,124486,0.06483645833333333,1926,869799.0,4507.829972267151,1.4114114114114114,0.6174962196238792,0.9882041374421071,1536.9517822265625,723.51904296875,0.8822669977344936,1052.360433868121,1348.7570356472797,0.8290520771497613,0.9264729593947522,0.979258188483879
2051.jpg,11,102424,0.053345833333333335,1344,486532.5,3377.5343829393387,1.8238993710691824,0.6594725927130775,0.9721880863461158,1138.236572265625,587.5780639648438,0.8564572996305754,787.0657017040321,1081.7844746716698,0.8353801051206559,0.9394576190565398,0.9833638164015677
3460.jpg,29,145341,0.0756984375,2024,1035714.5,4700.499014377594,1.236983842010772,0.6746921357156445,0.9596822353787643,1331.2386474609375,1085.424072265625,0.5789698110728531,1148.3521491492088,1495.15478424015,0.8357800478285496,0.9151603432604869,0.9770068159776066
3335.jpg,27,46226,0.024076041666666666,882,690443.0,4055.178167939186,1.4852607709750567,0.5975688494227207,0.8528725835340621,1215.0958251953125,780.2335815429688,0.7666067236189344,937.6029708707092,520.3219981238274,0.8298249266889951,0.972132047978521,0.9919982468839568
1524.jpg,8,20769,0.0108171875,178,401751.0,3101.919163107872,2.1660839160839163,0.5668780372170202,0.9863797681552964,1197.645751953125,438.7618713378906,0.9304756934821253,715.2099414415997,167.67964352720455,0.879576701872432,0.9879343933702509,0.9974213446386492
2312.jpg,15,82638,0.043040625,1463,765243.0,4077.0461386442184,1.5022172949002217,0.6261141702326114,0.9569251565763962,1448.0892333984375,704.44580078125,0.8736996529842596,987.0854314251478,914.579268292683,0.8293604793429757,0.9506352227195314,0.9859351756483148
1500.jpg,8,28384,0.014783333333333334,272,438636.5,3462.906967639923,3.070212765957447,0.6467561669689329,0.9690358497964774,1281.246826171875,446.5334167480469,0.9373032963449002,747.3214419272507,226.5098499061914,0.8804897450701711,0.9835553825288899,0.9965166264277951
2532.jpg,18,25130,0.013088541666666667,599,904339.0,3719.8400787115097,1.2983539094650205,0.7372344831184415,0.9941538404035807,1222.28125,949.9754028320312,0.6292350440174087,1073.0518052015254,311.09521575984996,0.8149259163675571,0.9845751586771095,0.9952158334241712
1347.jpg,6,24512,0.012766666666666667,282,605546.5,3911.043177008629,1.5575692963752665,0.441869925818254,0.9811855310957648,1527.1494140625,524.8046875,0.9390978497475377,878.0693309619527,233.35530018761725,0.8577206159276934,0.9854954384803856,0.9964113539170852
3240.jpg,25,37586,0.019576041666666665,823,544813.5,3731.504070520401,1.303680981595092,0.43691687718031996,0.9946289904893698,1451.775634765625,479.8810119628906,0.9437893073893806,832.8733953642478,454.9174484052533,0.8178549614098111,0.977058718016247,0.9930040683971757
1019.jpg,0,6142,0.003198958333333333,72,207548.0,3942.932562351227,1.6662983425414364,0.15207878423729063,0.9107895926311124,1731.6907958984375,159.9456787109375,0.9957253205084253,514.060619996021,61.40572232645403,0.8520173589052379,0.9963308315899138,0.9990556743098691
2343.jpg,15,138928,0.07235833333333333,2256,948622.5,4336.5923807621,1.4041745730550284,0.6081225319247141,0.9789923099428934,1658.6583251953125,739.4381713867188,0.895130104362788,1099.010318434514,1538.2607879924954,0.823883324881272,0.9179218719635606,0.9763439118507597
1180.jpg,3,72314,0.03766354166666667,1694,867282.0,3671.756814956665,0.9592021758839528,0.7431887942661961,0.9746017315749759,1111.0045166015625,1014.7511596679688,0.40714470555288407,1050.8366851404653,921.1536116322701,0.8046952894423254,0.9557724501117593,0.9858340723459498
3544.jpg,30,2273,0.0011838541666666666,66,792501.5,4154.151695847511,1.1927480916030535,0.6049629770992366,0.8349415805387865,1103.888916015625,1072.902099609375,0.2352726666680062,1004.5119457039491,33.82059099437148,0.780205977239813,0.9985558428218865,0.9994798912589676
1354.jpg,6,23974,0.012486458333333334,398,470919.0,3799.6979407072067,1.7707558859975217,0.4083574184250301,0.9218260776796524,1438.6304931640625,456.7372131347656,0.9482647808866607,774.3337091765657,247.24953095684802,0.8459099120110137,0.9856651360929584,0.9961976819894066
2172.jpg,13,57610,0.03000520833333333,997,596912.5,3633.0633823871613,2.208955223880597,0.6019690399354578,0.9588362808083355,1297.2000732421875,619.97216796875,0.8783973644873092,871.7870151285392,640.8968105065666,0.83078120908023,0.9653993552442335,0.9901439914725408
2462.jpg,17,82531,0.042984895833333335,1472,893628.0,4352.006597876549,1.6535600425079702,0.6103199298454578,0.9092017161967338,1470.7657470703125,813.0780639648438,0.8332964799565172,1066.6782588403094,1017.1932457786116,0.8099800843406221,0.9498831856388557,0.9843571302897517
3099.jpg,22,6396,0.00333125,70,762976.5,3806.4847363233566,1.4768568353067815,0.5986063731966722,0.9826789451653412,1412.056640625,697.7232055664062,0.8693946057302491,985.6225705124796,52.79807692307692,0.877797787496784,0.9962651499636378,0.9991880466748212
3041.jpg,21,44411,0.023130729166666666,817,728911.5,6945.6486229896545,1.4197530864197532,0.4630258506512687,0.929353542745891,1570.62060546875,640.2332763671875,0.9131468451223088,963.3685413237368,499.92120075046904,0.8299798720527884,0.9732173340630079,0.9923119798119141
3498.jpg,29,26468,0.013785416666666666,243,961549.0,4297.614677190781,1.1345980126467932,0.6915668387044804,0.9645739037621982,1218.6649169921875,1082.3736572265625,0.45952764520048706,1106.4728695275592,233.9652908067542,0.8677541545634485,0.9844832853558373,0.9964019731983091
1214.jpg,4,1343,0.0006994791666666667,44,454341.5,2909.128190279007,2.3122529644268774,0.7674428228776055,0.9950296861004224,1172.5888671875,497.73980712890625,0.9054375999585103,760.5823851590904,17.960834896810507,0.8025423620157498,0.9991621532720144,0.9997237899471472
2494.jpg,18,4908,0.00255625,152,994131.5,3991.3476535081863,1.6791383219954648,0.7610622687067174,0.9948637196976975,1449.8037109375,876.732177734375,0.7964345448129752,1125.0633486461481,66.55675422138837,0.7994054098046844,0.9969327355177685,0.9989764593513151
3291.jpg,26,39428,0.020535416666666667,584,644215.0,4819.0949095487595,1.2153987167736022,0.44531011304613505,0.7029921758203385,1150.9295654296875,1007.596923828125,0.4832840890601504,905.6710292990291,419.94465290806755,0.8395559490003471,0.9763869359062378,0.9935418962736742
2513.jpg,18,9257,0.0048213541666666665,228,1225792.5,4437.445199012756,1.3848288621646623,0.7574770262078273,0.9959355538493413,1451.5452880859375,1073.595458984375,0.6730220317165447,1249.2907926658936,115.15267354596624,0.8155734753433057,0.9942987719434699,0.998229128755483
2457.jpg,17,33948,0.01768125,857,867863.0,4332.124346494675,1.7021517553793883,0.6539303424106864,0.9220921621480914,1500.6488037109375,796.42822265625,0.847545591949721,1051.1886086770976,450.2408536585366,0.8007939546216476,0.9789613088904061,0.9930759872411261
3121.jpg,23,18016,0.009383333333333334,210,370544.5,3803.1752051115036,1.4403866809881847,0.2967986441014649,0.9338295518408471,1574.709716796875,358.4517517089844,0.9737476139858033,686.8711017972139,170.45848968105065,0.8590787267669766,0.9893348032285343,0.9973786102531134
2283.jpg,14,181951,0.09476614583333333,1596,928502.5,4665.282852172852,1.4223255813953488,0.5648942157056596,0.9889048055212372,1665.3365478515625,718.7793579101562,0.902059321413024,1087.29301496214,1729.1200750469043,0.8450977570526328,0.8957948361438628,0.9734087891759158
2486.jpg,18,70279,0.03660364583333333,1363,956873.5,3806.023841738701,1.3162650602409638,0.7328118729686097,0.9960475522044239,1260.5521240234375,966.2594604492188,0.6422005087862567,1103.779497684724,826.7406191369606,0.8198358501035928,0.9575371460496318,0.9872859991520783
1318.jpg,5,14339,0.007468229166666666,263,548121.5,8880.87314260006,1.168609865470852,0.37727458882399706,0.5182005975003309,1072.421875,954.6408081054688,0.4556230293534092,835.3980902058338,154.5987335834897,0.8397256416736558,0.9913596794397507,0.9976225089412928
2160.jpg,12,52422,0.027303125,925,889527.5,4331.043173074722,1.4425907752698723,0.5938378295380959,0.9756672063107648,1578.2041015625,772.740478515625,0.871928741519535,1064.2281659162227,565.9357410881802,0.8362418238936644,0.9686200382841169,0.9912967775799191
3103.jpg,22,9532,0.004964583333333333,33,997771.0,4272.041086435318,1.446808510638298,0.6450282636353293,0.9895571806222451,1593.560791015625,818.448486328125,0.8580313717531797,1127.1208869460045,67.09896810506567,0.8956207968552817,0.9945265956458194,0.9989681209346251
2437.jpg,17,39200,0.020416666666666666,1066,989521.5,5219.234082460403,1.4166666666666667,0.5988389615105302,0.9047430087377349,1631.1243896484375,872.8925170898438,0.8447584893657292,1122.4517380117754,526.7607879924952,0.7975997715536524,0.9756744239938194,0.9918992281857641
2609.jpg,19,35890,0.018692708333333332,634,445855.0,4001.6676243543625,1.4148936170212767,0.2947330080079749,0.9915446662678442,1635.3035888671875,349.4304504394531,0.9769038727218229,753.4455635398592,400.62828330206383,0.8321630229054504,0.9783494923505339,0.9938389523682517
3574.jpg,31,159366,0.083003125,2009,718899.5,4403.587331771851,1.397338403041825,0.4648738392695481,0.930681103949863,1570.649658203125,646.2706298828125,0.9114246218888337,956.7294665109547,1680.4563789868666,0.8303289864156144,0.9069238370130189,0.9741571620738341
3182.jpg,24,100539,0.0523640625,1309,573214.0,3932.3598469495773,1.783116883116883,0.5421950227485551,0.9805980783689487,1396.712890625,533.6259155273438,0.9241381748719579,854.3059945919972,1040.5084427767354,0.8388598043353173,0.9407186700336466,0.983998578372086
2624.jpg,20,30476,0.015872916666666667,393,261659.5,3731.80261862278,1.385858585858586,0.19264032452807964,0.9737055098976465,1757.5035400390625,207.47576904296875,0.9930074847942727,577.1960002075814,307.5708255159475,0.8486927550664572,0.9818508930640586,0.9952700331326555
1542.jpg,8,31525,0.016419270833333333,237,641933.5,3866.2492398023605,1.6206509539842873,0.4989363471588772,0.9677883067905222,1501.2359619140625,584.1812744140625,0.9211813517272397,904.0658810563805,248.5372889305816,0.8817366062753164,0.9817704464214811,0.9961778782497681
3018.jpg,21,57902,0.030157291666666666,937,837693.0,7362.979579925537,1.518705763397371,0.563921512132795,0.9028912269431806,1555.45263671875,736.8805541992188,0.8806646099942657,1032.7554666753563,650.5888836772983,0.8290616264762708,0.965175522594532,0.9899949422742088
3155.jpg,23,28341,0.0147609375,494,497294.5,4398.655431985855,1.4813695871097683,0.3404487428313627,0.9352264371296336,1623.8388671875,437.67462158203125,0.9629917637325063,795.7229560464499,313.0607410881801,0.8345772489386197,0.9829062466917375,0.9951856066636703
3484.jpg,29,27279,0.0142078125,210,758107.0,3988.8207399845123,1.0777777777777777,0.6030506236477027,0.9207736321822049,1072.2518310546875,1028.3082275390625,0.28334698047171675,982.4722955587806,245.21622889305817,0.8654577583750573,0.983978631594064,0.9962289510519937
3158.jpg,23,28813,0.015006770833333334,353,433132.5,4252.430043697357,1.4221153846153847,0.281591316898112,0.8706810945113617,1711.8953857421875,370.3135681152344,0.9763229885411634,742.6179550145572,275.1735459662289,0.8569432194382561,0.9829571479451157,0.9957682535298769
2058.jpg,11,137949,0.0718484375,1831,696691.5,3793.950685739517,2.0445682451253484,0.6609825772468179,0.9810746186267041,1400.8529052734375,668.3846435546875,0.8788343953131285,941.8360623170349,1475.9061913696062,0.829916698822901,0.9188951136726342,0.9773028297700981
3428.jpg,28,68214,0.035528125,1039,778279.0,4148.942668795586,1.4974974974974975,0.5207607339960281,0.9882707144997689,1581.9613037109375,639.8294677734375,0.9145586526483563,995.4574825862417,706.7080206378987,0.8415083837858881,0.959519063839528,0.9891319161468045
2355.jpg,16,0,0.0,0,69069.0,4019.1133519411087,1.3745318352059925,0.04405405198542694,0.7862106647087951,2116.416015625,54.026885986328125,0.9996741193543116,296.5491226008146,0.0,1.0,1.0,1.0
3201.jpg,24,116937,0.0609046875,1439,554762.0,4340.554924368858,1.4496644295302012,0.3517795634286526,0.9670394416306922,1647.8143310546875,452.0186462402344,0.9616401583587395,840.4432856037155,1192.125,0.8398241108889661,0.9314211015321238,0.9816669486051732
2599.jpg,19,22645,0.011794270833333334,289,415986.0,4082.461562871933,1.4169040835707503,0.26477777013970044,0.9860665996624505,1763.8037109375,304.9970397949219,0.9849358626736511,727.7704481883017,225.22209193245777,0.8515042957156935,0.9865209767659728,0.9965364301674337
1266.jpg,4,207,0.0001078125,8,786564.0,3718.414547920227,2.2473282442748093,0.8158023564553601,0.9946031521233334,1486.57275390625,692.498291015625,0.8848713643753414,1000.7419194103286,3.2532833020637897,0.7680909236952379,0.999867108499842,0.9999499694998606
2484.jpg,17,19448,0.010129166666666667,655,862739.0,4230.5650326013565,1.5430597771023302,0.5739345569887194,0.9137766225898205,1382.8238525390625,855.9772338867188,0.7853857024127996,1048.0808230214259,303.0297842401501,0.7677509343856603,0.987570740390339,0.9953398673724334
1496.jpg,9,54634,0.028455208333333332,779,699304.0,5528.309318304062,1.4240940254652301,0.4710596052363907,0.9197284100810496,1614.7003173828125,631.6260986328125,0.9203174462282243,943.6002896308787,594.5375234521576,0.8347350518351812,0.9672723504008461,0.990856926099527
1420.jpg,7,14127,0.0073578125,311,702568.0,6242.372375488281,1.230622009569378,0.5227946155506112,0.7020344538151005,1098.3739013671875,962.4083251953125,0.4819259684024437,945.7998522232353,178.79502814258913,0.8118803637079489,0.991282758635281,0.9972504070965063
3399.jpg,28,73307,0.03818072916666667,955,807080.5,4325.483859539032,1.3766478342749529,0.5198104008388272,0.9939647602591686,1646.6168212890625,639.145751953125,0.9215932874403581,1013.7094299574348,716.46787054409,0.8500702097293826,0.9568767052396154,0.9889818246463862
2050.jpg,10,81645,0.0425234375,1183,902624.0,4016.7273745536804,1.4899257688229057,0.6812693644497949,0.9758846354693171,1299.4107666015625,901.9014282226562,0.7198931260196426,1072.0338477991409,817.9974202626641,0.8456077115093283,0.9518925675928954,0.9874204561212028
3138.jpg,23,31240,0.016270833333333335,441,468735.5,4148.346779823303,1.6717391304347826,0.33127120201277777,0.8994822659786574,1776.7940673828125,442.0520935058594,0.9685569453823468,772.5364552053248,314.3484990619137,0.8490793512420659,0.9814057383867375,0.9951658029240318
3435.jpg,28,98323,0.05120989583333333,1157,830510.0,4076.1731190681458,1.419449901768173,0.56458487705726,0.9938627767868522,1604.0802001953125,672.8380126953125,0.9077765474432388,1028.318128935788,944.8076923076924,0.8505650557067137,0.9425756356731927,0.9854703089178529
2043.jpg,10,72910,0.037973958333333335,1142,854934.5,3953.666414141655,1.131578947368421,0.7177170483870697,0.9833660380310009,1243.7335205078125,887.8924560546875,0.7002549621159063,1043.3294846587937,785.0579268292684,0.8348578817745562,0.9565379388078953,0.9879270149351141
3530.jpg,30,60465,0.0314921875,1145,739452.0,3950.9729834795,0.8755516328331863,0.6579129060729436,0.8457404283304263,1058.1312255859375,997.6052856445312,0.33336113436707543,970.3089857532525,697.829268292683,0.8241792290763461,0.9635069770582662,0.9892684577201014
3614.jpg,31,148624,0.07740833333333333,2009,713291.5,4460.700024843216,1.3716651333946641,0.44010860625266474,0.9273045899719127,1644.876220703125,576.3994140625,0.9365922372235264,952.9905270900972,1605.56308630394,0.8272289216524394,0.9126904194554121,0.9753089058791262
2193.jpg,13,59455,0.030966145833333333,1109,631275.5,3621.0877670049667,2.016901408450704,0.6208941498150917,0.971925011219988,1271.739013671875,659.4031982421875,0.8550745193989358,896.5293805684576,673.0229831144466,0.8276423378958853,0.9642126780270649,0.9896499402836644
2662.jpg,20,6629,0.0034526041666666668,143,224800.0,3723.466608405113,1.4916142557651992,0.16559340337168205,0.9660507090674688,1705.2371826171875,180.543701171875,0.9943793398288456,534.9992987438998,82.48428705440901,0.8157762825802259,0.9959153839263893,0.9987315183610493
1469.jpg,9,39687,0.0206703125,537,466316.5,4021.5385653972626,2.2630662020905925,0.625402681773436,0.9287859685183968,1184.2076416015625,527.968505859375,0.8951120947249571,770.540464974095,416.7591463414634,0.8417903263876284,0.9762791494640274,0.9935908844717273
1341.jpg,6,18397,0.009581770833333333,268,468199.0,3401.472550392151,1.4693396226415094,0.4431151382537327,0.9788804318623961,1325.742431640625,480.1632385253906,0.9321064607574644,772.0942180883486,183.13273921200752,0.8517064237372731,0.9890398941792374,0.997183699762987
2477.jpg,17,24543,0.0127828125,757,912745.0,4248.776149749756,1.4718657453109576,0.60431360787297,0.9283043085150202,1377.4127197265625,868.7183837890625,0.7760360791176658,1078.0273782512652,372.02650093808626,0.7734540031787153,0.9844069508707517,0.9942788038486439
2625.jpg,20,21415,0.011153645833333333,175,241995.0,3411.036036014557,1.7571428571428571,0.2322832378264751,0.9841415729103336,1565.678955078125,208.73074340820312,0.9910735225033606,555.0834204227197,173.6439962476548,0.8790139512158528,0.9875548534713031,0.9973296220550603
1032.jpg,0,12077,0.006290104166666667,189,331952.0,3834.7315545082092,1.4445574771108851,0.23781181493846087,0.9563666640737315,1787.0750732421875,280.6604309082031,0.9875906269369715,650.1187686522569,126.94582551594748,0.8439295022138669,0.9927450344586844,0.9980477681924776
3369.jpg,27,97782,0.050928125,1769,947998.5,4993.067558884621,1.4731182795698925,0.6149202061931903,0.8094328965832571,1463.6573486328125,900.5259399414062,0.7883263250004986,1098.648796726969,1037.59404315197,0.8350306062978261,0.9421102170665161,0.9840433973617941
3442.jpg,28,78786,0.041034375,1178,966053.0,4532.384230017662,1.4468718967229395,0.6584335185615584,0.9924002338073513,1543.8389892578125,807.3021850585938,0.8523825993402935,1109.0612615676548,848.2258442776737,0.8343504026328371,0.9530883112190428,0.9869555893907411
2049.jpg,10,66153,0.0344546875,1020,707688.0,3633.0461410284042,1.664564943253468,0.676074744927204,0.9750938321548052,1207.5380859375,760.0773315429688,0.777046030700817,949.2398784999174,679.2584427767355,0.8430931561624888,0.9607745627313293,0.9895540484917305
3260.jpg,25,59942,0.031219791666666667,879,499757.0,3958.991438269615,1.417273673257024,0.3818197515131234,0.9913807126335543,1538.4112548828125,413.2892761230469,0.9632387510197604,797.6906512917215,644.6923076923077,0.8361961491974039,0.9641871837296241,0.9900856225557114
1031.jpg,0,21989,0.011452604166666666,196,299211.0,4051.3488640785217,1.4390476190476191,0.18859222842015694,0.9681324014754417,1854.474365234375,224.47361755371094,0.9926471018456745,617.2254672481952,205.49906191369607,0.8605144022357432,0.9870120558938243,0.9968397400745287
2257.jpg,14,169833,0.0884546875,1581,842077.5,4107.018785357475,1.3596914175506267,0.575909435975297,0.9873971873495809,1608.126220703125,672.0270385742188,0.9084955807934578,1035.4546695687475,1600.0053939962477,0.847501064052341,0.9025782412481655,0.9753943746501976
1349.jpg,6,27485,0.014315104166666667,386,432957.0,3579.58019554615,1.652962515114873,0.3829752792768567,0.9638487430876499,1388.9307861328125,421.5064392089844,0.9528392477627835,742.4674899077413,286.2889305816135,0.8440828057260915,0.9835542060809261,0.995597315987734
1443.jpg,9,22054,0.011486458333333333,431,639820.5,4843.944756031036,1.8442953020134227,0.6250505553764544,0.9297655679518712,1262.8011474609375,676.1897583007812,0.8445554397561997,902.5767347612192,264.66815196998124,0.8208758259306906,0.9865207745403636,0.9959298103532437
3426.jpg,28,108643,0.056584895833333336,1714,996039.5,4617.2340767383575,1.4610266159695817,0.6160088538484183,0.9932984928090933,1647.9837646484375,790.522216796875,0.8774377407253657,1126.1424774504508,1153.1533771106942,0.8339961559914342,0.9358160291117216,0.9822662723047597
2327.jpg,15,179598,0.093540625,2435,977260.5,4959.376213550568,1.3972477064220183,0.5886863204563663,0.9672915928441482,1678.1383056640625,752.3392333984375,0.8938742481568237,1115.4760033759837,1911.846153846154,0.8267191847600489,0.8954250914538425,0.9705987427514202
2658.jpg,20,21781,0.011344270833333333,300,253956.5,3553.1853046417236,1.625586854460094,0.21521372519109846,0.9870246215433646,1701.447509765625,206.62940979003906,0.992598369704148,568.6364906005729,217.96998123827393,0.850653085623917,0.9870228556639248,0.996647956490661
3378.jpg,27,109340,0.05694791666666667,1695,997515.5,4778.689924836159,1.3670411985018727,0.639728272022985,0.8844657422259108,1436.462158203125,927.5916137695312,0.7635511616061184,1126.9765663430044,1130.9903846153845,0.8381622174771575,0.935647659459999,0.9826071050869593
1497.jpg,8,24924,0.01298125,156,330995.5,3008.8683030605316,3.391644908616188,0.6652948542461866,0.9778200225403874,1180.444091796875,359.5459289550781,0.952485059874658,649.1814536240138,154.86984052532833,0.9071147763574456,0.9858918227961391,0.997618339732948
2019.jpg,10,58772,0.030610416666666668,1037,999555.5,4201.646202921867,1.4933196300102776,0.7070147244705465,0.9787185814019524,1343.34912109375,956.6021118164062,0.702075633070806,1128.1283569512505,624.4948405253285,0.8382709759371706,0.9649380994507984,0.9903962285774102
2323.jpg,15,79112,0.04120416666666667,1464,852190.0,4522.6239050626755,1.4532163742690059,0.5570721273711142,0.9656461843100483,1625.671875,683.266357421875,0.9073862111200349,1041.653496911453,916.4770168855534,0.82172760379635,0.9523887683221278,0.9859059911899002
1382.jpg,6,21572,0.011235416666666666,255,642925.5,4057.3863211870193,1.4324853228962817,0.4297032899169099,0.9792722082938583,1646.8880615234375,535.1453247070312,0.9457334819744383,904.7641520963498,198.38250469043152,0.862772075440239,0.9872823007248582,0.9969491817935837
3419.jpg,28,93811,0.04885989583333333,1295,859442.0,4247.109191894531,1.5248730964467005,0.5809120833812108,0.991720679377395,1591.9793701171875,709.88232421875,0.8950769249098125,1046.0762595558115,931.9978893058161,0.8458832027242209,0.9449191309416954,0.9856673040121519
2270.jpg,14,184748,0.09622291666666667,1795,916423.0,4418.908177852631,1.4100652376514446,0.5644914007153905,0.9825764321598073,1639.25732421875,722.1564331054688,0.8977335780704552,1080.197205747558,1797.235694183865,0.8411774238864427,0.8939236288078658,0.9723612755792473
1409.jpg,7,15685,0.008169270833333334,437,750443.0,5908.368194937706,1.2579143389199254,0.5171994811760927,0.7035648273369525,1167.6024169921875,1009.1123657226562,0.5030449354441706,977.4935824186723,214.2422607879925,0.7968089145689004,0.9902024890191393,0.9967052831054041
2194.jpg,13,98951,0.05153697916666666,1376,705703.0,3899.438054561615,2.0026490066225167,0.6181917726619713,0.9598417362765453,1323.2816162109375,714.21337890625,0.8418388655280148,947.9076782251732,1037.8651500938088,0.8368322028400937,0.941527526814405,0.9840392281534492
1094.jpg,1,41203,0.021459895833333333,674,758414.5,4511.386315107346,1.5546558704453441,0.4997565183240553,0.9686590382819914,1608.3985595703125,621.3099365234375,0.9223769511425982,982.6715283860351,445.4287054409006,0.8369968325550776,0.9752806687101644,0.9931499906892489
2288.jpg,14,170062,0.08857395833333333,1627,893540.0,4670.496056199074,1.3739376770538243,0.5799025859187653,0.9891382318298958,1601.4564208984375,729.5856323242188,0.8901967261668192,1066.6257369868108,1665.4777204502818,0.8414537914445553,0.9019394421621837,0.9743875108348925
3137.jpg,23,32190,0.016765625,468,457226.0,4117.084807872772,1.4731404958677685,0.3312348591100344,0.7590980329654274,1720.541748046875,475.954345703125,0.9609763574102566,762.992938421503,322.68503752345214,0.8495733504811089,0.9808531007373836,0.9950375997674246
3008.jpg,21,116900,0.060885416666666664,1821,991042.5,5741.012859106064,1.4173151750972763,0.6616672096867664,0.9537724123296023,1447.6256103515625,899.485595703125,0.7835312624915372,1123.3140707358727,1245.3975140712946,0.8326168020250082,0.9310158876424154,0.9808476991653908
3294.jpg,26,32198,0.016769791666666665,469,607649.5,4674.758903861046,1.1124314442413163,0.45639958900343847,0.6891161184012811,1069.978759765625,973.5128173828125,0.414952394543173,879.5927311765083,356.03119136960606,0.8340688496425235,0.9805902705433451,0.9945247871409959
3242.jpg,25,26861,0.013990104166666666,619,532122.0,3845.1924446821213,1.3879222108495395,0.4016584994701135,0.9920486514400982,1527.06689453125,445.6485595703125,0.9564692793411167,823.1152853783997,343.4247185741088,0.8086839932409312,0.9834331174329799,0.9947186553290359
2536.jpg,18,67632,0.035225,1382,939633.0,3907.86446249485,1.4580233793836344,0.7278041473155226,0.994568487702491,1305.4720458984375,920.57568359375,0.7090413489739829,1093.790607537903,806.2720450281427,0.8176807185580343,0.9590333553105147,0.9876007743821219
1536.jpg,8,35846,0.018669791666666668,260,501256.0,3604.8451297283173,2.0826210826210825,0.4883993748562832,0.9742660778703819,1442.917236328125,467.3749084472656,0.9460879967420371,798.886075254644,282.9678705440901,0.8813122822943226,0.9792866374380711,0.9956483887899595
3180.jpg,24,109081,0.05681302083333333,1424,552364.0,4000.457388520241,1.8159509202453987,0.4579373238268944,0.9763505899758459,1501.3021240234375,483.24969482421875,0.9467780808339897,838.624879125401,1118.2483583489682,0.8396285427126204,0.9358765679903287,0.9828030578791719
3595.jpg,31,131675,0.06858072916666667,2027,704254.5,4429.753848314285,1.3769441903019213,0.4281273461745387,0.9304163958336636,1642.07568359375,609.6804809570312,0.9285183673932125,946.9343583151314,1465.875234521576,0.8236449852878993,0.9220282568832043,0.9774570904788612
1226.jpg,4,1181,0.0006151041666666667,46,343996.5,2389.422562599182,1.8713692946058091,0.7912258144648591,0.9956757132251104,924.1901245117188,479.77215576171875,0.8546970430652864,661.8080892906111,18.29971857410882,0.7712393866766327,0.9992439308136928,0.9997185784367161
1589.jpg,2,208,0.00010833333333333333,7,247120.5,2718.9860538244247,3.128279883381924,0.6714519385173854,0.964444192935281,1000.9205322265625,318.2652282714844,0.9480999281617459,560.9310054852787,2.846622889305816,0.7980550320234838,0.9998697144574263,0.9999562233123781
2078.jpg,11,146177,0.07613385416666667,1695,604645.5,3926.1172099113464,2.2036474164133737,0.6337338853369667,0.9728574531588136,1354.302734375,595.3403930664062,0.898197661308326,877.4158427713537,1462.283067542214,0.8402337323703637,0.9150202152089568,0.9775123324894317
3174.jpg,23,17796,0.00926875,459,528049.0,4299.736603617668,1.4047619047619047,0.34095173527037936,0.9317832111069545,1578.904296875,461.9737854003906,0.9562375672308311,819.9590650501145,237.48968105065666,0.8012585841125174,0.9889307345500989,0.9963477734898247
2126.jpg,12,50519,0.026311979166666666,931,801503.5,3875.278672814369,1.8427518427518428,0.656432022932023,0.983416347707018,1361.63720703125,762.8089599609375,0.8283475541752069,1010.2009460714435,535.0973264540337,0.8394963542234003,0.9698289130736527,0.991771025029157
2122.jpg,12,42398,0.022082291666666667,789,1067783.5,4196.332494854927,1.6297071129707112,0.7168988108346179,0.9943108857213894,1479.8385009765625,927.6929321289062,0.779109421990346,1165.9949302701614,452.9519230769231,0.8388130367762401,0.9746111955715376,0.9930342951576766
3385.jpg,27,100440,0.0523125,1614,891827.0,4813.427949309349,1.406496062992126,0.6142634571833174,0.8120621912631747,1356.474365234375,929.6553955078125,0.7282168175775346,1065.6028357049947,1056.5715290806754,0.8362198013555245,0.9406407043932127,0.9837515527776478
3175.jpg,23,21954,0.011434375,513,487690.5,4106.27361869812,1.2506963788300836,0.3361715811263243,0.9289245541237187,1588.3631591796875,425.5222473144531,0.9634467665526855,788.0017958048471,281.07012195121956,0.8089187770344939,0.9864456172783194,0.9956775732483742
3349.jpg,27,84730,0.04413020833333333,1334,709280.5,4500.984305381775,1.2104228121927236,0.5665510049707371,0.8194374805041764,1173.47998046875,843.8516845703125,0.694904638196344,950.3073086689003,915.8670262664166,0.8331491693800441,0.9495776682618478,0.9859153719086763
2338.jpg,15,150595,0.07843489583333334,2373,957357.0,4776.339635372162,1.398139534883721,0.5925247180058487,0.9660889953847854,1608.2806396484375,777.8675537109375,0.8752537181287813,1104.058327638998,1663.9188555347093,0.8230958426774483,0.9112724325063166,0.9744114837828759
1161.jpg,3,58644,0.03054375,1445,818493.0,3602.5852406024933,1.02921129503408,0.7539968623881776,0.9717524521079848,1071.4149169921875,984.9163208007812,0.39363470157980834,1020.8514361497062,763.5727016885553,0.8018352041395482,0.9639178433249315,0.9882574246964513
2417.jpg,16,1741,0.0009067708333333333,34,75580.0,3726.7660398483276,1.6098398169336385,0.06146124558638647,0.6362836589256925,1527.1920166015625,99.17981719970703,0.9978890013249407,310.211935281484,20.06191369606004,0.8298283653468872,0.9989387066839198,0.9996914785824738
1590.jpg,2,610,0.0003177083333333333,29,247017.5,2511.044928908348,2.7741046831955924,0.6757586700260709,0.9763151654084818,955.44580078125,335.13519287109375,0.9364642023183547,560.8140950810866,10.234287054409007,0.7523802963500683,0.9996034327749629,0.9998426123849782
2387.jpg,16,1595,0.0008307291666666667,27,55407.0,3775.383342862129,1.487603305785124,0.03974905303030303,0.5566025415641167,1460.845947265625,99.3382797241211,0.9976852858907092,265.6056916843861,19.316369606003754,0.821167960520245,0.9990204763350505,0.9997029439054225
2265.jpg,14,173309,0.09026510416666667,1975,943618.5,4405.670592427254,1.4425612052730696,0.5799801964862592,0.988691460654026,1686.074462890625,734.5115356445312,0.9001238407059595,1096.1078365487938,1765.719512195122,0.8347535839511901,0.8995864328391249,0.9728459460493477
2535.jpg,18,22218,0.011571875,667,938426.5,3967.3964236974716,1.626560726447219,0.7433240156423148,0.9893284374344393,1368.7098388671875,880.616943359375,0.7655369034802985,1093.0881618732371,306.5541744840525,0.7940415045258786,0.9861124421451856,0.9952856676639491
1171.jpg,3,70026,0.036471875,1579,873438.5,3810.2736217975616,1.0422018348623854,0.7053870816642978,0.9606216379999626,1103.1702880859375,1048.3951416015625,0.3111906188414607,1054.5598314435097,864.6278142589118,0.810924559439485,0.9573684294305634,0.9867033522858716
1461.jpg,9,57748,0.030077083333333334,813,615659.5,4923.317335724831,2.1640058055152394,0.5992992303117204,0.9274871835044961,1337.453369140625,620.3140869140625,0.8859386720815979,885.3711207690693,613.3794559099438,0.838421774900633,0.9655442720022672,0.990567166119553
2179.jpg,13,84341,0.04392760416666667,1152,692318.0,4089.025925755501,1.7621419676214196,0.6093034512803137,0.9632518470079168,1299.087158203125,715.3936767578125,0.8347101642808448,938.8752074327867,826.4695121951219,0.8487730668856106,0.9504764399700776,0.9872901683604233
3547.jpg,30,529,0.00027552083333333335,11,811454.5,4209.499895334244,1.1248826291079812,0.6360009248591157,0.8676671863338231,1083.320068359375,1065.439453125,0.18093740089572513,1016.4526344858864,7.658771106941838,0.7863305067748178,0.9996654428636912,0.9998822198642552
1093.jpg,1,29032,0.015120833333333333,589,592197.5,3894.318214893341,1.6097852028639619,0.5238544064285221,0.96050899730839,1392.822998046875,561.4490966796875,0.9151552588188006,868.337074696976,349.5924015009381,0.8196045407310844,0.9822677330141742,0.9946238058391883
1069.jpg,1,43238,0.022519791666666667,837,724084.5,4318.332497477531,1.5350052246603971,0.5150572649809757,0.9690638383297645,1524.9520263671875,626.131103515625,0.9118197661465187,960.1734317974998,521.81308630394,0.8178341321509199,0.9736464403247431,0.9919753162380596
2553.jpg,19,46853,0.024402604166666668,791,370704.0,3730.623907804489,1.5483516483516484,0.2891178374499879,0.9902776460657123,1548.34912109375,307.9852294921875,0.980017353883839,687.018916909501,521.6775328330206,0.8316084696507168,0.9718016130732383,0.991977400842232
2616.jpg,20,14080,0.007333333333333333,268,254611.0,3612.859405040741,1.4891922639362913,0.2212833007854088,0.981661156467175,1542.234375,214.45155334472656,0.9902850098918303,569.3687677810968,157.7842401500938,0.8334368640200994,0.9914692241667838,0.9975735207432398
2491.jpg,18,17789,0.009265104166666666,525,1217023.5,4378.616770863533,1.4483412322274882,0.7549586238554875,0.99555322691672,1482.6419677734375,1053.144287109375,0.7038829476378538,1244.8142219110425,242.437382739212,0.7970390509663838,0.9888961679664201,0.9962716854375294
2434.jpg,17,13991,0.007286979166666666,450,883880.0,4215.354797840118,1.5868200836820083,0.609466492719886,0.9024391115485517,1436.883544921875,829.7896728515625,0.8163958903889068,1060.8444602299226,211.80229831144467,0.7750015426451455,0.9910986962860773,0.9967428059805086
3608.jpg,31,143923,0.07495989583333333,1804,672516.0,4109.354796171188,1.5015739769150052,0.49313983646478843,0.9466356524768538,1539.3978271484375,587.3975219726562,0.9243373999656612,925.35072576138,1518.1988742964352,0.8317406280670184,0.9156613360452814,0.976652433268286
3594.jpg,31,135929,0.07079635416666667,1982,700695.5,4384.35687828064,1.3779453345900095,0.4517171421535319,0.9327638915420389,1533.8851318359375,631.5884399414062,0.911293533755686,944.5386278061778,1511.8956378986866,0.8233804254315228,0.9195896632824037,0.9767493673623061
1395.jpg,7,10057,0.005238020833333333,252,621847.0,5244.06964468956,1.111545988258317,0.535616955155591,0.7027377352264457,1027.8153076171875,941.2683715820312,0.40164545186929906,889.809075686985,137.8578799249531,0.7966871862202718,0.9937085934844501,0.9978799575565934
3613.jpg,31,141156,0.07351875,2063,738038.0,4445.511213302612,1.4122562674094707,0.4505404681106417,0.945294838674145,1610.7547607421875,613.7468872070312,0.9245624184720551,969.3808163550844,1541.1074108818011,0.8261247219297017,0.9168181684759497,0.9763001351631378
3001.jpg,21,45860,0.023885416666666666,883,782101.5,4926.596558690071,1.5449374288964732,0.6552008826471372,0.9625846844590441,1224.6717529296875,831.6751098632812,0.7340453736571925,997.8990719490063,525.0663696060038,0.8269365526294564,0.9722819085422663,0.9919252857379202
2056.jpg,11,88114,0.04589270833333333,1387,482571.5,3558.7404490709305,2.5597826086956523,0.618700447193247,0.965817140363974,1354.0850830078125,501.9501647949219,0.9287553681069919,783.8552908299878,945.2143527204503,0.8341098524111571,0.9476549292725175,0.9854640551053355
2301.jpg,15,101234,0.05272604166666667,1607,800998.0,3855.5070353746414,1.5884393063583815,0.6739514181622368,0.988845523055528,1458.333251953125,705.8614501953125,0.8750573183008674,1009.8823341626369,1099.0675422138836,0.8308948405651041,0.9399108735849645,0.983098029369577
3057.jpg,22,2019,0.0010515625,27,788216.0,3631.7181503772736,1.2164412070759625,0.7016287033484688,0.9862519370848601,1296.1005859375,782.49365234375,0.7971895399172997,1001.7922843548812,21.485225140712945,0.8428261985511084,0.9987829936430747,0.9996695902386628
2455.jpg,17,19738,0.010280208333333334,626,844519.0,4697.712224721909,1.474268415741675,0.5832913745958666,0.8675186545699587,1593.345947265625,792.330078125,0.867593347091608,1036.9546697325757,277.7490619136961,0.7902222729326628,0.9876159072464801,0.9957286460505999
1290.jpg,5,7815,0.0040703125,157,390508.0,6529.200802206993,1.2187845303867404,0.39120630325130357,0.5357317527398242,911.6268920898438,778.4603881835938,0.5203971838835089,705.1313552349228,93.53189493433396,0.8226943660417068,0.9952141127741952,0.9985616231209926
2057.jpg,11,118104,0.0615125,1744,594811.0,3694.6054537296295,2.2738654147104853,0.6406377394134632,0.9826778964341413,1398.024658203125,583.4185791015625,0.9087612696406331,870.2510481714268,1290.265712945591,0.8282395326547024,0.9300678599711092,0.9801576951843018
2518.jpg,18,25163,0.013105729166666667,682,1030674.5,4050.876654267311,1.5338894681960376,0.7306178044912806,0.991061284911447,1391.8975830078125,946.798095703125,0.7330070014689222,1145.5546827411347,325.05722326454037,0.8068700020525051,0.9844501669628565,0.9950011191944063
2541.jpg,18,3812,0.0019854166666666666,97,995383.5,3883.0288910865784,1.4893390191897655,0.7596109085414526,0.9951566042942209,1368.261474609375,933.0873413085938,0.7313978215405784,1125.7715729120596,44.86819887429643,0.8259921863055203,0.9976698043411287,0.999309996018911
1197.jpg,4,1560,0.0008125,37,303899.5,2309.6824498176575,2.137115839243499,0.7947328919015042,0.9944501800582797,906.901123046875,434.941162109375,0.8774924235042499,622.0424913341882,18.435272045028142,0.8254991550353634,0.9990454822254504,0.9997164938325435
2463.jpg,17,32281,0.016813020833333334,891,945704.5,5083.386318206787,1.4499514091350827,0.6159865899634461,0.867622787260492,1606.876220703125,868.85498046875,0.8412086922049464,1097.3187171619716,429.0945121951219,0.8005225260544742,0.9799814392698022,0.993401185492032
1029.jpg,0,9551,0.004974479166666667,100,264441.0,4014.2016685009003,1.4157944814462418,0.1690920321659863,0.9624068085911697,1824.4288330078125,194.3518829345703,0.9943097540619837,580.2557526206106,90.88860225140714,0.8588934834288251,0.9943332326714402,0.9986022729023559
1530.jpg,8,44877,0.0233734375,455,608077.0,3786.1487292051315,1.5175824175824175,0.48386421688376796,0.983117737692779,1493.072509765625,539.2549438476562,0.932499485189444,879.9020869641823,408.55816135084433,0.8624605146670411,0.9736910576937701,0.993717003024162
1256.jpg,4,1117,0.0005817708333333333,35,260742.5,2215.800201654434,2.4108108108108106,0.7900330262998424,0.9933955866441122,903.7972412109375,379.5941467285156,0.9075244600287464,576.1837050742655,15.249765478424015,0.7984502626743296,0.9993007264337026,0.9997654820305967
1038.jpg,0,16018,0.008342708333333334,217,359754.5,4093.390496969223,1.3538038496791933,0.22325489463555762,0.9543952035442836,1966.953125,282.5906066894531,0.9896257663131833,676.7966133163095,157.71646341463415,0.8535029871335905,0.9904665228197299,0.997574563045326
2218.jpg,13,100503,0.0523453125,1328,798606.5,4435.46957719326,1.5631808278867103,0.6062311645525419,0.9330403537252671,1317.2596435546875,810.8720092773438,0.7880783647049978,1008.3736294065518,1009.3311444652909,0.843635237488846,0.9409832941061279,0.9844780373317552
2109.jpg,11,108967,0.05675364583333333,1747,815103.5,4674.901040554047,1.4466403162055337,0.550162732996393,0.9741558786128826,1547.504150390625,724.4822998046875,0.8836427708162704,1018.7354952351654,1228.7922138836773,0.8236018537959454,0.9350570101910352,0.981103063176519
2396.jpg,16,0,0.0,0,61291.5,3825.424973011017,1.458502024291498,0.04305061150179672,0.5274043032866234,1597.5953369140625,82.69660949707031,0.9986593881561202,279.35418657348816,0.0,1.0,1.0,1.0
1425.jpg,7,10512,0.005475,188,653253.5,5767.522524833679,1.2279843444227005,0.5093157701873523,0.6986410661852585,1063.2081298828125,921.5800170898438,0.498670324137218,912.0022965632552,125.92917448405254,0.8222759718989031,0.9935644426483586,0.9980634027237713
2307.jpg,15,138904,0.07234583333333333,1959,827767.5,4298.298007488251,1.5225225225225225,0.544770608873173,0.9520084048690276,1538.73828125,707.7193603515625,0.8879526642167554,1026.6188751657373,1482.0738742964352,0.8302891786015606,0.9183822203598716,0.9772079802802505
1261.jpg,4,417,0.0002171875,17,240738.5,2039.432668209076,2.0078947368421054,0.83030454576809,0.9919731835104136,798.7091064453125,397.977783203125,0.8670183231590812,553.6404773318385,6.506566604127579,0.7697341305170015,0.9997326619042328,0.9998999389997213
1156.jpg,3,96452,0.050235416666666664,1894,876783.5,3900.4746327400208,1.0858725761772854,0.6884249313760592,0.9709162585578278,1108.7554931640625,1034.530029296875,0.3597333407392265,1056.5772212059574,1167.4542682926829,0.8119616687347451,0.9417474482360737,0.9820463465645637
2388.jpg,16,281,0.00014635416666666668,9,62959.0,3894.8391857147217,1.4720496894409938,0.0458332969340124,0.8620269456158607,1786.0733642578125,48.98517608642578,0.9996238314740346,283.12874897647026,4.473264540337711,0.7650901536243744,0.9998191652689425,0.9999312080623084
2291.jpg,15,72444,0.03773125,1107,590909.5,3908.141591191292,1.9221311475409837,0.5737408779676947,0.9386004134604159,1394.400146484375,566.17578125,0.9138573615367771,867.39226579425,764.5215759849906,0.8381841922448966,0.9569336707679958,0.988242832467244
3430.jpg,28,84313,0.04391302083333333,1134,948678.5,4222.332494735718,1.4593535749265425,0.6236013514845953,0.9893104703267916,1631.4862060546875,772.9749145507812,0.8806401443232114,1099.0427568752896,797.7999530956848,0.8539727560933634,0.9507165560047971,0.9877310621429015
1566.jpg,2,9528,0.0049625,244,346171.5,3242.348531603813,3.0515970515970516,0.6848182174269131,0.9735034526784094,1171.4097900390625,382.5807800292969,0.9451631415759978,663.8970123899402,119.21927767354597,0.8144649364976683,0.994126768254464,0.9981665906303088
1188.jpg,3,69970,0.03644270833333333,1655,902208.5,3797.964968919754,1.1067780872794801,0.7027728184803674,0.9763215575980465,1142.2000732421875,1054.027099609375,0.385269110659305,1071.787077640048,904.8194183864915,0.8019831616741702,0.957082622158168,0.9860852671487329
3082.jpg,22,2540,0.0013229166666666667,39,781667.5,3872.9456313848495,1.5278688524590165,0.6110739776573872,0.9890950801957015,1489.523681640625,679.8081665039062,0.8897783088069746,997.6221588528759,25.61960600375235,0.8509838431176345,0.9984799324815884,0.9996060098114024
1232.jpg,4,369,0.0001921875,17,222808.0,1924.729132771492,1.7889447236180904,0.7862627745468918,0.9952117205645882,714.9848022460938,398.718505859375,0.8300693934761182,532.6236537024545,6.235459662288931,0.7506295509194754,0.9997597583963737,0.9999041082080663
1160.jpg,3,26602,0.013855208333333334,751,879420.5,3736.425866007805,1.0928909952606636,0.7229609138328613,0.9675668033521877,1156.3885498046875,983.1488037109375,0.5264776303363102,1058.1649006892872,374.0598030018762,0.7896176821200873,0.9833296525832166,0.9942475347860568
1567.jpg,2,595,0.00030989583333333336,24,335203.0,3321.6937639713287,3.0485436893203883,0.647770314142601,0.9597053341617112,1139.0946044921875,381.5176086425781,0.942242809065324,653.2945087124648,9.353189493433396,0.7679952846322385,0.9996180239583681,0.9998561623120993
3353.jpg,27,85603,0.04458489583333333,1480,820770.0,4780.67267870903,1.2175141242937852,0.5977208873508374,0.820772462317387,1239.0576171875,914.3346557617188,0.6748800228897041,1022.270424658896,931.5912288930582,0.8319353671414713,0.949017193305174,0.9856735578246694
3022.jpg,21,42990,0.022390625,709,828473.5,7311.138957619667,1.4549058473736374,0.5593213530541206,0.9303819573122387,1514.7684326171875,732.1337280273438,0.8754379837765567,1027.0565816765632,466.2361632270169,0.8363188275030853,0.97420530845673,0.9928300039487741
2121.jpg,12,63358,0.032998958333333335,1161,881903.0,4093.0360317230225,1.791324736225088,0.6766256145541145,0.985943725712037,1403.062744140625,817.3359985351562,0.8128041665205388,1059.6573852998781,679.7328799249531,0.8363038375092214,0.9621835903765938,0.9895467523771267
1043.jpg,0,5283,0.0027515625,107,234361.5,3989.1549907922745,1.3947858472998138,0.14567001812472496,0.9587454898014285,1785.163330078125,175.87579345703125,0.9951349877249009,546.2584823720816,64.45567542213884,0.8194916521966914,0.9967538976957347,0.9990087707159883
1234.jpg,4,1109,0.0005776041666666667,37,269678.5,2215.0550343990326,2.0944309927360774,0.7548839032036837,0.9935965573205756,881.6661376953125,393.28900146484375,0.8949957083189476,585.9738309556678,15.791979362101316,0.789779311258516,0.999300723585272,0.9997571436139068
1217.jpg,4,1006,0.0005239583333333333,36,424926.5,2787.5545946359634,2.0073937153419594,0.7232471414031039,0.9938917710238622,1130.98876953125,485.76251220703125,0.9030656655246235,735.5496063529,14.77532833020638,0.7831865265357869,0.999362198609516,0.9997727781452003
1427.jpg,7,24221,0.012615104166666667,393,763546.0,6841.426194906235,1.3294223826714802,0.467834988885376,0.6541947335141721,1267.6031494140625,957.43017578125,0.6553705581733666,985.9903455026091,268.26031894934334,0.8344989662402512,0.9853751658455631,0.995874568342673
1396.jpg,7,7714,0.004017708333333333,157,646463.5,5533.213866829872,1.078358208955224,0.5216646277694572,0.6793597999112001,1035.01513671875,981.5853271484375,0.31714293663618637,907.2501818285295,100.24179174484053,0.8074967711741333,0.9952148865509953,0.998458435214455
2180.jpg,13,84672,0.0441,1501,807179.0,4254.37412750721,1.8792884371029226,0.6934688347581945,0.9664696240225196,1397.8497314453125,757.4697875976562,0.8404544954774237,1013.7712870661626,967.7162288930582,0.8235882011899434,0.9491989198653272,0.9851180108127049
1289.jpg,5,22259,0.011593229166666667,446,412618.0,7780.685200095177,1.1788537549407114,0.34176470783125545,0.4728062335281311,946.0933227539062,892.3778076171875,0.3321576830065631,724.8182906560329,275.44465290806755,0.8152793178342789,0.9863316612718075,0.995764084321532
3350.jpg,27,97034,0.050538541666666666,1399,756303.5,4201.69079887867,1.3257261410788381,0.6138866973162164,0.864246110739091,1260.885986328125,835.7379760742188,0.7487805072268819,981.3029725938927,1010.3477954971859,0.8381907167099396,0.9426971793346747,0.9844624028004616
1558.jpg,2,2830,0.0014739583333333334,44,369010.5,3436.823707461357,3.002314814814815,0.6585898012507496,0.9606421280351132,1202.0635986328125,408.30584716796875,0.9405444061063436,685.4478543423232,25.551829268292682,0.8665876851240563,0.99832950009465,0.9996070521134885
1398.jpg,7,8294,0.004319791666666667,240,554580.0,5166.790428996086,1.1464646464646464,0.4935522627152583,0.666981768587706,985.3843383789062,917.7973022460938,0.3639704833258835,840.3054127632563,118.67706378986867,0.7879670191396094,0.9947716388255685,0.9981749290469987
2626.jpg,20,26723,0.013918229166666667,354,260239.5,3674.773176550865,1.4126163391933817,0.19701352540119704,0.9874331961684908,1636.786865234375,202.8670654296875,0.9922894314920206,575.6276769771467,266.3625703564728,0.850858590903363,0.984100869584291,0.9959037528010877
2663.jpg,20,31335,0.0163203125,397,278553.5,3973.8270007371902,1.434475806451613,0.19732951454219844,0.9801974797752137,1750.7987060546875,209.83370971679688,0.992791977771273,595.5378506227678,305.8764071294559,0.8535847082563526,0.9814226812876541,0.9952960906848114
2208.jpg,13,87476,0.045560416666666666,1541,891734.5,4339.621820449829,1.43928923988154,0.6037659263592502,0.9581588631906949,1547.983642578125,781.938232421875,0.8630412814515127,1065.5475722860233,991.1669793621013,0.8248372377300119,0.9476119261464326,0.9847573742908666
1089.jpg,1,32810,0.017088541666666665,699,829918.5,4582.381264448166,1.4757281553398058,0.5300961292795094,0.970443583042464,1628.55126953125,660.312255859375,0.9141128262145879,1027.9518729528581,397.7138836772983,0.818040724515321,0.9799527522160084,0.9938837713579599
1003.jpg,0,1392,0.000725,26,90290.5,2583.2905346155167,9.385245901639344,0.6463633760469611,0.9595674584196823,1060.9605712890625,108.28482055664062,0.9947779368736609,339.059633566,12.809803001876173,0.8641255673607645,0.9991762539376965,0.9998030049057012
1552.jpg,2,5835,0.0030390625,145,248960.0,2913.512964606285,3.4968944099378882,0.6866498240349503,0.9606587550717619,1045.5887451171875,305.8549499511719,0.9562596009229867,563.0148462139041,68.1156191369606,0.8272381336830671,0.9964387268275536,0.9989524864033316
3527.jpg,30,59124,0.03079375,1050,901102.0,4855.815690994263,1.1932324131789849,0.598810488962135,0.7967961984478823,1170.3975830078125,1149.9423828125,0.18614195081315865,1071.1296374575509,681.2917448405253,0.8245791968494572,0.9643159547110142,0.9895227794291434
1145.jpg,3,57370,0.029880208333333335,1361,775437.5,3573.5629453659058,1.0424710424710424,0.6930479586729587,0.9720617832346882,1023.63623046875,981.4995727539062,0.28395942571082544,993.6386111009238,735.3098030018762,0.805065880782357,0.9647848784446488,0.9886920646664124
1075.jpg,1,46240,0.024083333333333335,837,824898.0,4601.334581017494,1.4,0.48255593222321996,0.9618438903409021,1683.77880859375,643.321044921875,0.9241334656616462,1024.8379159520525,541.5361163227017,0.8229389963786601,0.9719598301759065,0.9916720063309644
1356.jpg,6,38785,0.020200520833333332,563,720187.0,4225.618860125542,1.3916666666666666,0.4436725314802494,0.9705926153037536,1677.724365234375,606.4652099609375,0.9323795383590769,957.5858019019406,401.8482645403377,0.8439779248083792,0.9768567562301402,0.9938201909306995
3316.jpg,26,36079,0.018791145833333335,508,606204.5,3964.6613589525223,0.8475499092558983,0.5889666248246327,0.7942795785711197,985.6060180664062,897.2909545898438,0.4137398233493485,878.5462660534201,401.7127110694184,0.8325735077119466,0.9782441661537442,0.9938222755348719
1260.jpg,4,1685,0.0008776041666666666,37,247160.0,2063.6164339780807,1.9848484848484849,0.7940730459814429,0.9942495559949234,803.02978515625,400.3739318847656,0.866844161982853,560.9758335942314,20.87523452157599,0.8170500244204263,0.9989616135588358,0.999678970957439
3543.jpg,30,645,0.0003359375,23,900063.0,4823.722322583199,1.2341772151898733,0.5961906086680047,0.7820898323707784,1199.9022216796875,1141.7535400390625,0.30752866618457003,1070.5119356424593,9.692073170731707,0.7782200228380797,0.9995893664559209,0.9998509508016681
1307.jpg,5,15205,0.007919270833333334,274,493247.0,8306.606121301651,1.1307977736549164,0.3753548104303993,0.508648626073183,1016.7421264648438,934.0452270507812,0.395037897476779,792.4781294912717,166.52743902439028,0.8371177025587385,0.990819217958357,0.9974390637741153
2177.jpg,13,102472,0.05337083333333333,1261,618514.0,3868.3009724617004,2.2410714285714284,0.6111605166635047,0.9820652117822929,1378.62451171875,591.3564453125,0.9033297969417378,887.4212549698843,1032.3752345215762,0.8429683658366182,0.9398250231438807,0.9841236546224346
3470.jpg,29,115089,0.0599421875,1487,1038493.5,4613.979246735573,1.2578055307760927,0.6570207071953234,0.943021528903087,1313.608642578125,1106.8870849609375,0.5384917417742086,1149.8917301861188,1154.3733583489682,0.8425674290130507,0.9326297076571449,0.9822475108672075
3444.jpg,28,34208,0.017816666666666668,439,731628.0,3970.124347925186,1.3389494549058474,0.5367150860611272,0.992832905533176,1539.6756591796875,625.8365478515625,0.9136628040312066,965.1620079735306,351.21904315196997,0.8457653004877453,0.9795957967152291,0.9945987905891186
1110.jpg,1,35614,0.018548958333333334,710,827888.0,4444.741653203964,1.4103547459252157,0.5396033118397031,0.9751761709144986,1601.97802734375,672.0791015625,0.907741108073182,1026.6935960702708,415.81027204502817,0.8244785065039476,0.9783732114380329,0.9936054767009346
1342.jpg,6,13641,0.0071046875,176,396066.0,3210.3455632925034,1.7009873060648801,0.4632058326140805,0.947508181661595,1192.1060791015625,470.3933410644531,0.9188572235699057,710.1316029617869,127.14915572232646,0.8614887309861587,0.9919330888855701,0.998044641286219
1412.jpg,7,13611,0.0070890625,288,711955.0,5912.284936547279,1.2826510721247564,0.5272897077208387,0.719072741532055,1154.7060546875,952.9522705078125,0.5647282399809437,952.0972954860878,169.23850844277675,0.8152348100635386,0.991623794111115,0.9973973716906657
1449.jpg,9,16249,0.008463020833333333,315,402274.5,3698.6125905513763,2.1043956043956045,0.641224093573963,0.9333969868601486,1127.272216796875,499.30255126953125,0.8965562551276102,715.6757654403042,192.55370544090056,0.8236652130283446,0.9900779467806646,0.997038819773
1154.jpg,3,25879,0.013478645833333334,740,589987.0,3249.624785542488,1.0022547914317925,0.7481988934021353,0.9643430390878095,909.4580078125,858.0626831054688,0.3314067952263954,866.7149354197518,352.5745778611632,0.7962394624159359,0.9838683411107119,0.9945779445473939
2182.jpg,13,84070,0.043786458333333333,1292,727189.0,3986.03097987175,1.8592592592592592,0.5961249651599364,0.9578794083766978,1297.7073974609375,750.6614379882812,0.8157164243916908,962.229593858149,902.7861163227018,0.8343006804548537,0.9500108950568742,0.9861165362113201
2353.jpg,16,1730,0.0009010416666666666,42,68197.0,3510.481762766838,1.4617117117117118,0.05916673607351573,0.9006114390607873,1933.8883056640625,52.339176177978516,0.9996336969422653,294.6712019052827,22.637429643527206,0.8067621919782388,0.9989246229775559,0.9996518711031969
1337.jpg,6,21789,0.0113484375,243,523842.0,3670.9771659374237,1.5431131019036954,0.4256960685999964,0.9813230125961949,1456.93896484375,469.3805236816406,0.9466821830173862,816.6862001975771,199.8735928705441,0.8631019272223293,0.9871587911874682,0.9969262511476864
3269.jpg,25,73963,0.038522395833333334,835,557952.5,4199.106226444244,1.3893058161350844,0.35341498885824574,0.9849134773406485,1714.371826171875,419.2223205566406,0.9696407007198156,842.8565637662472,708.1313320825516,0.8530768079311832,0.9566123269514227,0.9891100278029934
3472.jpg,29,95972,0.049985416666666664,953,1029009.5,4595.386321783066,1.1252189141856392,0.7012133127082666,0.9579965674434063,1223.778076171875,1136.5616455078125,0.37075220578945933,1144.6290173275172,886.5196998123828,0.8565345855125955,0.9442046037472178,0.9863666887120169
1594.jpg,2,188,9.791666666666667e-05,8,235808.0,3071.821618914604,3.8866666666666667,0.6741223556317896,0.9474557577681303,1125.0986328125,279.6112976074219,0.9686263577156903,547.9416671187812,2.9821763602251408,0.7659345135630188,0.9998790944408571,0.9999541387082056
3079.jpg,22,8142,0.004240625,151,891269.0,4056.6096252202988,1.4892747701736466,0.6244081822525435,0.9873997734429744,1539.4239501953125,751.41552734375,0.8727794662446242,1065.2694193473142,89.12640712945591,0.8378035264902852,0.9950782316274731,0.998629372756598
3188.jpg,24,121701,0.0633859375,1535,606196.0,4487.584362149239,1.4606525911708252,0.3822352142977848,0.9808726944404442,1691.820556640625,461.5393371582031,0.9620689750404207,878.5401066885204,1254.7507035647282,0.837579680066317,0.9285851432053838,0.9807038614774901
3445.jpg,28,50177,0.026133854166666668,654,828350.0,4219.369072794914,1.3178506375227688,0.5213663593918956,0.9914428434726771,1659.9171142578125,639.21337890625,0.9228800547513517,1026.9800274987688,523.7108348968105,0.8418700112767903,0.9700918226354869,0.9919461317796449
2168.jpg,13,53299,0.027759895833333333,915,513721.0,3388.6887115240097,2.2093023255813953,0.6416219119226638,0.9748516766023338,1175.6134033203125,565.9524536132812,0.8764953394676139,808.7582408611936,593.3853189493434,0.8310448970910379,0.9679599259746345,0.990874645234993
3021.jpg,21,51738,0.026946875,946,799614.0,6783.8769817352295,1.5341614906832297,0.5585410013327633,0.9163842649628972,1511.72998046875,723.57080078125,0.8780125588587141,1009.0094971425505,595.0797373358349,0.8255962377611198,0.9687408468693545,0.9908485876828371
3581.jpg,31,162874,0.08483020833333334,2228,821153.5,4649.268568754196,1.3902439024390243,0.48199008847355096,0.94179941816622,1629.542236328125,681.3349609375,0.9083944114461902,1022.509221717675,1752.5708255159475,0.82651310704299,0.9046645663602464,0.9730481526540776
1612.jpg,2,85,4.4270833333333337e-05,4,204945.0,2868.6845375299454,4.291512915129151,0.6502619196441319,0.9571993704141348,1056.056396484375,251.8008270263672,0.9711584534384041,510.82685764919205,1.423311444652908,0.7529302316455362,0.9999447578159456,0.999978111656189
2149.jpg,12,38968,0.020295833333333332,673,852529.0,4111.237045764923,1.6061269146608315,0.6353849295547911,0.9811945075693272,1507.6072998046875,756.7892456054688,0.8648790230392666,1041.8606604692989,413.3703095684803,0.8402425247977428,0.9766735046351853,0.9936429995760391
1177.jpg,3,51240,0.0266875,1268,891348.5,3764.533510684967,1.0199456029011786,0.7183225546489372,0.9715107679999826,1104.12646484375,1057.7384033203125,0.2868128233210377,1065.3169285899714,652.28330206379,0.8070247378600627,0.9685490199919389,0.9899688847220529
3441.jpg,28,95402,0.04968854166666667,1207,963906.5,4326.616769790649,1.32078853046595,0.5859670975523166,0.994242324689772,1660.3380126953125,753.8974609375,0.8909697633335384,1107.828449367168,990.3536585365854,0.8388239827483279,0.9436664977571166,0.9847698819159015
1041.jpg,0,11170,0.005817708333333334,182,287930.0,3944.9468445777893,1.3842504743833017,0.18723671564183833,0.9497202097148992,1808.5277099609375,223.4386749267578,0.9923386872493241,605.4782094473718,121.3203564727955,0.838810991459726,0.9932586845320857,0.9981342792656355
1598.jpg,2,15258,0.007946875,321,333911.0,4110.296795725822,4.360230547550432,0.6360076265068731,0.9382105186259139,1387.18408203125,316.85321044921875,0.9735639338118527,652.03427028191,174.25398686679173,0.8300813075915218,0.9907352369776037,0.9973202413362842
3455.jpg,29,102972,0.05363125,1291,912438.5,4195.136538267136,1.1095152603231597,0.6626740135840988,0.9712640802866407,1213.128662109375,1045.096923828125,0.5077763367981188,1077.8463621216313,1017.735459662289,0.8459044444979725,0.9396934380517284,0.9843487918730617
1523.jpg,8,33849,0.0176296875,244,530601.0,3547.8745638132095,1.7532637075718016,0.515778555861648,0.9814521431999977,1363.51953125,515.8800659179688,0.9256648781926751,821.9380607296526,248.46951219512198,0.8897505929199395,0.9805786182153493,0.9961789205518543
2003.jpg,10,84157,0.04383177083333333,1063,727689.0,3792.8695120811462,1.7412060301507537,0.6595830886031891,0.9773186654973226,1259.8538818359375,754.21142578125,0.8010107821283483,962.5603415208762,842.9392589118199,0.8454377147055206,0.9504386498900335,0.9870368889534675
2256.jpg,14,175481,0.09139635416666667,1465,776366.5,3956.0827140808105,1.5367170626349893,0.5891839404780155,0.9888457109959701,1511.2200927734375,671.4088745117188,0.8958866685111484,994.2336390444812,1636.5370544090058,0.8485504657761309,0.899603284964866,0.9748325738257158
2558.jpg,19,25924,0.013502083333333333,415,397164.0,3907.1335767507553,1.5440251572327044,0.2826303227486796,0.9899821278568633,1606.1588134765625,322.9724426269531,0.9795740524097579,711.1152582705536,272.93691369606,0.8425338671939968,0.9844613842696206,0.9958026494987227
3575.jpg,31,124449,0.0648171875,1936,760590.0,4449.168061852455,1.4107648725212465,0.4807331308235776,0.9398708309365653,1545.28564453125,671.6515502929688,0.9006015954995333,984.0799080004211,1364.0068011257038,0.8270714155134438,0.9263697800116325,0.9790236705144757
2334.jpg,15,100422,0.052303125,1794,859422.0,4457.888843297958,1.3615023474178405,0.5565303545410394,0.9604980961524061,1594.49365234375,704.3761596679688,0.8971355407603873,1046.0640879101925,1134.7181050656661,0.8240764368934522,0.9400321479305594,0.9825497784722164
3550.jpg,30,37919,0.019749479166666667,525,909413.0,5021.570084571838,1.2201086956521738,0.6115394650484706,0.838427146433624,1138.0482177734375,1081.845458984375,0.31037321943210205,1076.0578953273093,414.9969512195122,0.8352688333224465,0.9771980438012127,0.9936179843259694
2015.jpg,10,43967,0.022899479166666667,747,638881.5,3476.8379884958267,1.8136300417246176,0.6814183596849749,0.9830836699365263,1196.8453369140625,689.4574584960938,0.8174058018135831,901.9141811723097,445.9031425891182,0.8468559339671997,0.9738645168123398,0.9931426945746453
3592.jpg,31,136269,0.0709734375,2203,787121.5,4613.386318922043,1.4621284755512944,0.4948660075758766,0.9199417732851344,1613.04541015625,691.4651489257812,0.9034608535906203,1001.096508989647,1536.2274859287056,0.8209516043394806,0.9192303204896701,0.976375180913347
2264.jpg,14,174711,0.0909953125,1565,855904.5,5059.498137593269,1.3738656987295825,0.5130005610071277,0.9824273944174451,1679.171630859375,671.4212036132812,0.9165794396243172,1043.9211923879968,1601.9031425891185,0.8511679636409568,0.9002490084246187,0.975365190191783
1072.jpg,1,41839,0.021791145833333334,714,844124.5,4569.753845334053,1.4446564885496183,0.5320094512287353,0.9710186772742097,1636.239990234375,671.5358276367188,0.9118993005890804,1036.7124452227806,455.32410881801127,0.8358529188201697,0.9748784989409104,0.9929978145846583
2505.jpg,18,14450,0.007526041666666667,401,961243.5,3943.6218247413635,1.5963203463203464,0.7052927580893683,0.9947156827236509,1397.75634765625,877.7449340820312,0.7782399248797851,1106.2970832103076,189.6393058161351,0.804897514277774,0.9910317991421728,0.9970836387627082
1201.jpg,4,1983,0.0010328125,71,253092.5,2089.398179292679,1.8729411764705883,0.7481303576707065,0.9942546797352242,814.4655151367188,398.6644287109375,0.8720146282396488,567.6683710370731,29.34732645403377,0.7814180784516777,0.9987412573828507,0.9995486831966593
1399.jpg,7,8962,0.004667708333333334,228,574281.0,5127.20672750473,1.0636630754162586,0.5179273921677913,0.6716434406170014,996.8190307617188,923.5068969726562,0.376408205415366,855.1007420123398,127.62359287054409,0.7889047019094021,0.9943558425895669,0.9980373451716152
3115.jpg,23,22497,0.0117171875,287,496850.5,4175.837111830711,1.6173814898419865,0.39133241128573654,0.9404098543724235,1456.1756591796875,463.9964294433594,0.9478756670577433,795.3676536177707,217.56332082551597,0.855621541121174,0.9866566025609971,0.9966542103031785
1137.jpg,3,76900,0.040052083333333335,1571,843818.5,4014.1802542209625,1.0299065420560747,0.715621978730261,0.962390275030238,1070.277099609375,1049.0218505859375,0.19830468615245747,1036.5245210698624,923.796904315197,0.8153568596231727,0.9534427759440923,0.9857934225645866
1519.jpg,8,37870,0.019723958333333333,248,440790.0,3679.285815000534,1.4481236203090508,0.37082559360361816,0.9609684898521562,1442.911376953125,417.2580871582031,0.9572753731467821,749.1536951279172,294.218808630394,0.8830631051945883,0.9781626784576023,0.9954753666436441
3058.jpg,22,969,0.0005046875,25,946147.5,3978.543611049652,1.5488721804511278,0.7047643132002783,0.9923154735653654,1408.977783203125,858.884521484375,0.7927246421286713,1097.575697686639,11.386491557223264,0.8265377880374544,0.9994075370049611,0.9998248932495122
1315.jpg,5,12121,0.006313020833333334,177,474042.5,8538.353377342224,1.0851851851851853,0.3745121508026798,0.4901386533768973,985.1641235351562,959.2809448242188,0.2277183649753083,776.8974558364304,124.09920262664166,0.8479795479739588,0.9927441906950756,0.9980915448800997
2309.jpg,15,83711,0.04359947916666667,1612,931715.0,4330.800535202026,1.451858913250715,0.5831868139434299,0.9776534700787975,1683.90087890625,722.4022827148438,0.9033020055398213,1089.172338256404,979.7804878048781,0.8194330811493011,0.9495853729812492,0.9849324810413547
2174.jpg,13,73822,0.03844895833333333,1147,589754.5,3648.068435072899,2.2949526813880126,0.6393210619315534,0.9728840037479874,1286.9970703125,591.6824340820312,0.8880542071304228,866.5441426064303,809.999765478424,0.8316330063243714,0.9558832370189186,0.9875434477673789
2039.jpg,10,82000,0.042708333333333334,1187,946850.5,4238.2004643678665,1.4115226337448559,0.7100043941738953,0.9728923972432075,1364.7808837890625,899.6337280273438,0.7519868192481638,1097.9833785409783,855.4779549718575,0.83920143728223,0.9514196902689207,0.9868440630675136
3140.jpg,23,35141,0.018302604166666667,463,442107.0,4359.5944657325745,1.5536842105263158,0.31529525032092426,0.8445618224366016,1874.4093017578125,436.912841796875,0.9724543003315071,750.2720276034744,358.5389305816135,0.8466552256050481,0.9790603902945042,0.9944862219638051
1517.jpg,8,27564,0.01435625,255,476949.5,3575.1020537614822,1.266597510373444,0.4052095758527294,0.97190846383486,1417.7640380859375,452.3480529785156,0.9477354062088875,779.2759230475837,244.19957786116322,0.8673809219210752,0.9838398723532931,0.9962445855832873
2349.jpg,16,0,0.0,0,57404.0,3599.653334259987,1.5626423690205011,0.04765336007491184,0.6944802347034449,1533.922607421875,67.57307434082031,0.9990292188878177,270.3498526464871,0.0,1.0,1.0,1.0
2628.jpg,20,25029,0.0130359375,255,266638.0,3676.530535340309,1.4360041623309052,0.20105717172631166,0.9626841557044266,1768.293212890625,225.34161376953125,0.9918469845026885,582.6611757523358,232.7453095684803,0.8609858397572347,0.9852337832130104,0.9964207346358613
3422.jpg,28,82318,0.04287395833333333,1344,844190.0,4262.315251111984,1.4451923076923077,0.5400673012948463,0.9880298565982087,1627.5013427734375,669.2150268554688,0.9115488985552905,1036.7526663915444,891.874061913696,0.8329789881404268,0.9509740640910733,0.9862843468472043
2200.jpg,13,69449,0.03617135416666667,1106,703074.5,3890.685744524002,1.8308641975308642,0.5852954887906563,0.9624565366187543,1387.932861328125,691.8499145507812,0.8669040407297101,946.1407169628111,729.8198874296435,0.8391283880506264,0.9587149453650005,0.9887764911353976
1385.jpg,6,24371,0.012693229166666667,334,455110.0,3726.3741294145584,1.5244444444444445,0.3685698088759313,0.9699949700333342,1460.6278076171875,410.017333984375,0.959791730231014,761.2253603266381,240.33630393996248,0.8526273957525221,0.9855140310194248,0.9963039968022027
3125.jpg,23,30077,0.015665104166666666,340,525735.5,4137.4594757556915,1.4406952965235174,0.3815201284178107,0.9639483459785331,1661.5816650390625,474.0863952636719,0.9584316111220946,818.1608818998334,279.1045966228893,0.8609044400143622,0.9822768248460929,0.9957078000088752
2123.jpg,12,33746,0.017576041666666667,590,724913.0,3714.2420963048935,1.9946595460614152,0.6478186890865644,0.9823255045016234,1348.9697265625,700.0484619140625,0.8548043160219799,960.7225916426661,336.6470450281426,0.8501772473688988,0.9799459932224253,0.9948228855376596
1271.jpg,5,24479,0.012749479166666666,436,453185.5,8486.211238503456,1.1419172932330828,0.3505565611559764,0.4643815059169036,1022.8898315429688,914.4410400390625,0.4481107850837621,759.6141781855952,274.9024390243902,0.8321658203968656,0.9851907585468541,0.9957724227382219
3166.jpg,23,26914,0.014017708333333333,534,519865.5,4371.043170452118,1.5005107252298264,0.36148186108412816,0.9447530830543773,1682.94775390625,446.3231506347656,0.964192541006992,813.5805507406859,324.44723264540335,0.8196068983684613,0.9835526693028926,0.9950104999131824
1227.jpg,4,919,0.0004786458333333333,30,245507.5,1977.4570540189743,1.7136150234741785,0.7894639526657663,0.9953013481765866,736.3709106445312,429.3848571777344,0.8123935849650596,559.0973596155395,12.538696060037523,0.7985977722367728,0.9994247229083468,0.9998071741140461
3278.jpg,25,34105,0.017763020833333334,482,660201.5,4301.885877251625,1.3828264758497317,0.3819664458108755,0.9905550891865148,1801.9268798828125,470.46929931640625,0.9653138307347214,916.8394937465725,341.12030956848025,0.8497558718347609,0.9797270606383408,0.994754093599968
3439.jpg,28,75124,0.03912708333333333,887,800351.5,4079.8959922790527,1.3982725527831095,0.5271734047163933,0.9947098462853962,1638.2252197265625,638.4837646484375,0.9209244506593419,1009.4747047291995,703.0480769230769,0.8562953632052015,0.9560687814680742,0.9891882004594612
3019.jpg,21,85793,0.04468385416666667,1467,739088.0,5738.3580939769745,1.5107913669064748,0.5167327362599716,0.9430522929774575,1517.3182373046875,644.5484619140625,0.9052897997851727,970.0701359382331,946.4343339587242,0.8296180548549156,0.9488053581700809,0.9854452936677833
2342.jpg,15,102234,0.053246875,1694,917212.5,4433.621817708015,1.394167450611477,0.5822218455901677,0.9570706649108784,1630.5662841796875,742.697998046875,0.8902436106148671,1080.6624014581985,1116.0117260787995,0.8298737668540466,0.9392810845859896,0.9828374538480178
2538.jpg,18,21554,0.011226041666666667,606,1188723.0,4253.746713280678,1.3589981447124304,0.7527040974627518,0.9943873869917373,1416.365234375,1074.236328125,0.6517360654533128,1230.2557178636548,290.15220450281424,0.7991261454716763,0.9865819711363262,0.9955379047688184
1394.jpg,7,9460,0.004927083333333334,253,622864.5,5333.70925450325,1.2227873855544251,0.5271516783658298,0.711853685101364,1053.55029296875,902.2984008789062,0.516253207618239,890.5367552278203,130.87687617260787,0.7948660342013846,0.9940722400414176,0.9979873146714758
2588.jpg,19,30575,0.01592447916666667,391,385023.0,3993.868637084961,1.4378698224852071,0.26043011014520984,0.9905644722471992,1628.6607666015625,301.7314147949219,0.9826888779372862,700.161773615617,297.53986866791746,0.8540937078886716,0.9818778424344108,0.9954242938414186
1208.jpg,4,1095,0.0005703125,30,320748.0,2415.155537843704,2.2365339578454333,0.7865615459126746,0.9937216229906638,989.80615234375,423.2972106933594,0.9039412403500721,639.0532352587803,13.55534709193246,0.8172473068461218,0.9993252187471922,0.9997915395827526
1048.jpg,0,10887,0.0056703125,101,247326.5,4375.096118092537,1.3685202639019793,0.16054199349332585,0.9459584021785692,1792.4959716796875,188.7674560546875,0.9944394594595476,561.1647532239897,103.02063789868667,0.8595872621245751,0.9935466041240442,0.9984157008289194
2203.jpg,13,69784,0.036345833333333334,1154,733275.5,4119.739572167397,1.8263546798029557,0.6089336785705981,0.9590327740423411,1410.045654296875,711.8652954101562,0.8632055343146883,966.2480860449085,759.1672138836773,0.8334326109070028,0.9583159802554367,0.9883251743320567
2618.jpg,20,25516,0.013289583333333334,369,238119.0,3878.7315435409546,1.4073319755600815,0.17545854321344254,0.9485452285727943,1769.468505859375,194.74932861328125,0.9939248433702119,550.620129629123,268.26031894934334,0.8427910954609782,0.9847077757238961,0.995874568342673
2439.jpg,17,36870,0.019203125,857,920112.5,4337.17102766037,1.7474518686296716,0.67532729185031,0.9433621314096567,1584.592529296875,827.4243774414062,0.8528423120917967,1082.3694473723529,465.0839587242026,0.8102403719270986,0.9773468901042701,0.9928477230842401
3519.jpg,30,61747,0.032159895833333334,988,815569.0,4184.095786571503,0.9793536804308797,0.6710436458242484,0.8731885279907924,1141.4718017578125,1000.9785766601562,0.4806377629209674,1019.0263501304134,640.3545966228894,0.8419008868823339,0.9633069330335431,0.9901523298892306
3301.jpg,26,18523,0.009647395833333332,212,489213.0,4758.3051471710205,1.1241890639481,0.3737797279548787,0.6114581614746599,1000.441162109375,943.7014770507812,0.3319830962612687,789.2308517781873,201.97467166979362,0.8375507407914781,0.9888291353217291,0.996893939783013
3295.jpg,26,25596,0.01333125,337,522426.5,4581.254288196564,1.1204379562043796,0.3881649141681923,0.6403517588555642,1016.868408203125,961.8912353515625,0.3243567712521652,815.5820492247144,273.6824577861163,0.8401080829759302,0.9846245725232872,0.9957911841757741
1380.jpg,6,30710,0.015994791666666668,363,594559.5,3924.1558752059937,1.540483701366982,0.42675358792433327,0.9806228847384497,1571.19091796875,502.5359191894531,0.9474702336568225,870.06704747276,287.6444652908068,0.8595561984416674,0.9818852721757395,0.9955764699460092
3553.jpg,30,1110,0.000578125,39,649494.0,4255.9679300785065,1.0717255717255718,0.654849358050134,0.8263066930188208,1026.4713134765625,894.4838256835938,0.49054423479696513,909.3742050818353,17.215290806754222,0.7710387201493689,0.9992892561594904,0.9997352552700958
1272.jpg,5,17261,0.008990104166666667,331,509809.0,8887.791974067688,1.1707538601271572,0.3592255858803866,0.4856679054250376,1046.8883056640625,954.451171875,0.41084997790742595,805.6729976000738,198.51805816135087,0.8287707746823834,0.9895083445534407,0.9969470971894111
1023.jpg,0,6196,0.0032270833333333335,64,227898.5,3774.12138068676,1.5835164835164834,0.1737945260846024,0.9486758412841134,1756.49755859375,176.96231079101562,0.994912051502969,538.6737253531367,60.795731707317074,0.8547601860118311,0.9963074655692884,0.9990650550286452
1302.jpg,5,30780,0.01603125,502,439327.5,7744.7369389534,1.142723880597015,0.3345472890648797,0.45937148572226233,1021.153076171875,944.1417846679688,0.38097827636899384,747.9098515794783,353.86233583489684,0.8276115372204341,0.9813357047030443,0.9945581408077554
3446.jpg,28,46370,0.024151041666666668,544,776960.5,3877.3964282274246,1.2111861137897781,0.5965276028966457,0.9927368091535754,1460.5802001953125,690.6537475585938,0.8811361777455211,994.6139116748792,463.59287054409003,0.8488378275363273,0.9725004305365629,0.9928706537301374
1434.jpg,7,19298,0.010051041666666666,460,670359.5,4899.459476828575,1.2537462537462538,0.533617378637299,0.7157987634000146,1129.2801513671875,902.5443725585938,0.601037310640831,923.8659126674668,255.0438555347092,0.8030246545142896,0.9880186160200315,0.9960778172494893
3483.jpg,29,42072,0.0219125,437,923533.0,4187.840071082115,1.2429816069699904,0.696285054268335,0.9734526240119572,1238.5675048828125,1014.5200805664062,0.5736398762364248,1084.3794245871227,384.4296435272045,0.8621612136288282,0.9753112491949802,0.9940880625668624
1431.jpg,7,15717,0.0081859375,309,731589.5,5972.541860818863,1.2361376673040152,0.5409252498007361,0.7130171848769185,1141.0318603515625,973.8123168945312,0.5211766289733503,965.1366130828451,201.16135084427768,0.8096003159162727,0.9902868489486806,0.9969064474080479
1600.jpg,2,116,6.041666666666667e-05,6,250870.5,3081.294708251953,3.4454277286135695,0.633588162201479,0.9619931590370501,1101.4842529296875,296.9571838378906,0.962973153436312,565.1709840459635,2.101078799249531,0.7327424637821082,0.9999233908608002,0.9999676886353266
3145.jpg,23,35204,0.018335416666666667,486,465749.5,4488.773184776306,1.3868010999083409,0.28215562891239565,0.7291000868033134,1759.683837890625,472.0541687011719,0.9633463296900325,770.0718676465397,343.1536116322702,0.853493172083118,0.9791476099889477,0.9947228245373808
1097.jpg,1,24724,0.012877083333333334,550,624611.5,3875.9649628400803,1.6179906542056075,0.5268493370221667,0.9656904807182404,1458.0186767578125,556.3463745117188,0.92433706111453,891.7847620902406,304.72420262664167,0.8157786857353081,0.9848337317571755,0.9953138098202775
1498.jpg,8,24549,0.0127859375,123,326164.0,2973.9393697977066,3.3221649484536084,0.6521558308606528,0.9665607738081127,1162.618896484375,363.72625732421875,0.9498022815295547,644.4260259091028,129.9280018761726,0.920899269985751,0.9862785462199715,0.9980019069006832
1505.jpg,8,39354,0.020496875,178,481042.5,3383.274499773979,2.718146718146718,0.6595550247893998,0.9820159966683815,1269.2396240234375,492.6570739746094,0.9215956430160958,782.6125054573716,212.88672607879926,0.9185147668015783,0.9780381921489851,0.9967261291471289
3165.jpg,23,8012,0.004172916666666667,159,483242.0,3853.4279474020004,1.331013916500994,0.3587452135580839,0.9424597583011455,1540.5765380859375,468.6642150878906,0.9526038698349596,784.3996583865329,85.66979362101313,0.8415751378427473,0.9951723785263674,0.998682530162996
2649.jpg,20,21791,0.011349479166666667,237,211332.5,3338.73451089859,1.609238451935081,0.2046825680467298,0.9630756260396017,1612.179931640625,192.2674102783203,0.9928631452814756,518.7262245999751,200.4158067542214,0.8627430063415341,0.9871535617701761,0.9969179127309965
1503.jpg,8,29638,0.015436458333333333,132,366244.0,2856.047015428543,2.5253164556962027,0.6455026455026455,0.973504300766589,1074.0008544921875,440.2735290527344,0.9121134875687619,682.873592857408,172.42401500938087,0.9128176197770439,0.9833312333364642,0.9973483834926126
3010.jpg,21,90776,0.047279166666666664,1526,1029686.5,6423.914441227913,1.42578125,0.6887350840111301,0.9579735574619554,1348.44677734375,994.2005615234375,0.6755729586816009,1145.0054892793935,972.1894934333959,0.8341379414373346,0.9461137802479029,0.9850492188750132
2206.jpg,13,95503,0.04974114583333333,1333,738853.5,4117.6218193769455,1.8319123020706456,0.5983665969108767,0.9594509398055655,1381.9085693359375,707.7572021484375,0.85889053020858,969.9162303858934,959.921904315197,0.8439331972162605,0.943856780980574,0.9852378755526221
3247.jpg,25,17051,0.008880729166666667,443,483512.5,4008.949807524681,1.423038728897716,0.3350672993165081,0.9856759605250551,1784.190673828125,391.4057312011719,0.9756407532240541,784.6191658210755,226.4420731707317,0.8023016091278662,0.9894013887434422,0.9965176687298815
1223.jpg,4,980,0.0005104166666666666,32,440186.5,2846.0154914855957,2.1768172888015718,0.7805112665167774,0.9902011618686627,1154.8338623046875,496.96832275390625,0.9026680630049443,748.6406740610377,13.216463414634147,0.8009187302164298,0.9993877321780373,0.9997967510931838
2461.jpg,17,56918,0.029644791666666667,1153,897817.5,4311.077666044235,1.6133056133056134,0.6013416395181859,0.9057185356457053,1472.64208984375,825.6500854492188,0.8280467693411571,1069.1757315592522,745.8151969981238,0.8007590944947746,0.9649326653698634,0.9885305078430455
1531.jpg,8,39340,0.020489583333333332,368,572734.5,3763.5141744613647,1.9959183673469387,0.5311728781492147,0.9778106521503453,1453.6663818359375,529.496826171875,0.9313015169792397,853.94860151775,324.85389305816136,0.8756145172549019,0.9771719549426703,0.995004246100665
2409.jpg,16,257,0.00013385416666666667,10,59282.0,3549.8888400793076,1.794041450777202,0.055444155552645855,0.8999438313117666,2088.67138671875,43.54945755004883,0.9997826085406433,274.73657690775343,3.9310506566604126,0.7742888348733981,0.9998358411894784,0.9999395464789982
3314.jpg,26,20664,0.0107625,329,592002.0,4188.065471529961,0.8595859585958596,0.5579634403230899,0.7579075931970342,990.5476684570312,892.9901733398438,0.43275502089054657,868.1937323905914,247.65619136960603,0.8212456852406782,0.9873699237852762,0.9961914281768892
3202.jpg,24,163835,0.08533072916666666,941,511383.5,4278.028018593788,1.465433300876339,0.3308565735118576,0.9734954735949394,1718.169921875,420.5084533691406,0.9695882229064275,806.9161633807282,1408.875,0.8612776680413422,0.9069815193376878,0.9783336665333866
1351.jpg,6,30358,0.015811458333333334,376,506423.0,3791.4868298768997,1.4940923737916219,0.39105389024579523,0.9549925512455449,1493.0482177734375,473.0088806152344,0.9484898548846339,802.9930198721627,284.25562851782365,0.8596277282527056,0.9820924418562995,0.9956285850503211
1124.jpg,3,75930,0.039546875,1711,923829.0,3911.2025591135025,1.1185050136736554,0.6863417232594785,0.9678152345972085,1132.09130859375,1078.1976318359375,0.3048680940827013,1084.5531869729307,971.3083958724203,0.8034839140211523,0.9535587430870763,0.9850627688021342
3126.jpg,23,29466,0.015346875,464,580641.5,4058.7487981319427,1.4235055724417427,0.41871121735587546,0.9569210308167198,1578.62890625,512.9284057617188,0.9457414390150698,859.8230743090942,308.7908067542214,0.8429696854666467,0.9823606500172875,0.9952512716951032
2117.jpg,12,34135,0.017778645833333332,750,666436.5,3395.4309154748917,1.6575520833333333,0.6816621047721917,0.9819923893863989,1166.5997314453125,742.3091430664062,0.7714404827976425,921.1586757203643,394.5961538461538,0.8263527786177891,0.979296620889148,0.9939317172539269
1071.jpg,1,35179,0.018322395833333335,633,773608.5,4332.273617506027,1.4025465230166503,0.5291179230571408,0.9670982682805629,1542.581787109375,649.5780029296875,0.9070151764633106,992.4660872509711,397.3072232645403,0.8302544060374702,0.9787399121339508,0.9938900251704773
2158.jpg,12,32205,0.0167734375,513,887839.5,4422.131483793259,1.4026340545625589,0.5601747834135575,0.9624078203267358,1600.949951171875,780.35205078125,0.8731617126175193,1063.217927227478,336.91815196998124,0.8430101804238581,0.9807349431453841,0.9948187163293147
2236.jpg,14,168709,0.08786927083333333,1371,737650.5,3636.318217396736,1.5272305909617614,0.6485215845490815,0.9915090376931788,1368.849853515625,695.8411254882812,0.8611564614633465,969.1263007439562,1524.2987804878048,0.8538427770608973,0.9037259937037347,0.9765586260805247
3040.jpg,21,55177,0.028738020833333332,916,737256.5,6603.7419863939285,1.4324834749763928,0.45892008916260973,0.9345616155572556,1590.6124267578125,630.1256103515625,0.918184587785273,968.8674472873157,596.2997185741089,0.83582859242128,0.9669827338373009,0.9908298262452848
3588.jpg,31,159496,0.08307083333333333,2057,745816.0,4562.315252661705,1.3729433272394882,0.45388354832192057,0.9265163335685394,1637.6141357421875,621.7592163085938,0.9251204189811439,974.4754611052041,1696.519465290807,0.8288341094357828,0.9067324091565109,0.9739101364793958
3487.jpg,29,23125,0.012044270833333334,259,731196.0,4159.840074300766,1.0859598853868195,0.6142238283523977,0.9051146934637537,1038.72998046875,1029.9300537109375,0.12989170697551097,964.8770191854359,229.49202626641653,0.8517922072256225,0.9862403623069498,0.9964707651360007
2084.jpg,11,81890,0.04265104166666667,1465,528301.0,3214.4633164405823,1.9780564263322884,0.6561473801350297,0.9831233600684817,1198.0994873046875,591.6953125,0.8695405305529426,820.1546956051225,921.9669324577861,0.8264815505037751,0.9509520099162331,0.985821564720915
3463.jpg,29,116025,0.0604296875,1428,922757.0,4267.604580402374,1.1008771929824561,0.6449688963444468,0.9393319824971536,1204.3985595703125,1093.9635009765625,0.4183044431202094,1083.9237531215858,1130.312617260788,0.8470129978188389,0.9323610316059738,0.9826175281078218
1493.jpg,9,58884,0.03066875,727,516047.5,4835.445195555687,2.4983388704318936,0.5699612771258924,0.9039081671795932,1378.397216796875,537.7373046875,0.9207649502798458,810.587493094804,622.4615384615385,0.8390944773512526,0.9648972091496285,0.9904274976399973
2423.jpg,16,325,0.00016927083333333334,12,80532.0,3868.069633126259,1.5005128205128204,0.056457226983542774,0.6947624511487064,1702.472412109375,82.54444122314453,0.9988239089035695,320.2132524062865,5.151031894934334,0.766114231355634,0.9997910252086785,0.999920785041446
2224.jpg,13,144619,0.07532239583333333,2092,1055709.0,4500.918283462524,1.4121495327102804,0.65297413979725,0.9703604605151589,1533.375,914.4026489257812,0.8027369039392448,1159.3836494158497,1580.4179174484054,0.8256195758908742,0.9148267968660214,0.9756955999531203
3504.jpg,29,16715,0.008705729166666667,160,677057.5,3886.8867559432983,1.0561023622047243,0.6210579470320171,0.9154887679608847,1000.5335693359375,970.0540771484375,0.24494584505573325,928.4699149996878,158.46200750469043,0.8588964582013298,0.990100207410181,0.9975630977223773
1209.jpg,4,783,0.0004078125,18,339277.5,2488.7362718582153,2.296037296037296,0.8029001455397394,0.9950829144107416,988.2759399414062,444.16558837890625,0.8933131425117772,657.2530179762465,8.200984990619137,0.8454030698216518,0.9995289357333357,0.9998738814475653
1615.jpg,2,2023,0.0010536458333333333,48,206191.5,3263.4511238336563,4.101083032490974,0.655258491381502,0.9424216939608481,1092.733642578125,249.55081176757812,0.9735737224765401,512.3779577501947,21.62077861163227,0.8421469707443082,0.9987798679621755,0.9996675056344904
3322.jpg,26,26517,0.0138109375,431,420670.5,4311.347652316093,0.8803571428571428,0.3809317045783831,0.6069427461504334,932.7212524414062,877.1012573242188,0.340158708143939,731.856759143149,286.76336772983115,0.8382060571311905,0.9840488871999752,0.9955900198731303
3578.jpg,31,137597,0.07166510416666666,2093,745266.5,4626.724413871765,1.3855970829535096,0.44695251403348846,0.9259032870236642,1623.5428466796875,654.4235229492188,0.9151631536116909,974.1164094533918,1539.2096622889305,0.8222029868357273,0.9185608604110276,0.9763293196215526
2604.jpg,19,36762,0.019146875,455,383121.5,4208.821952581406,1.408239700374532,0.23851595495657024,0.9815788158944843,1710.9503173828125,284.71435546875,0.9860571294292657,698.4307010994381,351.28681988742966,0.8562580937680814,0.9782858860673399,0.9945977482870325
2285.jpg,14,213558,0.111228125,1804,918834.5,4527.341721773148,1.4020715630885123,0.5810561190095856,0.9885787293560708,1639.140625,735.3810424804688,0.8937134869404659,1081.6175019233744,2007.0724671669793,0.8439692303656602,0.8787863970304194,0.9691343083202569
3366.jpg,27,143222,0.07459479166666666,1843,939139.5,4887.06755900383,1.3745421245421245,0.5729632625868468,0.8244560188639823,1413.2847900390625,919.8649291992188,0.7591890446713373,1093.5033376367942,1401.5551125703566,0.8439694089553614,0.9169352689903234,0.9784462351587002
2150.jpg,12,20863,0.010866145833333334,259,882762.5,4328.817782521248,1.4418164616840115,0.5480042436748387,0.9688049763659929,1632.5245361328125,744.984619140625,0.8898059981645569,1060.1736289916262,196.89141651031895,0.8592276709211082,0.9876597557491394,0.9969721124394808
3560.jpg,30,604,0.00031458333333333333,14,699485.0,4117.375004053116,1.2096944151738673,0.6420521509896718,0.8507091929035102,1034.1156005859375,953.2364501953125,0.3876917897929136,943.7223971852503,8.268761726078798,0.7979496436076063,0.9996216741305289,0.9998728391454791
3605.jpg,31,129806,0.06760729166666667,1623,605919.5,4475.09194278717,1.391904323827047,0.36842276474175667,0.9089912831756514,1594.1107177734375,549.4161376953125,0.9387299054908496,878.3397226165724,1378.9854596622888,0.8318855288702784,0.9236322410554623,0.9787933217534173
3262.jpg,25,59749,0.031119270833333334,1079,595455.5,4119.0675629377365,1.6191011235955055,0.46429640776926134,0.9885351238417462,1523.8330078125,506.2045593261719,0.9432119199429984,870.72239533048,655.4010318949344,0.8329547084795967,0.9642013019427838,0.989920938826086
1613.jpg,2,302,0.00015729166666666666,11,218205.5,3233.6622393131256,4.112244897959184,0.6138921242607879,0.9261300454140317,1111.10009765625,260.6234436035156,0.972100817816099,527.0937976097885,4.405487804878049,0.7847343312492965,0.9998087434029652,0.9999322503643946
2046.jpg,10,52412,0.027297916666666668,900,1059842.5,4755.989351272583,1.4139886578449905,0.6696132977164057,0.980584774436612,1532.6981201171875,907.6965942382812,0.8057753026077478,1161.651144789595,561.0558161350845,0.8376237654570678,0.9686631914606201,0.9913718233301282
2661.jpg,20,20249,0.010546354166666667,321,294698.5,3892.537673830986,1.4721941354903942,0.20465401004455605,0.9861991650561789,1727.12744140625,218.9215087890625,0.9919340944719061,612.553494785668,219.7999530956848,0.8381357981203393,0.9877995840932421,0.9966198143343327
1417.jpg,7,18428,0.009597916666666666,320,865847.0,6216.240341424942,1.2971741112123973,0.5546635524855048,0.7572716610531784,1263.0772705078125,1017.71826171875,0.5922625349178448,1049.9669709520897,218.37664165103192,0.8234619116998027,0.9887515167281594,0.9966417026781436
1213.jpg,4,1378,0.0007177083333333333,51,331968.5,2410.9372816085815,2.188505747126437,0.8016239254322418,0.9952451548397638,953.478271484375,453.2787170410156,0.8797725158041111,650.1349258472543,20.671904315196997,0.7785056637466624,0.9991230710858316,0.9996820978636977
3092.jpg,22,10421,0.0054276041666666665,60,1026284.5,4194.082713723183,1.4335596508244424,0.6734954568065216,0.9917991477337246,1531.7294921875,864.1557006835938,0.8256587095148481,1143.1124220953748,66.89563789868669,0.9047702075777346,0.9940670424032573,0.9989712478408839
3205.jpg,24,140369,0.07310885416666667,1136,517638.0,4206.305150270462,1.4828263002944062,0.3361920986368203,0.9552093934330484,1667.334716796875,427.266845703125,0.9666085811602898,811.8356800841043,1280.7769699812384,0.8547506000559458,0.9192852149085753,0.980303617476375
3506.jpg,29,20900,0.010885416666666667,193,787607.0,4121.496924638748,1.029143897996357,0.6347881103212599,0.9161502026307096,1089.9520263671875,1023.4418334960938,0.3439750489617095,1001.4052017591217,201.97467166979362,0.8558461114538332,0.9876013226042366,0.996893939783013
3310.jpg,26,39325,0.020481770833333333,518,562191.5,4787.90609395504,1.163685152057245,0.38651395170083835,0.6425269680828875,1067.815673828125,976.980224609375,0.40360484918207784,846.0522735115002,409.16815196998124,0.843272357466626,0.9765234336637163,0.9937076223053859
1560.jpg,2,2258,0.0011760416666666666,73,397682.5,3615.225727081299,3.006637168141593,0.6474087857417283,0.9594756308522265,1227.2147216796875,417.95587158203125,0.9402181734176102,711.5792895026817,31.855065666041277,0.791605962406316,0.9985787729476405,0.9995101180194684
2243.jpg,14,149382,0.077803125,1313,808967.0,4185.545700669289,1.4524975514201763,0.5342738433556143,0.987389219320419,1604.0316162109375,657.7760620117188,0.9120510206418615,1014.8934795266794,1456.454268292683,0.8440026556884888,0.9135215095879883,0.9776019704688481
1454.jpg,9,14890,0.007755208333333334,299,394064.5,3465.3333752155304,1.640901771336554,0.622732494836433,0.9307023645181747,986.1651000976562,555.8021240234375,0.8260482078380231,708.3350228361503,177.0328330206379,0.8232083416164829,0.9909012047378376,0.9972775069507483
2576.jpg,19,53604,0.02791875,807,442015.5,4362.194538354874,1.4400767018216682,0.2821520810220441,0.988315037848679,1704.2391357421875,341.1233825683594,0.9797628787428283,750.1943841337959,587.9631801125704,0.8335140765678744,0.9678471436675474,0.990958029401892
2482.jpg,17,5001,0.0026046875,193,776622.5,3934.6167647838593,1.3983903420523138,0.5620937857359988,0.8870171002256882,1257.5899658203125,864.4276123046875,0.7263089371200644,994.3975454168639,81.19652908067542,0.7598219303646297,0.9967716965370707,0.9987513221006878
2601.jpg,19,24673,0.012850520833333334,279,370794.0,4053.501102089882,1.4131274131274132,0.24447354262928034,0.9629274715343594,1689.9385986328125,282.60003662109375,0.9859187535472034,687.1023095220463,240.87851782363978,0.8540795770754017,0.9853541972922244,0.9962956583855129
3149.jpg,23,46809,0.0243796875,540,481263.5,4355.022965312004,1.4766633565044687,0.321397493937862,0.8915209244511627,1632.5325927734375,446.2950439453125,0.9619072850140462,782.7922582892928,448.2753283302064,0.8551692496488805,0.9723960050852132,0.993106214001627
3172.jpg,23,19289,0.010046354166666667,480,467186.5,3772.107097029686,1.1521951219512194,0.38593709340988414,0.9644165028982874,1471.6405029296875,438.8506164550781,0.9545018352763014,771.258923168098,255.0438555347092,0.802933682061249,0.9880232678517012,0.9960778172494893
3551.jpg,30,2943,0.0015328125,98,835947.5,4762.994400143623,1.3090569561157797,0.5567260189858159,0.7644245035386573,1219.0953369140625,1043.04443359375,0.5176559096642497,1031.6789298626281,41.81824577861163,0.7900279339223185,0.9981455134434585,0.9993568996127916
3532.jpg,30,54263,0.028261979166666666,1077,953460.0,5148.727375507355,1.2058562555456966,0.6225283087608784,0.7933451071185637,1218.95166015625,1168.5654296875,0.28453958626867387,1101.808956363665,664.8219981238274,0.8139714342433458,0.9669129244908732,0.989776058836099
1537.jpg,8,31698,0.016509375,279,687500.0,4006.4330031871796,1.4783505154639176,0.494255848394657,0.9725046414994254,1554.076904296875,596.6771850585938,0.9233567328210252,935.6025796273888,284.3234052532833,0.8654342801455827,0.9814035845741527,0.9956275427482348
3221.jpg,24,173879,0.09056197916666667,1355,647009.0,4343.5599764585495,1.4405328258801142,0.4066134410582109,0.9770450461334018,1676.7659912109375,498.29229736328125,0.954823148462205,907.6328798581246,1595.5321294559099,0.851121592758442,0.9006947870458043,0.9754631665878892
2002.jpg,10,66249,0.0345046875,1037,669568.0,3677.5558072328568,1.6088607594936708,0.6668406218566065,0.9774886567355925,1166.974853515625,747.4963989257812,0.7679231437346055,923.3203428329917,692.6782363977486,0.8402168032873887,0.9606209334276997,0.9893476726786555
1083.jpg,1,25341,0.0131984375,528,637957.0,3965.521311044693,1.4817596566523605,0.4956576530659813,0.9617236817806655,1487.9056396484375,563.4080200195312,0.9255364877033757,901.2613828632681,313.0607410881801,0.8152867636732983,0.9844511982655342,0.9951856066636703
2087.jpg,11,87312,0.045475,1438,526983.0,3531.5516319274902,2.5271453590192645,0.6395789565666974,0.9750394792714167,1387.780517578125,527.6282348632812,0.9249060506665656,819.1309999036603,972.8672607879924,0.8277637196674328,0.9478378854133465,0.9850387958541509
2281.jpg,14,131503,0.06849114583333334,1500,813742.0,4359.903123617172,1.3489681050656661,0.5308485571214971,0.9863880146162625,1627.6337890625,646.6870727539062,0.9176812944016165,1017.8843223136315,1308.090994371482,0.8424368582716039,0.9233708881889178,0.9798835697356214
2390.jpg,16,3976,0.0020708333333333334,44,54862.5,3644.5233912467957,1.5886363636363636,0.04459495708154507,0.7968235986144093,1802.890380859375,43.24460220336914,0.9997122882130208,264.29737895604046,38.90384615384615,0.8553340363631702,0.9976303914569216,0.9994017186024997
2579.jpg,19,19964,0.010397916666666666,300,376905.5,3899.3316279649734,1.3984747378455673,0.24492147876089346,0.9905154731291449,1692.914794921875,295.96343994140625,0.9845995631395718,692.7416453687326,209.6334427767355,0.8434422353825377,0.9880253886235735,0.9967761596472683
1445.jpg,9,38866,0.020242708333333335,632,572308.5,4606.547786831856,2.2623456790123457,0.6024502930625032,0.9241118896701391,1362.2901611328125,583.132568359375,0.9037535711244149,853.630958897382,429.43339587242025,0.8336080047344202,0.9766008964287275,0.993395973981601
1444.jpg,9,20962,0.010917708333333333,371,427524.0,3763.6247853040695,2.07908611599297,0.6351312605199316,0.9284332184529588,1116.0989990234375,526.7307739257812,0.8816311426385773,737.7943230490159,241.2174015009381,0.8283412906077942,0.9872658049779324,0.9962904468750817
1495.jpg,9,52937,0.027571354166666666,758,702899.5,5720.6596093177795,1.3800564440263405,0.45074389789543684,0.9093201827438617,1653.27587890625,619.4364013671875,0.9271573718241031,946.0229592216954,578.0677767354597,0.8343128812470415,0.968263480135174,0.9911102055064827
3219.jpg,24,25241,0.013146354166666667,442,543436.0,4190.163008928299,1.3126142595978063,0.345920773222388,0.9595409199258409,1688.1402587890625,443.42803955078125,0.9648850461694602,831.8198153642999,277.5457317073171,0.8356013611165255,0.984777568699738,0.9957317729568586
2552.jpg,19,25085,0.013065104166666666,317,374209.5,3917.033068060875,1.5644302449414271,0.27128602404974367,0.9868133751747054,1618.6734619140625,306.2539978027344,0.9819384559033798,690.2596130555321,241.5562851782364,0.856041046609457,0.985136665263576,0.9962852353646505
2534.jpg,18,38024,0.019804166666666668,985,824937.0,3635.8156914711,1.3650273224043716,0.7218338605310478,0.9926693292291845,1186.6531982421875,892.5197143554688,0.6590126084023192,1024.8621421026298,488.2636022514072,0.8067103772676196,0.9765755529983265,0.992491255770747
2412.jpg,16,172,8.958333333333333e-05,7,56529.5,3996.9884605407715,1.4432692307692307,0.03621271716291703,0.7531392180765669,1870.510498046875,48.767372131347656,0.9996600756841594,268.2826771226692,2.7788461538461537,0.7616065375398342,0.9998889959081027,0.9999572656144643
1277.jpg,5,22584,0.0117625,394,476804.0,8507.743203282356,1.1072386058981234,0.3439050056944363,0.4602248596557609,1023.5260620117188,993.35009765625,0.24103010485430248,779.1570495656857,252.60389305816133,0.83300616797056,0.9863405690419157,0.9961153401245939
2533.jpg,18,17321,0.009021354166666667,558,860067.0,3834.7517626285553,1.6718009478672986,0.722208880126024,0.9939581298863394,1339.574462890625,819.337158203125,0.7911363107858408,1046.4565521423892,247.18175422138836,0.7875283561289164,0.989101661716764,0.9961987242914928
2529.jpg,18,22355,0.011643229166666666,525,1014795.5,3977.337548494339,1.4330628803245435,0.7283824211286388,0.9919106338120063,1336.8154296875,967.1049194335938,0.6903879128208611,1136.6959841660794,269.41252345215764,0.8200914030650548,0.9863287479570189,0.995856849207207
2100.jpg,11,74838,0.038978125,1310,566068.5,3755.676520586014,2.505922165820643,0.6467351254639991,0.9754588064999742,1441.5821533203125,549.9591674804688,0.9243701052767762,848.9645453309087,849.9880393996248,0.8256235877353815,0.9550583988868431,0.9869284895364989
2254.jpg,14,177474,0.092434375,1689,848703.0,4337.712221622467,1.3663636363636364,0.5133387769914716,0.9874983637744016,1701.51123046875,644.3745727539062,0.9255165305154778,1039.5201880364646,1704.5848968105065,0.8438460850882635,0.8981080844825002,0.9737861025311336
1515.jpg,8,15039,0.0078328125,196,339316.5,3226.092819094658,1.7286713286713287,0.38395512254735553,0.9601200303895895,1334.68798828125,356.8215637207031,0.9636010014220079,657.2907925576995,143.89000938086303,0.857718538059918,0.9910799627671204,0.9977871926709184
1571.jpg,2,1546,0.0008052083333333333,58,350851.5,3300.9902251958847,2.8060046189376444,0.6668976135488838,0.9644672911326292,1132.3016357421875,396.65191650390625,0.9366353576385062,668.3696612875609,23.044090056285178,0.7799002827015137,0.9990173231573602,0.9996456172906794
3615.jpg,31,152653,0.07950677083333334,2380,859399.5,4543.871601104736,1.3970722781335774,0.5149154199702698,0.9392847267230704,1577.4608154296875,731.7613525390625,0.8858951137936317,1046.0503946395825,1714.8191838649157,0.8199325539819439,0.9098732106753573,0.9736287149161118
1119.jpg,1,18757,0.009769270833333333,419,727837.0,4233.7122194767,1.4608433734939759,0.5022405774299948,0.9674971769474078,1600.0355224609375,590.8983154296875,0.9293089427012818,962.6582210324735,222.23991557223263,0.8234595137508167,0.9885516047348067,0.996582291459228
3196.jpg,24,118032,0.061475,1345,545845.5,4271.424985051155,1.4301994301994303,0.34420437906493684,0.9636864554901539,1680.489013671875,445.9735107421875,0.9641430237225068,833.6618474631889,1171.249765478424,0.8439940906492883,0.9310494400517941,0.9819879776477344
2225.jpg,13,52277,0.027227604166666666,599,767055.0,3873.2227627038956,1.2183235867446394,0.598093567251462,0.9733132086388994,1388.5390625,747.3140258789062,0.8428160980529379,988.2533880472306,490.9746716697936,0.8575494440036265,0.969278976478042,0.9924495636872974
1554.jpg,2,3568,0.0018583333333333334,114,431044.5,3520.4460740089417,2.93058568329718,0.6920951942081948,0.9664739897353569,1257.8525390625,439.4945068359375,0.9369734142795407,740.8258249687276,52.25586303939963,0.7835099938576912,0.9977399174939536,0.9991963850915111
2597.jpg,19,26694,0.013903125,315,375962.5,4122.939702272415,1.4361702127659575,0.24484854997427533,0.9697315561745948,1721.7327880859375,282.7942810058594,0.9864187753461133,691.8744989790371,258.093808630394,0.8553336478900474,0.9841798841865617,0.9960309136556087
1249.jpg,4,3844,0.002002083333333333,86,325740.0,2314.0916135311127,1.7419354838709677,0.760108646953405,0.9959472949607953,871.0088500976562,483.73944091796875,0.8315978055157122,644.0070258172902,41.81824577861163,0.8391679138495689,0.9976766305688566,0.9993568996127916
1415.jpg,7,10236,0.00533125,226,671037.0,5263.893018126488,1.0144927536231885,0.5426994371118012,0.7163061137785786,1048.4853515625,1005.897216796875,0.2821126777806086,924.3326481199555,130.94465290806755,0.8102421168594233,0.9936689810846411,0.9979862723693897
2185.jpg,13,57829,0.030119270833333333,914,600246.0,3829.060420155525,1.9858156028368794,0.6081519756838906,0.9523338085118029,1214.3785400390625,660.9710693359375,0.8388987475415168,874.2179040543052,600.2307692307693,0.8421000364281324,0.9656059416627594,0.9907693727242831
2548.jpg,19,38906,0.020263541666666666,615,412241.5,3882.8076713085175,1.4926931106471817,0.3009193833306568,0.9921755507018779,1623.3197021484375,328.04278564453125,0.9793687206291362,724.4875290720612,409.16815196998124,0.8416197801667045,0.9767379085011408,0.9937076223053858
2199.jpg,13,72438,0.037728125,1222,678158.0,3790.8350270986557,1.8774445893089962,0.6140065913370998,0.9641437718099146,1348.2440185546875,693.8426513671875,0.8574142201404424,929.2241834877676,808.6442307692307,0.8288317339937971,0.956590664369474,0.9875642938091036
3526.jpg,30,65116,0.03391458333333333,849,922487.0,4811.4969317913055,1.0828924162257496,0.6624434850547771,0.8329205540602402,1164.560302734375,1092.481201171875,0.3463478316816322,1083.765162710126,703.7258442776736,0.8349448240211566,0.9611068748183038,0.9891777774385988
3076.jpg,22,3420,0.00178125,42,856950.0,4165.153785824776,1.4268774703557312,0.5864186548126088,0.9882510050303412,1548.4830322265625,720.0245971679688,0.8853174680795031,1044.5585803873319,33.68503752345216,0.8544188840362035,0.9979598498645058,0.9994819758631401
2209.jpg,13,88782,0.046240625,1477,781469.5,4228.592384815216,1.6469945355191258,0.5667319358476473,0.9620803660849434,1508.330078125,702.2543334960938,0.8850037004487145,997.4957996926179,984.1859756097562,0.8285071769616367,0.9470143802613455,0.9848647314057491
3475.jpg,29,16877,0.008790104166666667,172,767080.0,3801.8501809835434,1.0092592592592593,0.6516139993204213,0.9527411428844677,1056.0032958984375,1019.2244873046875,0.261617289139532,988.269492585625,161.0375234521576,0.8579674234986613,0.9899965190950429,0.9975234902431003
1109.jpg,1,30309,0.0157859375,572,514498.0,3541.330409526825,1.3658823529411765,0.5213538025029133,0.9620066658252582,1290.6671142578125,528.07470703125,0.9124677432302406,809.3696308159529,337.3248123827392,0.8331559116041273,0.9817060097449284,0.9948124625167972
3038.jpg,21,35218,0.018342708333333332,626,652854.5,6489.360177993774,1.4700507614213199,0.4577323526937207,0.905294518558167,1514.2392578125,601.8233642578125,0.9176269868498483,911.7237335719095,394.18949343339585,0.8317694414053362,0.9787441032255109,0.9939379710664443
3313.jpg,26,24467,0.012743229166666667,339,521375.0,4753.462440133095,1.1880261927034612,0.3840332049232854,0.6113376084461032,1064.7659912109375,946.0165405273438,0.45892760869730853,814.7608653072971,261.27931519699814,0.8404058216060604,0.985302389060112,0.9959819254575555
1239.jpg,4,3531,0.0018390625,81,323670.0,2371.6063297986984,1.9913419913419914,0.7615047995482778,0.994347331879205,903.6318969726562,458.2940368652344,0.8618466569492953,641.9575090646032,41.81824577861163,0.8249398174895085,0.9978394915079526,0.9993568996127916
3028.jpg,21,43093,0.02244427083333333,869,807464.0,7010.411037445068,1.4307692307692308,0.5217793631100083,0.9317652054705999,1553.714111328125,704.7604370117188,0.8912067893122018,1013.950243231902,511.23991557223263,0.8209385533057667,0.9738027240213962,0.9921379153635126
2466.jpg,17,46953,0.0244546875,1141,891277.0,4131.330406546593,1.7694090382387022,0.6763365637148553,0.9447788833873417,1484.6192626953125,806.044189453125,0.839778019777367,1065.2742002474863,648.4878048780488,0.7911102247882639,0.9707647276694094,0.9900272536388822
1055.jpg,0,10852,0.005652083333333334,114,261784.5,4124.277794122696,1.5473790322580645,0.17191900021015025,0.9672865599065911,1865.343017578125,192.5060272216797,0.9946604793754455,577.3338528085134,100.44512195121952,0.8626585607342694,0.9935846247509259,0.9984553083081965
3179.jpg,24,92390,0.04811979166666667,1212,473209.0,3964.2319893836975,1.8333333333333333,0.4376118977864583,0.9776318290375096,1460.1763916015625,426.1841735839844,0.9564574781943651,776.2141532622177,959.9896810506567,0.8389382608072005,0.9454055300429596,0.9852368332505359
1595.jpg,2,10214,0.005319791666666666,223,229968.0,3201.738360762596,4.135593220338983,0.6389774937482634,0.9407664222379039,1125.6112060546875,264.65753173828125,0.9719655280167336,541.1139913397693,114.74601313320827,0.8333600676814625,0.9938052643012748,0.9982353825680004
3499.jpg,29,22083,0.0115015625,188,714279.0,4020.585240125656,1.1192118226600984,0.6194746062582391,0.9227540554960578,1037.998046875,984.7235107421875,0.31625059675440614,953.6499718313252,211.32786116322703,0.857161522824982,0.9869184395064524,0.9967501020951124
2573.jpg,19,49785,0.0259296875,796,469813.0,4073.809759616852,1.413662239089184,0.2991562981546808,0.9926892089766371,1741.20166015625,351.7447509765625,0.9793829137237456,773.4238748775867,529.4718574108819,0.8389055249109603,0.9702465073868074,0.9918575361023146
2569.jpg,19,61059,0.0318015625,960,421387.5,4087.2239726781845,1.3969754253308129,0.26947690257359996,0.9908402169849253,1731.47900390625,314.87255859375,0.983325951031809,732.4801899417406,675.2596153846154,0.8314669863381022,0.9633823397354071,0.9896155443148185
2333.jpg,15,160224,0.08345,2135,855960.5,4669.209696054459,1.4440078585461689,0.5719902302767865,0.9542453895056033,1549.3443603515625,727.4429931640625,0.8829236114282636,1043.955342594348,1672.9331613508446,0.8319111362592794,0.9065733404003502,0.9742728576054065
2546.jpg,18,10315,0.005372395833333333,302,956537.5,3929.597435951233,1.6061606160616062,0.7207510134575101,0.9945905338241104,1403.808837890625,873.2431640625,0.7829753265952055,1103.585688119464,140.1622889305816,0.7984316870221643,0.9935569528286691,0.9978445192856614
2195.jpg,13,66882,0.034834375,1115,725381.0,3791.119296312332,1.776283618581907,0.6103054636137694,0.9613386998660134,1268.1597900390625,769.6622314453125,0.7947685343310185,961.0326603188557,715.1801125703565,0.8365317219253248,0.9601249974549202,0.9890016283860248
2205.jpg,13,76760,0.03997916666666667,1213,843384.0,4142.835024237633,1.678453038674033,0.6135062686632308,0.9556672574072983,1404.3514404296875,808.9954833984375,0.8174050064399312,1036.2576225036516,846.8703095684804,0.8304366658806321,0.9541164405728211,0.9869764354324657
2542.jpg,18,14923,0.007772395833333333,398,975334.0,3919.060418486595,1.5591054313099042,0.7094906801212777,0.9952336977872562,1379.4127197265625,904.5836791992188,0.7549568280107937,1114.375977004496,198.72138836772984,0.8019847449842304,0.990716771380125,0.9969439702831524
3290.jpg,26,29197,0.015206770833333333,450,559694.5,4561.670591473579,1.152153987167736,0.408122944143411,0.6650919545898272,1031.4649658203125,977.0331420898438,0.32055877861579046,844.1712920792643,322.2783771106942,0.8346244005438553,0.9823944472060391,0.995043853579942
3095.jpg,22,7374,0.003840625,52,727711.5,3616.754730463028,1.544917257683215,0.658132423882314,0.9881356346467983,1325.3399658203125,722.0839233398438,0.838547037784841,962.5752224935683,58.96575984990619,0.8815627431693105,0.9957095407215546,0.9990931971849736
1422.jpg,7,21073,0.010975520833333334,384,820290.5,6381.973316907883,1.267379679144385,0.5141327020515405,0.7145571249435416,1227.1123046875,1043.7998046875,0.5257894797433982,1021.9717720028176,247.24953095684802,0.8249651866794936,0.9871618598217692,0.9961976819894066
1377.jpg,6,21573,0.0112359375,273,481910.0,3572.0410891771317,1.514384349827388,0.42139586780039245,0.9718415804046601,1397.170166015625,458.94500732421875,0.9445102911070548,783.3178594946769,203.94019699812384,0.8589340956284137,0.9872387660431861,0.9968637130225122
1044.jpg,0,13096,0.006820833333333333,157,236483.0,4053.8240324258804,1.391904323827047,0.14379091723310577,0.9627983006304441,1884.8355712890625,172.2796630859375,0.9958139826128203,548.7253477447579,130.80909943714823,0.851614007167156,0.9921871490712169,0.9979883569735621
2586.jpg,19,31948,0.016639583333333333,542,381422.0,3967.633134126663,1.4265267175572518,0.24344634787714775,0.9851194588612376,1721.593017578125,293.55950927734375,0.9853548718923145,696.8798846515626,348.3046435272045,0.8364212763544596,0.9807786111847517,0.9946436095788269
2241.jpg,14,117824,0.06136666666666667,1221,675405.5,3768.6268726587296,1.3911205073995772,0.5425222662048491,0.9869753630802032,1454.776611328125,598.69482421875,0.9113929223547337,927.336503827831,1138.6491557223264,0.84808617333405,0.931411164980713,0.9824893249512144
3213.jpg,24,26193,0.0136421875,481,580048.0,4202.623906612396,1.4465832531280076,0.37144062852799375,0.9738321067701753,1697.18212890625,472.70947265625,0.9604286683278435,859.3835298890372,300.5220450281426,0.8283753306290145,0.9841092250806804,0.9953784325496241
2157.jpg,12,40068,0.02086875,630,992147.5,4627.861494541168,1.3920353982300886,0.5581733230566698,0.961678635782503,1688.684814453125,816.4059448242188,0.8753682903758156,1123.9401368445428,417.09803001876173,0.843135487575963,0.9760815622473464,0.9935856729612961
2471.jpg,17,13105,0.006825520833333334,459,817642.0,4148.364019751549,1.4440078585461689,0.5463841332210684,0.9077371849491672,1308.737060546875,838.1871948242188,0.7679956980859085,1020.3206005155183,205.36350844277675,0.7672005668497086,0.9916075149133535,0.9968418246787012
2487.jpg,18,30335,0.01579947916666667,815,993373.0,4142.6096251010895,1.644273127753304,0.7327683374101165,0.9960753524311456,1433.05078125,886.9578247070312,0.785446312745726,1124.634067718119,403.8815666041276,0.8004047711115314,0.9811771281082915,0.9937889218681124
2053.jpg,11,92188,0.04801458333333333,1323,513608.0,3875.7770268917084,2.6548672566371683,0.6060271386430679,0.9596024139155129,1455.61669921875,503.662353515625,0.9382297047305824,808.6692872196504,942.0966228893058,0.8416114399794625,0.9456474150912514,0.9855120010013024
3044.jpg,21,21676,0.011289583333333334,281,504630.0,4205.1882754564285,2.044274809160305,0.5753752658073417,0.9189602126266659,1120.6962890625,606.4038696289062,0.8409610658697485,801.5702536020815,201.97467166979362,0.8609499615419849,0.9872008310220862,0.9968939397830131
3586.jpg,31,172406,0.08979479166666667,1652,714304.5,4486.606667995453,1.3832720588235294,0.43623247264021886,0.9303014181048825,1620.6556396484375,604.2657470703125,0.9278905661374985,953.6669944914095,1669.0021106941842,0.8430680603930741,0.9007975379981021,0.9743333111264083
2114.jpg,12,29785,0.015513020833333334,552,637209.0,3551.6146852970123,1.908450704225352,0.6623449924640091,0.9652612356593245,1241.00341796875,677.5475463867188,0.8378063485632187,900.7328666486798,308.58747654784236,0.8447275702058474,0.9821982039310881,0.9952543986013619
3224.jpg,24,127528,0.06642083333333333,881,486476.5,3968.842159152031,1.60989010989011,0.36490754978809586,0.9441379109575748,1573.417236328125,423.5582580566406,0.963085301220315,787.0204046810701,1115.3339587242028,0.8617749033236914,0.9268503475231921,0.9828478768688802
1303.jpg,5,11146,0.005805208333333333,174,443239.0,7696.366444706917,1.184340931615461,0.3676028712300592,0.510731092398243,980.334716796875,867.2213745117188,0.46631711031428014,751.2319366007205,119.3548311444653,0.8410829774677293,0.9932862902722884,0.9981645060261363
2330.jpg,15,141522,0.073709375,2188,939548.5,4353.636094927788,1.3902662993572084,0.5698564242157373,0.9810954391076095,1647.754638671875,730.8993530273438,0.8962382806791712,1093.7414248334042,1556.0860694183864,0.824852736860258,0.9165210778442089,0.9760697864020794
3323.jpg,26,17336,0.009029166666666666,298,449619.0,4351.306025862694,1.1642084562438544,0.37339801084270113,0.620790494133046,977.00244140625,911.2081909179688,0.36076428976109165,756.6192509210159,193.0281425891182,0.8342197886311916,0.9895119600020238,0.9970315236583963
3100.jpg,22,7923,0.0041265625,36,970728.5,4306.769008398056,1.459903381642512,0.6207160373045333,0.9798939379486022,1601.715576171875,804.51904296875,0.8647016489026156,1111.7418375690677,53.27251407129456,0.9003838238933775,0.995468343228386,0.9991807505602176
1159.jpg,3,23984,0.012491666666666667,596,999433.0,4153.7366091012955,1.2546125461254614,0.6779310017364879,0.9638705153990927,1299.2791748046875,1045.77734375,0.5934234852111243,1128.0592262435948,292.86327392120074,0.8175577929772804,0.9853070305279187,0.9954962126853689
1345.jpg,6,25222,0.013136458333333333,352,538387.5,3714.450249314308,1.5148842337375965,0.43201711097095374,0.9678363125011797,1437.5604248046875,494.8582763671875,0.9388836061586513,827.9470124296013,253.2138836772983,0.8499023624423502,0.9849757768221709,0.9961059594058177
3457.jpg,29,66224,0.034491666666666664,1024,772023.0,4095.2959201335907,1.0083179297597042,0.6540007217513143,0.9347611828977702,1053.9324951171875,1017.6693115234375,0.2600598513173339,991.4485428125226,702.9803001876173,0.8377813528007719,0.960552864141269,0.9891892427615474
2340.jpg,15,118624,0.061783333333333336,1971,865846.5,4511.72946536541,1.421875,0.5807371034726991,0.9588363687102582,1580.5125732421875,727.8215942382812,0.8876611631833387,1049.9666677902371,1331.1350844277672,0.8235248086296281,0.9294879814248264,0.9795291870263008
1543.jpg,8,36966,0.019253125,317,592761.0,3791.9721056222916,1.5171270718232044,0.47704627122122384,0.982471638961011,1461.525634765625,535.5521240234375,0.9304441975015085,868.7501054830208,323.29502814258916,0.8684277447846678,0.9783991126933685,0.9950282190486485
1237.jpg,4,987,0.0005140625,37,251331.0,2123.6753095388412,2.343490304709141,0.8229406102041217,0.9944506763052781,864.53662109375,382.1333312988281,0.8970104078392318,565.689462530312,14.843105065666043,0.7780013089472797,0.9993715753615503,0.9997717358431142
3162.jpg,23,31641,0.0164796875,510,468881.0,4368.035151958466,1.5079522862823063,0.3072409314711599,0.9405186601930258,1654.25244140625,394.2341613769531,0.9711877652134792,772.6563472689315,340.98475609756105,0.8383315279370825,0.9809930929262832,0.9947561782041405
1386.jpg,7,10091,0.005255729166666666,351,719833.0,5666.887967467308,1.169522091974752,0.5004494661676769,0.6897489114770183,1155.8270263671875,984.7573852539062,0.5235519797057824,957.3504275892639,153.8531894934334,0.7738577861152163,0.9935677221629496,0.9976339742642415
3354.jpg,27,101761,0.053000520833333335,1459,798960.5,4669.611714839935,1.150997150997151,0.6260288065843621,0.8511450544322987,1282.4517822265625,860.524169921875,0.7414580374289954,1008.5970966056653,1052.5727016885553,0.838840633882524,0.9400173567627782,0.9838130486007358
2028.jpg,10,63739,0.03319739583333333,946,678023.0,3723.070521712303,1.7043701799485862,0.6572359416378772,0.976472562123799,1209.8912353515625,737.0106201171875,0.7930516162441014,929.1316891808013,645.031191369606,0.8455576723283106,0.9622625615373157,0.9900804110452802
2379.jpg,16,334,0.00017395833333333334,8,61762.5,3952.2777800559998,1.435847208619001,0.04126341374117609,0.7503735921952642,1877.3837890625,50.38084030151367,0.9996398587216976,280.4254934589676,4.337711069418386,0.8083498735463613,0.9997925897098702,0.9999332926664808
3417.jpg,28,77923,0.040584895833333336,556,765935.5,4177.51835334301,1.4104967197750702,0.47697023666815086,0.9957851081187372,1684.4715576171875,596.3833618164062,0.9352273477726116,987.5319576178277,624.0204033771107,0.8768434776501154,0.9552870285971935,0.9904035246920138
1004.jpg,0,4448,0.0023166666666666665,84,198617.5,3305.436845302582,5.376923076923077,0.5464330912292286,0.9601286826464539,1333.62841796875,197.1450958251953,0.9890133681588246,502.8793645363033,41.81824577861163,0.8609636689505034,0.9973624314434132,0.9993568996127917
3143.jpg,23,36107,0.018805729166666667,416,478650.0,4515.9417897462845,1.3683729433272396,0.2922664341480035,0.893222037475577,1594.6943359375,434.8957214355469,0.9620951037153737,780.6638893195237,336.3081613508443,0.8599395375723359,0.9787379539922986,0.9948280970480908
2563.jpg,19,28323,0.0147515625,473,382209.5,3936.880835056305,1.4434611602753196,0.2560085494816994,0.9886727101297633,1625.37841796875,306.2418212890625,0.9820899557226755,697.5989175546749,310.281894934334,0.8359429689695845,0.9829370391007123,0.9952283410492059
2140.jpg,12,27384,0.0142625,423,857061.0,4200.751761198044,1.6262295081967213,0.629488365943945,0.9633589948508361,1477.567138671875,789.6378173828125,0.8452206085176976,1044.626228586217,286.76336772983115,0.8432567705572983,0.9836025153173603,0.9955900198731302
2328.jpg,15,132391,0.06895364583333333,2195,938665.5,4301.964963555336,1.366447985004686,0.6033772239385069,0.9852351000936779,1617.6444091796875,750.3984375,0.8858962485041288,1093.2273477546214,1472.1106941838648,0.8237820396823714,0.9216295091879672,0.9773611986869273
2018.jpg,10,43073,0.022433854166666666,656,657547.0,3534.9872670173645,1.6446173800259403,0.6725942792145888,0.9773479570800269,1143.6854248046875,741.0464477539062,0.7616862364107845,914.9944496673038,425.29901500938087,0.8509717200367102,0.9744815438897421,0.9934595544088615
1550.jpg,8,62618,0.03261354166666667,723,527544.5,3800.86237514019,2.852336448598131,0.6461759410100317,0.9765237576055992,1396.6170654296875,503.736572265625,0.9326883160951385,819.5672754615932,520.7286585365854,0.873164509179317,0.9638039593782789,0.9919919930714394
1220.jpg,4,1147,0.0005973958333333334,42,384020.0,2572.032737493515,1.9096267190569745,0.7761931326655186,0.9956223417425335,1013.7349853515625,488.5013732910156,0.8762357234405859,699.2492044823485,17.011960600375236,0.7810373758741961,0.9992715458658584,0.9997383821763545
2589.jpg,19,29103,0.0151578125,285,403126.0,4133.799660563469,1.4095149253731343,0.24887516421861572,0.9899185107242441,1701.0673828125,304.0528869628906,0.9838959041258829,716.4328054401942,253.078330206379,0.8697210977433664,0.9829794714670973,0.9961080440099901
1046.jpg,0,22677,0.0118109375,441,399484.0,4125.750888586044,1.4386973180076628,0.25475866150369114,0.9312893103753748,1749.2489013671875,331.1012268066406,0.9819227805318129,713.1891938952677,261.8893058161351,0.8275692484032999,0.9862207670464478,0.9959725447387793
1451.jpg,9,22172,0.011547916666666666,421,471418.5,4216.14159488678,2.306896551724138,0.6074667542910159,0.9303425002220183,1251.116455078125,521.4090576171875,0.9090188430737052,774.7442651092896,255.58606941838647,0.8279323551124393,0.9865300973914238,0.9960694788327993
2488.jpg,18,13884,0.00723125,303,904215.5,3727.9506875276566,1.493258426966292,0.7644638614824021,0.9942678286418338,1292.78662109375,894.9315795898438,0.7216577398212376,1072.978532666184,162.73194183864916,0.8258067045971488,0.9915325639273055,0.9974974326909444
3024.jpg,21,48729,0.0253796875,1041,747527.5,6412.982544183731,1.4090038314176245,0.4867590139894929,0.9267658734586498,1547.705322265625,667.181640625,0.9023146897273058,975.5929344644796,589.3864915572233,0.8168935484858646,0.9703179412910468,0.990936141058081
2089.jpg,11,101718,0.052978125,1251,562886.5,3412.161802649498,2.019756838905775,0.6436799156529237,0.9704337316994117,1279.5643310546875,600.350830078125,0.8831005493330754,846.5750710938571,993.3358348968106,0.8478496949476124,0.9405078527564021,0.9847240206241072
2510.jpg,18,9965,0.005190104166666667,306,1009382.0,3971.3547962903976,1.4383983572895278,0.7397048456148219,0.9947384552009862,1357.3101806640625,955.2824096679688,0.7103926923908507,1133.6600364059184,137.1123358348968,0.7959296543894196,0.9937620834155455,0.9978914228795421
3229.jpg,24,123868,0.06451458333333333,1219,616891.5,4197.920370459557,1.4106463878326996,0.39514741526856817,0.976412406575561,1653.58349609375,489.2259216308594,0.955231929029873,886.2565388255207,1184.0595684803002,0.8492298075732639,0.9280878723077894,0.9817909825534356
2520.jpg,18,13299,0.0069265625,284,1227263.5,4264.2837282419205,1.2902638762511374,0.787524175715582,0.9969229557008785,1433.275634765625,1094.5546875,0.645602597550729,1250.0401673586664,154.25984990619136,0.8276648762015145,0.9919010020291616,0.9976277204517241
1102.jpg,1,47876,0.024935416666666668,891,813413.5,4532.665536165237,1.4057835820895523,0.5035044790975448,0.9720065795173387,1635.86865234375,641.2739868164062,0.9199617067626501,1017.6788464056012,539.84169793621,0.8293754631503646,0.971138478426661,0.9916980638831204
1455.jpg,9,32526,0.016940625,465,541923.5,4314.876657247543,2.02571860816944,0.61228828161102,0.9247644034896867,1249.7296142578125,599.145263671875,0.8775856348290579,830.6614415159078,342.13696060037523,0.8421249068516888,0.9805296076503677,0.9947384590686745
1616.jpg,2,97,5.052083333333333e-05,4,144741.5,2324.687502026558,4.464285714285714,0.6461674107142857,0.9671581254405923,935.405517578125,201.5935821533203,0.9765006095792005,429.29081234552945,1.423311444652908,0.7834942097456715,0.9999385041354207,0.999978111656189
3051.jpg,21,52225,0.027200520833333332,848,731237.0,5046.863578438759,1.4309623430962344,0.5591317685776506,0.9343866800411457,1409.396484375,698.9402465820312,0.8683713161594453,964.9040703476726,574.7467166979362,0.8330825779691222,0.968651532945063,0.9911612783087083
2456.jpg,17,44303,0.023074479166666665,1059,837261.0,4398.242101430893,1.6655290102389078,0.6506252447826331,0.9157043557862513,1443.4327392578125,770.4462280273438,0.8456361990035417,1032.4891352767386,594.4019699812383,0.7973664197960602,0.9725383315929185,0.9908590107036994
2411.jpg,16,615,0.0003203125,15,69146.5,4065.3316093683243,1.4119850187265917,0.042933629879096755,0.6303236098450319,1645.3367919921875,84.85924530029297,0.998669092676057,296.7154498505764,8.472091932457786,0.7966828017109924,0.9996143791617331,0.9998697122392203
2566.jpg,19,37673,0.019621354166666667,645,376316.5,4021.057454586029,1.4514851485148514,0.25415456620696175,0.9841813450498869,1642.82080078125,296.42572021484375,0.983586536664439,692.2001510663877,415.53916510318953,0.8339982358702418,0.977319852262388,0.9936096459092796
3049.jpg,21,32633,0.01699635416666667,374,650407.0,5518.697059392929,1.629404617253949,0.58932734588993,0.8920150834506514,1207.201904296875,759.0848999023438,0.7775695275690554,910.0131386812847,297.1332082551595,0.8633331728249666,0.9808240748643874,0.995430547653936
3482.jpg,29,19411,0.010109895833333334,196,643420.5,4037.4309134483337,1.0678314491264131,0.6364532463126158,0.9268077144128845,957.6057739257812,952.0366821289062,0.10769150914727678,905.1123822450286,189.36819887429644,0.8545899969840655,0.9884677451091135,0.9970878079710531
3464.jpg,29,80761,0.04206302083333333,1320,862489.0,4328.634015798569,1.039301310043668,0.63299622032219,0.9298466245597996,1124.254638671875,1104.5081787109375,0.18660009616534926,1047.928958326415,888.6207786116322,0.8305236440813185,0.9517800647665857,0.9863343773473437
3187.jpg,24,97849,0.05096302083333333,1330,613468.0,4327.677726984024,1.4588235294117646,0.4041930212945393,0.9705766253655673,1687.126220703125,506.1869812011719,0.9539300457454725,883.7939335781791,1005.1967636022514,0.8402850780512635,0.9423330206615391,0.9845416177590156
1276.jpg,5,14003,0.007293229166666667,296,486386.0,7282.945090055466,1.1245387453874538,0.3680849646888594,0.48930371807085654,1002.6535034179688,963.8399047851562,0.27554169593382594,786.9471959449102,173.91510318949344,0.8154064276308935,0.9913846377935563,0.9973254528467153
2137.jpg,12,18880,0.009833333333333333,261,784690.5,3954.543612241745,1.6799531066822977,0.6419529119752215,0.9780414753436336,1447.807373046875,728.60009765625,0.8641444719048446,999.5493859624983,181.1672138836773,0.8570147088262772,0.9888054970280298,0.9972139265234878
3048.jpg,21,23763,0.0123765625,411,429408.0,3940.87961602211,2.1045296167247387,0.619286060410273,0.944238416857882,1059.21240234375,535.3296508789062,0.8628831360565131,739.4181810218334,254.77274859287056,0.8398292999803303,0.9857156862067188,0.9960819864578342
2169.jpg,13,67499,0.03515572916666666,1004,520268.5,3435.6664127111435,2.2282958199356915,0.6034953346046593,0.962758619413446,1201.616455078125,578.7457885742188,0.8763695113006431,813.8958336790071,726.0921669793621,0.8354997962542603,0.9597280064222498,0.9888338177501405
3264.jpg,25,49844,0.025960416666666666,875,595725.5,4193.2584636211395,1.370873786407767,0.40961350697213894,0.9922143570952698,1632.539794921875,467.9432678222656,0.9580398207906227,870.9197806957465,565.5968574108819,0.8281125826062276,0.9699349368924467,0.9913019890903503
2311.jpg,15,78815,0.041049479166666666,1519,795119.5,4173.420809268951,1.5708108108108108,0.5915957664477968,0.9627455313223653,1441.051513671875,723.1768188476562,0.8649606601935895,1006.1697621127611,901.0916979362102,0.8240882338160652,0.9526586209539891,0.986142593763476
3214.jpg,24,20938,0.010905208333333333,315,434563.5,3395.7009065151215,1.9282511210762332,0.5035439913790106,0.9834556909888339,1306.4754638671875,436.8876037597656,0.9424306390219352,743.8436884846969,208.07457786116325,0.851759026071537,0.9875345112324694,0.9968001325952517
3186.jpg,24,111198,0.057915625,1350,517330.0,4262.908182621002,1.6449115044247788,0.3848471413013075,0.9639584662899627,1555.267822265625,447.173828125,0.9577740117652195,811.5941188043699,1122.3827392120077,0.8419151494702563,0.9347995986621066,0.9827394774519115
2154.jpg,12,25851,0.0134640625,378,928217.0,4402.3396409749985,1.3651938683498648,0.5528306291862067,0.9752278589402129,1653.686767578125,794.2310180664062,0.8771157776341002,1087.1258393099847,259.9915572232646,0.8495846885448383,0.9845992607920641,0.996001729197194
3563.jpg,30,43347,0.0225765625,636,860759.5,5388.890935301781,1.2129963898916967,0.5780199066314251,0.7579026382116953,1150.2691650390625,1124.27734375,0.21138116589059508,1046.8777549964782,467.7950281425891,0.8370931170405518,0.974010774885856,0.9928060310007907
1487.jpg,9,32015,0.016674479166666666,616,479623.0,4525.580187559128,2.219798657718121,0.6082664982473228,0.9286992250883926,1232.5906982421875,537.5902709960938,0.8998756152663022,781.4569534942491,373.11092870544087,0.8251316903415497,0.9805518450162034,0.9942621270152641
2479.jpg,17,26977,0.014050520833333333,807,756371.5,3994.567995786667,1.703448275862069,0.5866346347743807,0.923813083244631,1367.3341064453125,738.9096069335938,0.8414071885282909,981.3470865655291,396.2227954971857,0.7802067414328528,0.9829651317290227,0.9939067020038572
1070.jpg,1,37060,0.019302083333333334,795,868319.0,4552.246271967888,1.4970873786407768,0.5467108659791218,0.9729914771262923,1634.68798828125,686.119873046875,0.9076511938018234,1051.464734665358,457.4251876172608,0.8143033341286803,0.9773088787520141,0.9929655032199849
2367.jpg,16,172,8.958333333333333e-05,6,62008.0,3696.3295221328735,1.4872340425531916,0.047185949532767175,0.6664731994109997,1492.45263671875,83.61592102050781,0.9984293187915323,280.9822729104774,2.643292682926829,0.7732354869281347,0.9998900382544654,0.9999593502186368
2066.jpg,11,159842,0.08325104166666666,1545,681210.5,3820.7547295093536,2.0838150289017343,0.6826686803011232,0.9893341776141177,1374.2913818359375,660.3195190429688,0.8770056855391406,931.3131304179129,1581.4345684803002,0.8407593593031254,0.907493072394345,0.9756799654218267
1424.jpg,7,12917,0.0067276041666666665,186,625023.5,5512.694093823433,1.2623456790123457,0.5240654378003831,0.7098833052514056,1044.481201171875,895.6124267578125,0.5145321581716983,892.0788286854352,148.1599437148218,0.8296186827412106,0.9921460052185894,0.9977215276394855
1539.jpg,8,28723,0.014959895833333334,249,588537.5,3862.5923824310303,1.6535433070866141,0.450355057658609,0.9766871257273864,1553.1951904296875,511.1820068359375,0.9442893605301108,865.6495934034573,250.1639305816135,0.8695438794605462,0.9831974666925931,0.9961528629996984
3345.jpg,27,76510,0.03984895833333333,1224,804160.5,4442.567997574806,1.435978835978836,0.6270917406510627,0.8541350899796174,1337.755615234375,831.4336547851562,0.7834031676642053,1011.8739787710725,813.7952626641651,0.8365488337386501,0.9545017590209318,0.9874850788505496
3590.jpg,31,154465,0.08045052083333333,2245,799390.5,4569.067556619644,1.3809954751131222,0.47406967021106255,0.9535306340565016,1661.1727294921875,644.7869262695312,0.92159551924742,1008.8684732340555,1710.549249530957,0.8223056956576372,0.9090352485602705,0.9736943799475448
3273.jpg,25,22334,0.011632291666666668,234,512782.0,4724.711341023445,1.3476599808978031,0.3471035668038749,0.9734817527463192,1691.1593017578125,391.9736633300781,0.9727686876152196,808.0187622997291,211.12453095684802,0.8588840226584697,0.9867905284997583,0.9967532290013711
1586.jpg,2,100,5.208333333333334e-05,5,290257.0,2831.135328412056,2.8091603053435112,0.6689922373418888,0.9665793075429664,1019.6231689453125,367.9678649902344,0.9326098848320704,607.9199705028567,1.7621951219512195,0.7399864491582843,0.9999343348860505,0.9999729001457579
3427.jpg,28,75298,0.03921770833333333,955,823395.5,4127.611721158028,1.4870259481037924,0.5515114067167678,0.9929657506947723,1625.529541015625,681.93115234375,0.9077492207224854,1023.9041515478789,734.0898217636022,0.8502829671465924,0.9557371701317533,0.9887108261039647
2273.jpg,14,153453,0.0799234375,1386,781062.5,4756.846339583397,1.380281690140845,0.49890613522404265,0.9829340561913913,1625.5462646484375,633.9526977539062,0.9208175520215961,997.2360111376383,1441.5433864915572,0.8493492445277113,0.9116836390553447,0.9778312769278203
2449.jpg,17,45881,0.023896354166666668,954,897145.5,4288.935531139374,1.554865424430642,0.6183236016574174,0.9366471902792416,1559.2684326171875,775.7965087890625,0.8674417360852522,1068.775527405638,560.7169324577861,0.8152685395457023,0.9719939109905541,0.9913770348405594
3085.jpg,22,10216,0.005320833333333334,56,938105.5,4171.396423816681,1.5050607287449393,0.6385336206638369,0.9870851591390597,1573.22705078125,774.5149536132812,0.8704200992279093,1092.901193948269,70.69113508442777,0.8973587682355176,0.9941440617866184,0.9989128789240546
3546.jpg,30,2352,0.001225,50,675664.0,3892.2866920232773,1.1047331319234643,0.6202616125090767,0.8362126471989654,1017.3831176757812,956.2998657226562,0.3412834643629184,927.5139480104539,28.534005628517825,0.8207837241243237,0.9985553812534632,0.9995611908216941
2383.jpg,16,2600,0.0013541666666666667,61,67282.5,3527.0086690187454,1.528344671201814,0.05659051454409657,0.7424234900772961,1645.160888671875,69.1851577758789,0.999115350441847,292.6888102894328,33.6172607879925,0.8089719235987892,0.9983871606327511,0.9994830181652263
3285.jpg,26,15889,0.008275520833333333,297,462601.0,4583.178169965744,1.180952380952381,0.35530030721966205,0.6005699300245368,1011.2615966796875,922.1036987304688,0.4105568992723367,767.4645833092436,187.6060037523452,0.8243368145476838,0.9903024461211749,0.9971149078252954
3122.jpg,23,25612,0.013339583333333334,381,506746.0,3937.2757147550583,1.4682274247491638,0.4289553722058426,0.7823800598427044,1400.9564208984375,581.9633178710938,0.9096368888775731,803.249056231232,283.781191369606,0.8343103294126298,0.9845381368139976,0.9956358811649246
2585.jpg,19,31974,0.016653125,486,394074.5,4023.6747658252716,1.4398460057747835,0.25353107162893157,0.9888375325890852,1695.71142578125,300.44207763671875,0.9841788956795356,708.3440103309528,336.8503752345216,0.841927152813324,0.9808541086109,0.994819758631401
2432.jpg,17,9162,0.004771875,293,983574.0,4239.285813212395,1.5333998005982055,0.6376021480422193,0.9573609777487503,1453.1953125,896.1414794921875,0.787222022859663,1119.073416703901,135.21458724202625,0.7812080826164504,0.9941935321428864,0.9979206073379568
1224.jpg,4,1427,0.0007432291666666667,43,420307.0,2745.5474528074265,2.2489539748953975,0.8179566021212417,0.9954043540814332,1100.0789794921875,498.4907531738281,0.8914389187657966,731.5404932941184,18.57082551594747,0.8078458838078725,0.9991137095504239,0.999714409228371
3147.jpg,23,18131,0.009443229166666667,213,387921.0,3501.4927538633347,2.049382716049383,0.45078578201695674,0.9387134828401865,1589.8426513671875,399.1924133300781,0.9679639373407383,702.7918307957265,168.96740150093808,0.8611890460003441,0.989286892505577,0.9974015408990107
2451.jpg,17,34491,0.0179640625,858,973767.0,5001.521314501762,1.4130019120458892,0.6298671141043786,0.8872345688798625,1584.4437255859375,860.5582885742188,0.8396488768860666,1113.4804227098587,444.344277673546,0.8064421692727827,0.9787281986288758,0.9931666675226287
2428.jpg,17,6983,0.003636979166666667,250,831879.5,4075.6949704885483,1.6309012875536482,0.587220112378586,0.9342216088009235,1366.932373046875,815.888671875,0.802333744878397,1029.1656211973439,107.4939024390244,0.7720474096604818,0.9955388476587094,0.9983469088912278
2485.jpg,17,17251,0.008984895833333333,553,848146.5,4100.332499742508,1.4461077844311376,0.5841639701962534,0.9192330931782035,1361.4417724609375,839.1209716796875,0.7874744413107999,1039.1793221233388,261.8893058161351,0.7739809571811972,0.9890244347854883,0.9959725447387794
1151.jpg,3,32378,0.016863541666666666,849,637432.5,3242.837987422943,0.9892818863879957,0.740203028708984,0.9613039829344819,963.5488891601562,881.5281982421875,0.4037338976449936,900.8908180791924,434.313320825516,0.7986909304717603,0.9798911830576841,0.9933209282313918
2155.jpg,12,23730,0.012359375,300,936144.5,4416.381265163422,1.4050632911392404,0.5446741303432081,0.974616512202689,1676.4263916015625,754.4255981445312,0.893018418493998,1091.7583052060224,226.37429643527204,0.8574874267709488,0.985952564226004,0.9965187110319677
3258.jpg,25,66414,0.034590625,1182,602450.0,3829.109192252159,1.3263052208835342,0.45788756844182177,0.9947574819401445,1523.2086181640625,500.2445068359375,0.9445335409512323,875.821422280649,743.0363508442778,0.8290110694373204,0.9601432928203079,0.9885732422285811
2025.jpg,10,61557,0.0320609375,1085,938153.5,4165.268570065498,1.434826883910387,0.6780339221675034,0.9789410801024694,1291.449462890625,938.5906372070312,0.6868776930060099,1092.9291538026148,661.4331613508443,0.8362094461556472,0.9632382312287832,0.9898281739404108
1334.jpg,6,14204,0.007397916666666666,160,357658.0,3171.7324361801147,1.4685138539042821,0.3863215108165443,0.9690304628835632,1238.2696533203125,386.15130615234375,0.9501321652728315,674.8216868854237,133.04573170731706,0.8607688283296335,0.9915959987437131,0.9979539610047163
2634.jpg,20,23055,0.0120078125,240,230579.5,3644.5721685886383,1.454835281615303,0.17898952748307947,0.9815046961896269,1625.8837890625,183.24105834960938,0.9936287846367381,541.8329425249644,211.93785178236396,0.8627183326434944,0.9864123814375747,0.9967407213763362
3440.jpg,28,65805,0.0342734375,737,757488.5,3960.2492365837097,1.3957703927492446,0.5503811674506539,0.9954360371713944,1535.5269775390625,645.3389892578125,0.9073981753119603,982.0714398057411,668.6174953095685,0.8447635657686081,0.9610337110717228,0.9897176899192697
2215.jpg,13,101074,0.052642708333333336,1566,803428.5,4240.626873254776,1.7315130830489192,0.6005424423584919,0.9650618907767428,1493.2669677734375,727.5325317382812,0.8732856148561657,1011.4133366568066,1080.8356003752344,0.8334514593722632,0.9401343636541513,0.9833784086307749
2163.jpg,12,35972,0.018735416666666668,530,892655.0,4314.006593465805,1.4955752212389382,0.5770766140632263,0.9804051857449126,1574.54296875,755.4231567382812,0.8773926698566284,1066.0973903943143,354.47232645403375,0.8518314039738077,0.9786659470802647,0.9945487600889793
2567.jpg,19,27787,0.014472395833333334,384,309325.0,3680.6970673799515,1.4443298969072165,0.2276172395269947,0.988917537720814,1593.3187255859375,255.22816467285156,0.987086765322427,627.5705714700174,270.90361163227016,0.8540420743628757,0.9835180437515714,0.9958339185613098
1056.jpg,0,13123,0.0068348958333333334,231,421171.5,4095.684870839119,1.3859981078524124,0.271985883158272,0.954176276285801,1780.08203125,359.5191345214844,0.9793921759676787,732.2924340148719,146.05886491557223,0.8346536687751426,0.992055471093804,0.9977538390041588
2580.jpg,19,30549,0.0159109375,380,400863.0,3901.7752779722214,1.4313346228239845,0.26194717444717447,0.9906400708759782,1727.06982421875,308.8609924316406,0.9838790308895251,714.4190812269585,287.78001876172607,0.8587615386334879,0.9819669430240567,0.9955743853418367
3185.jpg,24,125942,0.06559479166666667,1467,599467.0,4274.95695245266,1.426371511068335,0.38931535175393134,0.969621438628642,1677.012451171875,472.7467346191406,0.9594443308048207,873.650439342735,1249.125234521576,0.8433831208002838,0.9265546882615113,0.9807903725506478
2034.jpg,10,88488,0.0460875,1248,1062440.0,4330.56503200531,1.5098231827111985,0.6790203148787025,0.9781850121624035,1409.2642822265625,977.2943115234375,0.7204774364134877,1163.0737817990853,891.4674015009382,0.844172169772326,0.9478919391332258,0.9862906006597219
2636.jpg,20,21653,0.011277604166666667,169,233272.0,3691.79547727108,1.5532646048109966,0.19705555386606385,0.9724528931132232,1646.94140625,189.6411895751953,0.9933484044808039,544.9872797409687,171.06848030018762,0.882103747384886,0.9874520155727303,0.9973692295343372
1112.jpg,1,41085,0.0213984375,698,813005.5,4500.013733863831,1.446168768186227,0.5288800374181721,0.9658583844969492,1589.21630859375,676.5064086914062,0.904871160839128,1017.4235856747097,454.03635084427765,0.8333801570987862,0.9752740939780348,0.9930176183242967
1191.jpg,3,94704,0.049325,1947,893022.0,3757.2370425462723,1.0469613259668509,0.723222398771605,0.9743861682034965,1123.6474609375,1031.8739013671875,0.39582651188689655,1066.3165218257122,1170.09756097561,0.8082412793756713,0.9425972254883993,0.9820056967832004
1468.jpg,9,20510,0.010682291666666666,390,362570.5,3455.146648645401,1.8976660682226212,0.615832043876083,0.9420853584230089,953.67724609375,508.5159606933594,0.8459791390954932,679.4402831407631,242.36960600375235,0.8237622256448468,0.9874903174779508,0.9962727277396156
1473.jpg,9,31398,0.016353125,472,393790.0,3674.5953476428986,2.466535433070866,0.6186569555900484,0.93401706320311,1134.298583984375,469.4825439453125,0.9103238140360368,708.0882715603046,334.2748592870544,0.8403068153990021,0.9811699793498846,0.9948593661106779
3411.jpg,28,78424,0.04084583333333333,810,801754.0,4192.565031647682,1.4359223300970874,0.526302867983484,0.9953321729976139,1632.615966796875,644.7103271484375,0.9187266684089086,1010.3587966408744,701.2858818011258,0.8624411272780637,0.9544263360599646,0.9892153003137034
1164.jpg,3,61982,0.032282291666666664,1475,774375.0,3739.0848063230515,1.0289855072463767,0.702524324692114,0.9545331000338362,1049.924560546875,978.65185546875,0.3621589414156191,992.957638801521,795.0888836772983,0.804417577349969,0.9619792177649038,0.987772754226351
1008.jpg,0,7701,0.0040109375,106,253626.0,3990.0940264463425,1.6261879619852164,0.17390940632756893,0.9431543717752057,1771.88818359375,193.7934112548828,0.994000983964462,568.2663572419191,79.9765478424015,0.8461557005712824,0.9953777680124352,0.99877008353824
2009.jpg,10,73925,0.03850260416666667,1168,968315.5,4089.3274462223053,1.3867735470941884,0.7010520318092833,0.9854785952142514,1282.72314453125,969.9818725585938,0.6543525984222118,1110.3592150200768,777.0602720450282,0.8386958689656653,0.9560898877785066,0.9880500065812902
2531.jpg,18,34571,0.018005729166666668,822,910556.0,3787.697937846184,1.4468313641245971,0.7260882081117525,0.9943878693233009,1277.5347900390625,907.549072265625,0.7038073515644672,1076.7339071914987,429.297842401501,0.8134212655268381,0.9788037537212466,0.9933980585857733
1326.jpg,6,17116,0.008914583333333333,224,360977.0,3042.77197432518,1.6661870503597123,0.44852449646500414,0.9735348849753229,1175.154296875,410.9588928222656,0.9368593730405234,677.9455665021085,159.00422138836774,0.8617016218044483,0.989888641552792,0.9975547593056874
1408.jpg,7,20202,0.010521875,443,761527.0,5668.544822096825,1.2914230019493178,0.5601728640258928,0.749245369896654,1223.82421875,929.4385986328125,0.6505606235649606,984.6858843222717,252.87500000000003,0.8133501810425521,0.9875682359919001,0.9961111709162489
1381.jpg,6,18152,0.009454166666666666,211,471436.5,3557.9405866861343,1.6752450980392157,0.422634095701192,0.9673806206433794,1386.69482421875,453.2190246582031,0.9450817596625645,774.7590558564247,168.35741088180114,0.8618486524516054,0.9892807554478015,0.9974109216177868
2444.jpg,17,23980,0.012489583333333333,627,999757.5,4519.587336182594,1.4289772727272727,0.6273956638954153,0.9368200550608987,1650.4996337890625,834.4382934570312,0.8627872968574962,1128.242342826028,314.00961538461536,0.8043522439769707,0.985145593962723,0.9951710144344629
1379.jpg,6,16949,0.008827604166666666,150,379913.5,3290.7791162729263,1.797163120567376,0.4253231232542388,0.9688062609334278,1298.8597412109375,390.47686767578125,0.9537406858655157,695.5004613792447,138.12898686679176,0.8786853301852591,0.990136387850214,0.9978757883482485
2171.jpg,13,71464,0.037220833333333335,1218,581400.5,3858.744623064995,2.443548387096774,0.6189721068881082,0.9737119764460381,1325.6298828125,573.970458984375,0.9014038057826235,860.3848603554086,811.4908536585366,0.8259798744390656,0.9570590855714433,0.9875205171214816
1309.jpg,5,19644,0.01023125,385,490809.0,8399.351291179657,1.135483870967742,0.36717412771560237,0.5115900433561484,984.4880981445312,934.275634765625,0.31528698566473357,790.5171900167134,236.1341463414634,0.8208085471084218,0.9879858667256027,0.9963686195315494
3228.jpg,24,159826,0.08324270833333333,1025,538237.0,3935.2025591135025,1.5339702760084926,0.3954165105532659,0.9387851922136069,1512.460205078125,480.6442565917969,0.9481612279774417,827.8312828346243,1396.81074108818,0.8593370314321787,0.9089921927928059,0.9785191963047369
1233.jpg,4,1199,0.0006244791666666666,31,280315.5,2234.888513445854,2.31331592689295,0.8260657515515504,0.9955693752375134,911.9480590820312,405.8406677246094,0.8955176102344122,597.418429245541,15.249765478424015,0.8122262855765476,0.9992580121911573,0.9997654820305967
1553.jpg,2,644,0.00033541666666666664,22,156659.5,2673.363688468933,4.576923076923077,0.6251027476517672,0.9295865326418475,970.8767700195312,211.61155700683594,0.9759578742736771,446.61512564896213,8.946529080675422,0.7949622398084992,0.9995956209200254,0.9998624161246168
2131.jpg,12,35032,0.018245833333333333,767,918174.0,4010.1832206249237,1.6479028697571745,0.6787924220312895,0.9824587309102873,1417.088623046875,864.8043823242188,0.7921947367339154,1081.2286741238706,403.6104596622889,0.8268513426403019,0.9787664114735722,0.9937930910764573
2103.jpg,11,76761,0.0399796875,1199,513045.5,3506.7404475212097,2.450877192982456,0.6442947920983562,0.9759050811993247,1346.27880859375,525.6183471679688,0.9206355425791151,808.2263413477835,800.5110225140714,0.8397208854533438,0.9544800189940426,0.9876893700594522
2178.jpg,13,72631,0.037828645833333334,1255,703638.0,4072.124344110489,1.7925,0.6133525104602511,0.95695238820575,1334.635498046875,712.616943359375,0.8455215808946065,946.519797351519,811.3553001876173,0.8286963318380322,0.9564722091172468,0.9875226017256541
2547.jpg,19,29116,0.015164583333333334,427,293489.0,3819.5843613147736,1.449290060851927,0.20829684157633035,0.9441575048858363,1666.4814453125,246.66934204101562,0.9889846588432833,611.2951829883647,305.3341932457786,0.8428900796316378,0.9825674411100818,0.9953044291015013
3063.jpg,22,3611,0.0018807291666666666,58,851329.0,4118.668499469757,1.4731509625126646,0.5932201145845092,0.9861859892916801,1573.389404296875,701.2129516601562,0.8951971683365534,1041.1271528395757,40.12382739212008,0.8357473861720219,0.9978109043549889,0.9993829571649475
1328.jpg,6,19808,0.010316666666666667,272,440258.5,3391.891816139221,1.6339285714285714,0.43837174799662254,0.9658890340528272,1341.452880859375,443.85650634765625,0.9436737328919003,748.7018980246983,190.859287054409,0.8563523261173246,0.9882511541714402,0.9970648773251559
1132.jpg,3,71232,0.0371,1605,749694.0,3506.4674936532974,0.9483253588516747,0.7239258590472144,0.9646311932082833,1054.1502685546875,915.6355590820312,0.4955128577541845,977.0056536431522,915.595919324578,0.8030403147678098,0.9563615687852345,0.9859195411170214
3223.jpg,24,139060,0.07242708333333334,1192,566479.0,4255.535591125488,1.384037558685446,0.36085832043368304,0.9622402258503148,1671.8045654296875,457.39715576171875,0.9618450218834714,849.2723144327914,1308.0232176360225,0.8503744604577871,0.9197003197448457,0.9798846120377077
1200.jpg,4,827,0.00043072916666666666,29,277651.0,2202.184976577759,2.1532663316582914,0.8140205109561811,0.9952326502521677,867.553466796875,416.8819580078125,0.876980505327548,594.5723108548385,11.589821763602252,0.7931393802550407,0.9994799496780512,0.9998217663432535
2363.jpg,16,808,0.00042083333333333333,10,61558.5,3928.7630697488785,1.3666666666666667,0.04085515181682429,0.5994099232218582,1556.24609375,85.97240447998047,0.9984729145780751,279.9619911962685,9.353189493433396,0.8291359705441116,0.9995070496986105,0.9998561623120993
1193.jpg,3,53812,0.028027083333333334,1354,835517.0,3637.555803537369,1.002851711026616,0.7528129674012939,0.9684924686898145,1093.9649658203125,991.4296875,0.42269525359758425,1031.4132463268488,706.5724671669794,0.8006801286575205,0.9668172967127836,0.9891340007509769
2108.jpg,11,136139,0.07090572916666667,1676,735551.0,4038.3842298984528,1.3104125736738703,0.5416380709448811,0.988118547197021,1480.3472900390625,655.5819702148438,0.8965923215137879,967.746154923642,1416.6015478424015,0.8347484828012204,0.9202482254617362,0.9782148440955556
2295.jpg,15,92726,0.04829479166666667,1752,813816.0,4092.477595925331,1.6437429537767756,0.6292816679889209,0.9792305646769193,1486.99169921875,706.4190063476562,0.8799502363622188,1017.9306033999524,1081.3100375234521,0.8192079210049364,0.9442817407190083,0.9833711125161712
1575.jpg,2,4610,0.0024010416666666668,130,397271.5,3702.4460711479187,3.1963048498845263,0.6629235138634877,0.9521003791419218,1278.2822265625,402.57855224609375,0.9491125307494401,711.2114902026367,58.22021575984991,0.813217189819895,0.9971518983126233,0.9991046625079222
2054.jpg,11,90012,0.04688125,1302,538467.5,3546.872480392456,2.2419354838709675,0.6248172429798097,0.9628153813005855,1311.2239990234375,562.4988403320312,0.903310376601341,828.0085232379442,939.5211069418386,0.8384184278287191,0.9467524562934556,0.9855516084805795
3014.jpg,21,83089,0.04327552083333333,1392,826936.5,7666.477049946785,1.5187436676798378,0.5589247948480345,0.906582491637861,1527.010986328125,746.1298828125,0.8724960514883053,1026.1034318161542,909.5637898686679,0.8311759233271215,0.9504487415532047,0.9860123060026963
3005.jpg,21,90194,0.04697604166666667,1522,880241.0,7162.400929570198,1.4411764705882353,0.5497980669895429,0.9339372555385619,1572.112548828125,766.065673828125,0.873243417482072,1058.6584199340334,1028.9186210131331,0.8233830820650172,0.945957255158904,0.9841768120288326
3577.jpg,31,203324,0.10589791666666666,2030,783245.0,4610.055366396904,1.4138576779026217,0.4856791179899298,0.9256360575511171,1602.260986328125,687.2905883789062,0.9033280147292437,998.628312845221,2011.2068480300188,0.8367577731162553,0.8834904712332382,0.9690707278929964
3169.jpg,23,22791,0.0118703125,565,510350.0,4098.516259670258,1.321083172147002,0.3613240595733353,0.9584748540032547,1659.150390625,447.1226806640625,0.9630034844302134,806.1003669863885,298.42096622889306,0.8044874592248933,0.9858795181540306,0.9954107439142974
1054.jpg,0,15642,0.008146875,357,466173.5,4128.620940685272,1.4130841121495328,0.2881456139049597,0.9676136133663639,1775.5927734375,373.5923767089844,0.9776144563666538,770.4223094560524,192.4859287054409,0.8169452834018953,0.9903926234098933,0.9970398620750863
1059.jpg,0,8446,0.004398958333333334,221,394624.5,3736.3223974704742,1.5241675617615467,0.2987115175434812,0.9468537542484005,1604.1802978515625,366.2371520996094,0.9735904251003212,708.8381470556881,109.8660881801126,0.8072262944891494,0.9947605683595216,0.9983104283182096
2595.jpg,19,32477,0.016915104166666667,386,384750.0,4070.461562395096,1.3960857409133272,0.23936855229153006,0.989900315301582,1689.100341796875,293.8520812988281,0.9847510265835713,699.9135052539377,306.2830675422139,0.858459708507101,0.9808330861004881,0.9952898368722939
1076.jpg,1,40475,0.021080729166666666,763,823519.5,4483.4107003211975,1.4496644295302012,0.5222011063933404,0.967099433904987,1592.8468017578125,674.9520874023438,0.9057841060400648,1023.9812465375178,463.38954033771114,0.8274409689806242,0.9755134731022693,0.9928737806363961
3052.jpg,21,21306,0.011096875,240,501279.0,4726.457390427589,1.7790697674418605,0.5952640503875969,0.9146667566835235,1082.42822265625,628.8298950195312,0.8139437181088146,798.9044033833445,187.13156660412758,0.8689570134261392,0.9875066588582525,0.997122203939899
1184.jpg,3,62985,0.0328046875,1435,788115.5,3575.37204515934,1.0402298850574712,0.6951196171404782,0.9711572822425023,1054.7867431640625,991.0770874023438,0.3422759059279591,1001.728416497568,807.5598030018762,0.8044076151266447,0.9613738076944699,0.9875809706424834
2202.jpg,13,78316,0.04078958333333333,1314,815858.5,4301.244184136391,1.6933797909407666,0.6499114182793797,0.9557687013466258,1402.1375732421875,789.4799194335938,0.8264197423313355,1019.207194395876,855.8846153846154,0.8318945711220352,0.9532640838161213,0.9868378092549962
3164.jpg,23,12376,0.006445833333333333,316,454843.0,3962.2807602882385,1.4541751527494908,0.32435591344480763,0.9473409063454177,1645.7286376953125,418.58001708984375,0.9671140039964511,761.002033010409,159.74976547842402,0.8083143972099358,0.9923370215298302,0.9975432939827389
1118.jpg,1,34394,0.017913541666666668,601,736413.0,4242.315248250961,1.4948347107438016,0.5257479138942355,0.9688937189455243,1538.2652587890625,624.576171875,0.9138613860554043,968.3130448656857,381.718574108818,0.8332617685912731,0.9792636156265889,0.994129754650312
3208.jpg,24,22491,0.0117140625,486,437079.5,3744.8278793096542,1.6577992744860943,0.3854938671760963,0.9734401621362792,1461.6590576171875,411.6211853027344,0.9595282727563794,745.9939031876015,282.1545497185741,0.8127084219491482,0.9861600596451446,0.9956608964149943
1446.jpg,9,19792,0.010308333333333333,359,566165.5,4452.332498908043,1.9098966026587887,0.6467794429955184,0.9322527741232223,1226.6312255859375,623.8864135742188,0.8609924417606322,849.0372803739278,218.44441838649155,0.835459224931605,0.9880461140339853,0.9966406603760574
3192.jpg,24,128357,0.06685260416666666,1468,662274.5,4095.2197976112366,1.648829431438127,0.49920326412962446,0.9650109939427673,1551.476318359375,578.8541259765625,0.927791572528765,918.2777808864306,1284.7757973733583,0.8417308200074286,0.9250908616156351,0.9802421216532871
3454.jpg,29,76561,0.03987552083333333,1301,820962.0,4185.604575991631,1.0641952983725136,0.6306544514281412,0.9206659829573587,1096.031005859375,1049.1978759765625,0.2891948594562984,1022.389985829707,858.4601313320826,0.8276879599807084,0.954125498843035,0.9867982017757192
1294.jpg,5,20472,0.0106625,223,315727.5,6784.414005041122,0.8715083798882681,0.31407421334097313,0.4193265195942038,866.5482177734375,857.5128173828125,0.14403143451219308,634.0321272304512,181.50609756097563,0.8677764673796511,0.9879806624825198,0.9972087150130566
1411.jpg,7,11054,0.005757291666666667,212,616058.5,5435.53262758255,1.316614420062696,0.5109041979731634,0.7030452319857488,1083.6845703125,880.0850219726562,0.583486457587173,885.6579723969221,141.31449343339588,0.8102875829599652,0.9931646796890642,0.9978268001501953
1375.jpg,6,13924,0.0072520833333333335,153,365779.5,3293.34765625,1.5328185328185329,0.39526338140947714,0.9578263089673593,1263.653564453125,404.330810546875,0.9474277872403242,682.4404179512344,128.70802063789867,0.8626198615035049,0.9917744881592003,0.9980206683382356
3336.jpg,27,66759,0.0347703125,1262,717745.5,4455.621821761131,1.4652701212789416,0.5954402801386756,0.8153993579009313,1275.0980224609375,787.3138427734375,0.7866073179902423,955.9612720480426,754.3550656660414,0.8272713197643983,0.9598804311232575,0.9883991777801797
2476.jpg,17,24192,0.0126,762,847497.5,4241.053274512291,1.5554393305439331,0.5961692408122838,0.9028027447414914,1397.5693359375,827.3727416992188,0.8059318161286738,1038.7816570695636,356.64118198874297,0.7797127238382369,0.9847068402274468,0.9945154064222197
3351.jpg,27,91730,0.047776041666666665,1608,846908.0,4622.575140476227,1.306930693069307,0.6352445244524453,0.845045941268415,1328.36865234375,900.25,0.7353283954805315,1038.4203177676018,1020.4465290806755,0.8276256126200481,0.945257692089976,0.9843070997896123
1512.jpg,8,27709,0.014431770833333333,178,351325.0,3153.571840405464,3.6,0.658392833717509,0.9787247675241391,1275.5782470703125,371.7483215332031,0.9565905920322343,668.8205163226387,180.55722326454034,0.9024492416566954,0.9842593435347309,0.9972233072422639
2253.jpg,14,164495,0.08567447916666666,1614,834621.5,4178.07260966301,1.3785046728971964,0.5288271820053857,0.9834087916554977,1619.8253173828125,667.1507568359375,0.9112444834207558,1030.8603681809573,1565.3714821763601,0.8464291889707873,0.9053997074512834,0.975926991016265
2427.jpg,17,14693,0.007652604166666667,359,767703.0,4248.051190376282,1.631828978622328,0.6635817195490048,0.9145456505643965,1369.35107421875,790.20068359375,0.8167002312898227,988.6707329600783,182.65830206378988,0.8151639618506602,0.9909598047343003,0.9971909958775907
3198.jpg,24,133811,0.06969322916666666,1426,651287.0,3991.687840104103,1.5838926174496644,0.5144837207244783,0.9787122456431935,1512.9354248046875,554.3466796875,0.9304555774747675,910.6285540064786,1316.7664165103188,0.8439260419775717,0.9221782527120103,0.9797501550685831
2608.jpg,19,23967,0.0124828125,260,441565.5,4229.022961974144,1.4307257304429783,0.27416245394567734,0.9868333716982861,1834.56005859375,320.6741027832031,0.9846046379455562,749.8124140014985,225.7643058161351,0.8592592934649753,0.9858351209679452,0.9965280917507439
1240.jpg,4,362,0.00018854166666666666,11,223994.0,1983.2489033937454,2.1340782122905027,0.8189549270233116,0.9940179815569223,796.1817626953125,368.8215026855469,0.8862340118378288,534.0393417936623,4.879924953095685,0.8010674418430385,0.9997738298009151,0.999924954249791
2414.jpg,16,1038,0.000540625,33,64676.0,3683.9031146764755,1.5298588490770901,0.04983936829240288,0.6444657021005221,1543.3018798828125,80.60137939453125,0.9986352609041766,286.9634833829757,14.910881801125704,0.7879392328532657,0.9993444859886603,0.9997706935410279
3034.jpg,21,42904,0.022345833333333332,700,835082.5,7326.19278049469,1.4396632366697848,0.5075900001884279,0.9073314920488672,1622.4296875,721.856201171875,0.8955688524161151,1031.1450247740622,464.13508442776737,0.8367373204216065,0.9742655999646939,0.9928623153134475
3408.jpg,28,94196,0.04906041666666667,1156,849555.5,4264.464527010918,1.354014598540146,0.5223328029393826,0.994947123098364,1676.189697265625,649.9694213867188,0.9217578355450411,1040.0421424381097,915.6636960600375,0.8491713044029736,0.9448567360990929,0.985918498814935
1563.jpg,2,2843,0.0014807291666666667,70,321965.0,3046.213537454605,2.730952380952381,0.6683376925312409,0.9716618128593201,1062.3095703125,395.5542907714844,0.92809113157942,640.2644531915361,34.97279549718574,0.8182322657261422,0.9982502358236961,0.9994621721235015
1329.jpg,6,17463,0.0090953125,274,482704.5,3623.1954176425934,1.5447247706422018,0.41095783698739297,0.9427058158371929,1451.95361328125,467.6015625,0.9467226844568847,783.9633013232279,181.50609756097563,0.8452387143733793,0.9895353044597374,0.9972087150130566
1350.jpg,6,25074,0.013059375,290,497242.0,3602.7273828983307,1.5966785290628707,0.43822300247294826,0.962459134750318,1407.6285400390625,478.3077392578125,0.9404988585635842,795.680952205846,229.8986866791745,0.862929249718911,0.9852326597855758,0.9964645113234833
2527.jpg,18,37028,0.019285416666666666,907,1062303.5,4199.514171361923,1.517133956386293,0.7550437366687919,0.9894152568577996,1447.09228515625,940.2998046875,0.760117494766746,1162.9990647935062,462.8473264540338,0.8119429733096658,0.9772832268483777,0.9928821190530859
1292.jpg,5,24069,0.0125359375,529,370756.5,7005.85974085331,1.0160320641282565,0.3663703145936844,0.49168917301519205,942.5452880859375,817.1053466796875,0.49845840082303267,687.0675638302265,286.89892120075046,0.8218965342329144,0.9853093282367322,0.9955879352689578
2197.jpg,13,55086,0.028690625,933,609598.0,3709.188275575638,2.1722141823444283,0.5877393845492296,0.964266195920995,1354.2802734375,598.6749267578125,0.8969848317697189,881.0018615141887,603.8229362101313,0.833490827172189,0.9669702404709275,0.9907141307137125
1458.jpg,9,24229,0.012619270833333333,386,377831.0,3501.232867836952,1.7787162162162162,0.6061045019378353,0.9191995494394145,1007.8299560546875,526.0841064453125,0.852947385810135,693.5916452977438,262.29596622889306,0.8382313729650249,0.9854172035556752,0.9959662909262619
3597.jpg,31,23055,0.0120078125,445,824694.0,4581.29591858387,1.3050089445438282,0.5055868147982849,0.9167886262689032,1623.8662109375,748.0527954101562,0.8875758541182109,1024.711185215532,262.97373358348966,0.8296600993465808,0.9860173695204065,0.9959558679053996
3256.jpg,25,135490,0.07056770833333334,1550,685769.5,4096.013734936714,1.39450441609421,0.4735980480649503,0.9930362732115176,1596.3306884765625,551.305419921875,0.9384710536108536,934.4243393519137,1283.826923076923,0.849574503231898,0.9216260642084828,0.9802567138824944
1269.jpg,5,24181,0.012594270833333334,435,524995.5,8752.779773592949,1.1716621253405994,0.36963965105717844,0.5090717360949499,1044.390380859375,963.1810913085938,0.38661215160613155,817.5848771889125,275.3090994371482,0.8298729060751839,0.9853412421937953,0.9957661689257044
2393.jpg,16,33,1.71875e-05,1,57206.0,3596.9081670045853,1.5929304446978336,0.04669233387393902,0.6731503544847468,1657.0108642578125,57.9843864440918,0.999387544642446,269.8831995440244,0.474437148217636,0.7878751397026413,0.9999791537428042,0.9999927038853963
1207.jpg,4,655,0.00034114583333333333,30,231752.5,1976.060082912445,1.9790575916230366,0.8024893348846228,0.9949277477740476,763.76904296875,394.3735656738281,0.8563765276117462,543.2093957133251,11.183161350844278,0.7480055824449826,0.9995726895906366,0.9998280201557709
2374.jpg,16,648,0.0003375,13,64579.0,4068.8534573316574,1.4063373718546133,0.03988433487302343,0.7974143519518926,2440.100341796875,43.156883239746094,0.9998435812736018,286.7482110832639,8.539868667917448,0.8054898673306393,0.9995966642222553,0.9998686699371342
1501.jpg,8,17710,0.009223958333333334,134,303539.0,2879.3708297014236,3.3175853018372705,0.6302929499318914,0.9811916633668167,1129.2733154296875,350.4880676269531,0.9506171321077436,621.6734337008189,114.67823639774859,0.9035707409068504,0.9899244566803826,0.9982364248700866
1189.jpg,3,46811,0.024380729166666667,1182,865451.0,3811.2025529146194,1.0772855796418472,0.7136427692061583,0.9682674471422466,1090.6507568359375,1050.9576416015625,0.2673264419447655,1049.7268393399263,608.3639774859287,0.8034552976330958,0.9711488343840503,0.9906442964739346
1172.jpg,3,17759,0.009249479166666666,563,816471.0,3697.320306301117,1.0670443814919737,0.6822858432149214,0.9629586821209432,1081.0274658203125,1016.9498901367188,0.3391694335297456,1019.5897039149929,253.62054409005628,0.7873215422856462,0.988825389427163,0.9960997055933003
3210.jpg,24,49329,0.0256921875,727,593259.5,4234.038117527962,1.3131313131313131,0.3809612334405723,0.9772143454251205,1638.8280029296875,477.0252990722656,0.9566995991794989,869.1153293377182,508.8677298311445,0.8437813322971968,0.9706393954498282,0.9921743959365309
1259.jpg,4,352,0.00018333333333333334,15,257937.0,2180.4448603391647,2.3688524590163933,0.8128557112333844,0.9946284656615123,896.5745849609375,378.3041687011719,0.9066219460624735,573.07555213109,5.62546904315197,0.7641612813160336,0.9997733075105012,0.9999134889268424
2621.jpg,20,29647,0.015441145833333333,349,246975.0,3546.398516058922,1.552168815943728,0.21868348073088406,0.9859084649009002,1563.3338623046875,205.6527557373047,0.9913098604082586,560.7658482477038,285.61116322701685,0.8556301998069352,0.9824473591203052,0.9956077390085962
2598.jpg,19,36888,0.0192125,626,434630.0,4079.667628645897,1.4329501915708813,0.2782835966152396,0.9903512359737459,1737.6478271484375,327.2705383300781,0.9821036719362015,743.900600435464,399.61163227016885,0.8370318393472741,0.9778457920293128,0.9938545868995453
2071.jpg,11,121884,0.06348125,1874,676469.0,3770.1933258771896,2.0571030640668524,0.637885837248205,0.9706140832298467,1387.2298583984375,659.125,0.87991153304252,928.0663131411735,1306.8032363977486,0.8310785540826171,0.9280812854355354,0.97990337347526
3027.jpg,21,50769,0.0264421875,878,823840.5,5957.948936462402,1.6067538126361656,0.6084269413980281,0.9348650764831374,1464.0501708984375,751.17529296875,0.8583406149721101,1024.1807961265379,552.7870544090057,0.8349846903608573,0.969563717715522,0.9914989841846492
1491.jpg,9,31645,0.016481770833333333,575,597009.5,4545.81272149086,2.209230769230769,0.6396073494750375,0.9418774616411915,1314.4425048828125,602.6199340820312,0.888714798800436,871.8578462011839,358.20004690431523,0.8301904819562471,0.9808575403860756,0.9944914334742362
3105.jpg,22,2895,0.0015078125,46,868809.5,3971.430915594101,1.3372781065088757,0.6318688072006656,0.9931532843544632,1504.00830078125,742.3876953125,0.8696855768348198,1051.7616708368794,31.71951219512195,0.8380976979277086,0.9982482030123369,0.9995122026236409
2492.jpg,18,30072,0.0156625,705,1069561.5,4132.724410772324,1.4275996112730807,0.7075686639529876,0.9941169690981707,1404.762451171875,974.9517211914062,0.7199430356932726,1166.9652939681873,370.53541275797375,0.8153084388514238,0.9815705626162693,0.9943017344945411
2096.jpg,11,68075,0.035455729166666665,1129,485712.5,3417.1424703598022,2.4586994727592266,0.6101678200974585,0.9618002647506403,1368.0037841796875,509.3727722167969,0.928093394220757,786.4021632550217,730.4976547842401,0.8358509598775762,0.9594027610595717,0.9887660681145352
1397.jpg,7,4070,0.0021197916666666665,108,554503.5,4949.76813018322,1.0967078189300412,0.5351565214370092,0.7089572895883662,982.4896240234375,867.271484375,0.46988359071666885,840.2474539646367,56.59357410881801,0.7944042020230307,0.9974453295320913,0.999129677757992
3555.jpg,30,5564,0.0028979166666666667,134,741610.0,4492.914108157158,1.1442590775269872,0.6241699308338818,0.7978006988192364,1091.18408203125,1016.0974731445312,0.36453942682519225,971.7238181556753,72.11444652908068,0.8082145427320542,0.9965488258619231,0.9988909905802437
3009.jpg,21,46856,0.024404166666666668,780,745113.5,5372.75297665596,1.451195219123506,0.5093650791480612,0.93129350712331,1546.9730224609375,651.1703491210938,0.9070922253795828,974.0164133709574,506.96998123827393,0.8363661140182239,0.9719146083436623,0.9922035803949454
1116.jpg,1,27811,0.014484895833333334,511,854719.5,4545.376209616661,1.3726027397260274,0.51933849196584,0.9703514279064751,1633.445556640625,678.7926635742188,0.9095663196001544,1043.1982875063907,318.2117729831145,0.8286990786709367,0.983139107610876,0.9951063917051162
2392.jpg,16,2549,0.0013276041666666666,45,64230.0,3964.7458198070526,1.4678362573099415,0.041568618314267294,0.6435581561953619,1790.390380859375,63.69565200805664,0.9993669593590347,285.97233425340204,29.753986866791745,0.8275465051122377,0.9984434347144262,0.999542429384142
1015.jpg,0,9151,0.004766145833333333,105,305922.5,3914.263517141342,1.577087794432548,0.22236262721855643,0.9378472791706839,1793.171142578125,246.159423828125,0.9905328315215367,624.1094652576925,84.31425891181989,0.8634071442202491,0.9945915109281451,0.9987033762047209
1336.jpg,6,26474,0.013788541666666666,322,523671.0,3763.9721179008484,1.46,0.3974279968125071,0.9838104712012377,1513.6865234375,461.6519470214844,0.952357098953183,816.5528921209008,248.1984052532833,0.8597404217256783,0.9843698461664565,0.9961830897601992
1372.jpg,6,20135,0.010486979166666667,257,537198.0,3837.6289627552032,1.454356846473029,0.39747456212523896,0.9441330227220202,1524.15869140625,488.53094482421875,0.9472400607433059,827.0318838791162,196.078095684803,0.8547961388925428,0.9880419120139741,0.9969846200645156
1179.jpg,3,96666,0.050346875,2046,878309.5,3878.273622274399,1.1101694915254237,0.7014702523284918,0.9732495023272745,1119.45751953125,1032.7520751953125,0.38588495615183704,1057.4962826963358,1183.8562382739212,0.8097196375000013,0.9415118319915211,0.9817941094596943
3585.jpg,31,126073,0.06566302083333334,1985,758343.0,4455.7954839468,1.4070631970260223,0.46550841464792053,0.9446113928646833,1684.1434326171875,592.3179931640625,0.9361117064629804,982.6252063086401,1398.640712945591,0.8248060993069721,0.9252995484600871,0.9784910541484084
2524.jpg,18,10295,0.005361979166666667,241,1153576.0,4190.634012579918,1.4116523400191021,0.7454612896179948,0.9939980603881895,1432.2137451171875,1026.621826171875,0.6972709198071719,1211.9317559406593,123.62476547842402,0.8218708929745566,0.993694789591243,0.9980988409947034
3037.jpg,21,67370,0.03508854166666667,1312,850565.0,7001.690254449844,1.4077490774907748,0.5141900780082506,0.9277718542838678,1591.7291259765625,721.2534790039062,0.8914465998890719,1040.6598836159985,781.8724202626641,0.8225356538950761,0.9593565135765457,0.9879760031331672
1421.jpg,7,22376,0.011654166666666667,408,696967.5,6692.805918574333,1.3014354066985645,0.4904077540106952,0.6675652558704422,1147.7901611328125,927.5613403320312,0.5890069385342069,942.0226018494485,262.56707317073176,0.8248252808170694,0.9863708397453307,0.9959621217179171
1013.jpg,0,12958,0.006748958333333333,250,333563.5,3582.019665837288,2.525963149078727,0.37051248728167807,0.9542395500622927,1663.4283447265625,307.409423828125,0.9827752603109308,651.6948970801194,134.062382739212,0.8463151250913545,0.9922335401056719,0.9979383264734228
3609.jpg,31,144207,0.0751078125,1850,668717.5,4523.871599555016,1.5566905005107252,0.44820327936536025,0.9169595366369706,1608.477783203125,578.5809936523438,0.9330652446881351,922.7337455931892,1517.5888836772983,0.8321126038250365,0.9155288403230788,0.9766618139870622
3617.jpg,31,150278,0.07826979166666667,1884,710111.0,4574.672681808472,1.3907834101382488,0.43371781599191334,0.9414122157644663,1668.953125,560.5240478515625,0.9419141712510885,950.8635056365509,1565.9814727954974,0.8331870320649016,0.9122101664968412,0.9759176102974889
1538.jpg,8,34498,0.017967708333333332,191,594182.0,3778.3009756803513,1.8474358974358975,0.5286410790227584,0.9805752101031021,1436.486572265625,552.4868774414062,0.9230792313645717,869.7907904604581,256.1282833020638,0.8884519006589997,0.9801863034773503,0.9960611404161095
2596.jpg,19,33137,0.017258854166666667,342,374567.5,3964.111277103424,1.4737363726461843,0.24964792323026855,0.9883529934838508,1679.672119140625,286.4634704589844,0.9853494981783131,690.5897140651517,295.70989681050656,0.8660207150980835,0.9805764799885432,0.995452435997747
2337.jpg,15,129781,0.06759427083333333,1754,854360.0,4523.202557563782,1.3667595171773446,0.5389114286867708,0.9665979736017246,1645.1756591796875,667.6810913085938,0.9139433316161015,1042.9788767946998,1333.9817073170734,0.8373429587704154,0.9240033944299444,0.979485410338679
2619.jpg,20,29385,0.0153046875,282,259776.0,3440.42289018631,1.4639639639639639,0.22503118503118502,0.9868746462232791,1584.3331298828125,215.92681884765625,0.990669152774562,575.1148372048157,259.8560037523452,0.8674960684797389,0.9827818972533686,0.9960038138013665
1609.jpg,2,1212,0.00063125,30,183282.5,3202.1962920427322,4.468503937007874,0.635757397065455,0.9303137126512919,1069.5474853515625,235.43678283691406,0.9754711152079124,483.0761087633319,13.419793621013133,0.8365304086526028,0.999265316119647,0.9997936241869251
1507.jpg,8,28428,0.01480625,145,284939.0,3003.5861191749573,3.419718309859155,0.6611573891454161,0.9501038669169698,1096.6033935546875,342.1643371582031,0.9500748908420414,602.3251635431584,163.13860225140712,0.9140566620241551,0.9840251083894535,0.997491178878427
2128.jpg,12,35186,0.018326041666666668,552,750925.5,3815.5730458498,2.040595399188092,0.6738311324716532,0.9888229535029335,1391.1761474609375,701.2627563476562,0.8636575173800255,977.8077734146034,331.22490619136966,0.8585150515901607,0.9792495397231564,0.9949062697045588
1457.jpg,9,44138,0.022988541666666668,605,441097.0,3683.9435448646545,1.8973509933774835,0.6372539671532425,0.9280176558085127,1105.7611083984375,551.0147705078125,0.8669973948850977,749.4145337955797,463.38954033771114,0.8414524033392042,0.9736410463541075,0.9928737806363961
2226.jpg,13,63299,0.03296822916666667,817,701595.5,4338.862372279167,1.3447916666666666,0.5660950006454945,0.9451923672801834,1402.194580078125,687.0548095703125,0.8717306645724303,945.1450338483712,623.545966228893,0.8496998218597835,0.9626533447766532,0.9904108208066176
2481.jpg,17,10211,0.005318229166666666,389,935611.0,4290.197501540184,1.3932898415657036,0.5832495394714285,0.9216521178491162,1372.27734375,911.370849609375,0.7476169174996301,1091.4471694448662,166.18855534709192,0.7585820915915671,0.9934104365927878,0.9974442752845463
3315.jpg,26,27985,0.014575520833333333,346,553081.0,4965.604571223259,1.2171903881700554,0.38812865176976186,0.6347090233683309,1115.1240234375,956.540283203125,0.5140032298604708,839.1689940897892,292.5243902439025,0.8434919084834184,0.9832485665315198,0.9955014241958
3611.jpg,31,106755,0.0556015625,1812,721040.5,4362.450248599052,1.3948126801152738,0.4770262885602157,0.9358790149031335,1567.9630126953125,630.8190307617188,0.9155001870848503,958.1530555999987,1204.5281425891183,0.8237176583586783,0.9363424571558372,0.9814762073233918
1096.jpg,1,47660,0.024822916666666667,797,723662.5,4338.464525938034,1.4431256181998022,0.49060234609155356,0.9658330691846982,1557.866943359375,622.641845703125,0.9166565271652958,959.8935941248435,530.0818480300187,0.831720321066867,0.9713246107873351,0.9918481553835385
3478.jpg,29,31175,0.016236979166666665,217,852285.5,4274.048223376274,1.0941286113699906,0.676577079340987,0.9682493338415318,1096.6256103515625,1062.053466796875,0.24911438754249207,1041.711861315009,273.20802063789876,0.8685621867025594,0.9817584939479753,0.9957984802903779
3620.jpg,31,139620,0.07271875,2035,728309.5,4548.5234043598175,1.3672922252010724,0.4253970339997781,0.9287659930448666,1673.2437744140625,599.5858154296875,0.9335921546902232,962.9706414041365,1542.8696060037523,0.8241627977385353,0.9175491632344601,0.9762730353088958
1413.jpg,7,15105,0.0078671875,274,702029.5,5711.924543380737,1.112464854732896,0.5542940588016539,0.7146494954399745,1067.44921875,1004.3888549804688,0.3386171241877592,945.4373173144023,181.7094277673546,0.8211007891142593,0.9907537933972409,0.9972055881067979
1499.jpg,8,30419,0.015843229166666667,86,361924.5,2993.544491171837,2.8008849557522124,0.6324786100742357,0.9541327575707247,1131.4967041015625,421.1521301269531,0.9281493422510243,678.8347262835788,138.4000938086304,0.9317895534746636,0.9831950395150273,0.9978716191399036
1099.jpg,1,34556,0.017997916666666666,618,759108.5,4452.6066571474075,1.3885230479774224,0.48382046261666756,0.9655467374209087,1623.0706787109375,606.7308959960938,0.9275026081651095,983.1210306694655,384.9718574108818,0.8326146521546912,0.9791552479716368,0.9940797241501724
2110.jpg,11,103861,0.05409427083333333,1394,624654.5,3958.911143064499,1.3727933541017654,0.4906616677899215,0.9764742756024661,1498.9095458984375,583.4630737304688,0.9211286164680992,891.8154580386969,1120.5527673545967,0.8317066936715222,0.9384390334404972,0.9827676196082398
2152.jpg,12,27444,0.01429375,459,815684.0,4165.746705174446,1.4575098814229248,0.5464487170898372,0.975865488953254,1535.02392578125,714.8086547851562,0.884960481072292,1019.0981919362612,292.0499530956848,0.8407111005325568,0.9835306700495745,0.9955087203104038
1175.jpg,3,46780,0.024364583333333332,1184,769181.0,3672.751763701439,0.9631782945736435,0.7498294027732285,0.9676419435087951,1051.814208984375,949.349609375,0.4305159155399823,989.621981495428,606.12734521576,0.8040513666619774,0.9711820367029177,0.9906786924427805
1264.jpg,4,485,0.00025260416666666666,11,483961.0,2888.0571225881577,2.08364312267658,0.8024583069418237,0.9938607722961574,1139.8216552734375,555.9799194335938,0.8729677138962226,784.9829828152799,5.693245778611632,0.8267603352824325,0.9997034842569661,0.9999124466247561
3400.jpg,28,70032,0.036475,860,828459.5,4272.8320606946945,1.353974121996303,0.522644514960918,0.9896585481232302,1643.562744140625,666.726806640625,0.9140242814192799,1027.047903756938,670.8541275797373,0.8533107748283809,0.9588837943990968,0.9896832939504239
2175.jpg,13,104162,0.054251041666666666,1345,715415.0,4093.237048268318,1.9205548549810845,0.5923589451032052,0.9504031224219495,1363.9261474609375,707.6298217773438,0.854884547390644,954.4080201343168,1020.3787523452156,0.8471691043022131,0.9390835527738898,0.9843081420916984
3587.jpg,31,122375,0.06373697916666667,1896,686313.0,4644.56503367424,1.4390934844192635,0.4252470388793469,0.931502665990753,1644.1856689453125,572.3968505859375,0.9374448000970227,934.7945505114071,1378.4432457786118,0.8224845500162955,0.927271270329991,0.9788016601701072
2521.jpg,18,6439,0.0033536458333333335,202,1112529.5,4116.332497596741,1.3606870229007633,0.7444417604359603,0.996250615084491,1381.8369140625,1024.279296875,0.6712348963461852,1190.1750098554573,90.21083489681051,0.7925948853801971,0.9959546349803957,0.9986126959232182
2600.jpg,19,27145,0.014138020833333334,244,394646.5,4158.111274719238,1.5196770938446014,0.2644293327865799,0.9858596027548856,1762.4666748046875,302.6805419921875,0.9851428532395011,708.8579053599708,229.22091932457786,0.8736219836294795,0.9841716561670855,0.9964749343443456
1555.jpg,2,2194,0.0011427083333333332,78,467851.5,3859.975067973137,2.73972602739726,0.6539719038300251,0.9620585952159407,1252.4378662109375,483.8213806152344,0.9223716453027753,771.8076385108293,33.14282363977486,0.776864278080231,0.9986021906224,0.99949031427983
3252.jpg,25,20689,0.010775520833333333,475,345960.0,3759.8543511629105,1.5379609544468547,0.2646176062952617,0.9089750646668655,1906.6923828125,299.9537353515625,0.9875482727041742,663.6941712088309,245.62288930581613,0.8229251864569768,0.9873727271722473,0.9962226972394763
3489.jpg,29,24667,0.012847395833333334,273,884362.0,4347.923336982727,1.1759343664539654,0.6249333983450284,0.9278892864262557,1190.3682861328125,1055.8243408203125,0.46182158782529015,1061.1336721926593,236.6763602251407,0.8565907579407108,0.9853898397753518,0.9963602811148595
1464.jpg,9,33632,0.017516666666666666,536,389063.5,3697.9750715494156,2.2462406015037595,0.6119852455406298,0.9265699999880923,1098.0550537109375,484.735595703125,0.8972862124113076,703.8259966874405,370.53541275797375,0.8345464727534465,0.979741450719,0.9943017344945411
2550.jpg,19,32695,0.017028645833333335,479,427345.0,3871.050312280655,1.4989626556016598,0.30678473488492297,0.9901424816293809,1653.5604248046875,332.711181640625,0.9795483410242984,737.6398533463658,329.93714821763604,0.8485277518418508,0.9805375185710182,0.9949260734441971
2564.jpg,19,24044,0.012522916666666667,439,328841.0,3919.4321244955063,1.4449901768172888,0.2195965483299254,0.9814201061580313,1667.896240234375,259.500244140625,0.9878224508572676,647.0651938794542,271.37804878048786,0.8313587672031457,0.985442295836152,0.9958266224467062
1366.jpg,6,42423,0.0220953125,774,553424.5,4019.2340767383575,1.4062196307094266,0.3716845213749435,0.9386129529298132,1588.5665283203125,489.7325744628906,0.9512937705018132,839.4295434551283,487.9924953095685,0.8264435619625138,0.974325918702146,0.9924954249790919
2645.jpg,20,29137,0.015175520833333333,365,254658.5,3975.625998020172,1.4793388429752066,0.18371296285608754,0.9332953406423452,1911.0181884765625,207.45677185058594,0.9940900907102905,569.4218757678173,295.0321294559099,0.8482987415899702,0.9826365155743726,0.9954628590186093
3584.jpg,31,75960,0.0395625,1545,716314.0,4392.055369853973,1.3547204399633364,0.4442262874124495,0.938624364970065,1592.2989501953125,608.2606811523438,0.9241616790504606,955.0074927703046,923.8646810506568,0.8131535541526109,0.9539150066148265,0.9857923802625004
3333.jpg,26,10703,0.005574479166666667,211,339920.0,3539.2328684329987,1.075358851674641,0.45228350479799456,0.6820033145136373,786.6775512695312,740.863525390625,0.33627835936940903,657.8750535218496,127.89469981238273,0.8227053478859732,0.9934502055149348,0.9980331759632703
1196.jpg,4,6480,0.003375,157,311179.0,2329.866214156151,2.1062355658198615,0.7880024107613144,0.9944775923836795,904.7349853515625,446.2283630371094,0.8699077605906489,629.4484953442523,77.67213883677299,0.8225488760597948,0.9960298783804612,0.9988055218091721
1205.jpg,4,1769,0.0009213541666666667,48,322790.5,2362.476388335228,1.9320594479830149,0.7531100534285248,0.9954543281796188,894.6590576171875,466.0054626464844,0.8536330127926985,641.0847286161444,22.569652908067543,0.8115843492873615,0.9989048341585287,0.999652913405283
2581.jpg,19,30245,0.015752604166666666,504,487627.5,4004.5376834869385,1.4095238095238096,0.31378861003861,0.9941802145644488,1675.619384765625,376.08660888671875,0.9744864536249069,787.9508970109404,324.2439024390244,0.8392919414025207,0.9818403197232606,0.995013626819441
1331.jpg,6,15255,0.0079453125,178,353713.0,2987.517141699791,1.5773049645390071,0.451187560589826,0.9642541208285683,1196.43212890625,407.88330078125,0.9400936268658006,671.089695262048,136.77345215759854,0.8666553758249116,0.9910231467648113,0.9978966343899733
1152.jpg,3,52910,0.027557291666666667,1230,835577.5,3637.6908000707626,1.109235352532274,0.7428550726828049,0.9865217383604479,1104.199951171875,990.8348388671875,0.4413545491370398,1031.4505880995682,642.6590056285179,0.815708263558887,0.9677737731071936,0.9901168916182985
2267.jpg,14,192916,0.10047708333333333,1587,919496.0,4466.42290019989,1.370262390670554,0.6337461833770995,0.9878683438119099,1573.5201416015625,768.5498046875,0.8726047297965728,1082.0067783640745,1794.2535178236399,0.8474356657065292,0.8901150553815659,0.9724071368710416
3481.jpg,29,20993,0.010933854166666666,254,770687.5,3797.891807794571,1.0327868852459017,0.6939210914195315,0.9718068056581838,1050.3973388671875,1006.9993286132812,0.2844725149362561,990.5906327202376,185.84380863039402,0.8679402075787039,0.9876781588085404,0.9971420076795375
3535.jpg,30,5344,0.0027833333333333334,127,599539.5,3591.7211151123047,0.9693564862104188,0.6453107458956312,0.8608124270439538,969.3929443359375,871.1976318359375,0.4385550546655976,873.7032677235144,67.43785178236398,0.8132898787343908,0.9966992195894819,0.998962909424194
2230.jpg,13,120679,0.06285364583333333,1365,980810.5,4374.494839549065,1.3302063789868668,0.648860999161147,0.9708745696541593,1548.80029296875,853.4676513671875,0.8344716939912842,1117.5002078261405,1161.6932457786118,0.8484381451994832,0.9298273910004619,0.9821349422418939
1295.jpg,5,9674,0.005038541666666667,132,385422.0,6943.28405559063,0.8381294964028777,0.3718911137184673,0.5062954920730002,903.4607543945312,824.9100341796875,0.407834773510804,700.5244691021977,93.26078799249531,0.8570423276302395,0.9942511147440654,0.9985657923293375
3488.jpg,29,26329,0.013713020833333334,292,838361.0,4137.2715364694595,1.052346570397112,0.648922385767628,0.9353701042522047,1104.2823486328125,1072.26025390625,0.2390717853584915,1033.167158771375,242.437382739212,0.8622520791814621,0.9844891566870673,0.9962716854375294
1369.jpg,6,29014,0.015111458333333333,383,607503.0,3880.290869951248,1.5332618025751072,0.45614223458284403,0.9843062659898345,1537.6524658203125,528.7877807617188,0.9390088745991899,879.4866929892945,279.5112570356473,0.8556794642537252,0.9828201378351693,0.9957015461963578
1362.jpg,6,20251,0.010547395833333334,270,536115.0,3827.8299659490585,1.4710830704521556,0.4029579487827042,0.9590994270789075,1526.2816162109375,482.6177978515625,0.9486909040210915,826.1978083520264,204.68574108818012,0.8492808734303005,0.9879154302273766,0.9968522476995635
1287.jpg,5,21405,0.0111484375,407,371173.0,7054.528787136078,1.1539301310043668,0.3833592229800911,0.4938323016693997,893.311767578125,846.8195190429688,0.31840378969047917,687.4533740829152,259.24601313320824,0.8192875119474884,0.9868977127246283,0.9960131945201426
1244.jpg,4,1604,0.0008354166666666667,53,286496.5,2213.256043076515,2.0336538461538463,0.8140585220040008,0.9941616148296718,863.35791015625,430.0904235839844,0.8670850939163093,603.9690995640568,22.637429643527206,0.7915963608095383,0.9989902433347848,0.9996518711031968
1146.jpg,3,77369,0.040296354166666666,1576,1009772.5,3958.7345184087753,1.2009302325581395,0.7275935366490732,0.9840110896723772,1250.6240234375,1051.7392578125,0.5410792972264775,1133.8793049465569,954.4319887429643,0.8103418036673184,0.9529669790093649,0.9853223020216074
2638.jpg,20,28761,0.0149796875,269,243802.5,3716.866542339325,1.6018735362997658,0.2086864189161428,0.9794785675975903,1622.42626953125,201.01339721679688,0.9922951107872842,557.1525680684731,240.81074108818012,0.8745848016115723,0.9832505229303763,0.9962967006875991
2012.jpg,10,88022,0.04584479166666667,1334,966723.0,4282.280768156052,1.5823714585519413,0.6726789059260022,0.9789391820528374,1390.4329833984375,906.9740600585938,0.7579642163003127,1109.445786149558,924.5424484052534,0.837576448821534,0.9478637673848374,0.9857819572416379
2659.jpg,20,16694,0.008694791666666667,366,328775.5,3968.3366659879684,1.4209505334626575,0.21767229536253282,0.9868574292969617,1761.735595703125,243.1569366455078,0.9904292688012069,647.0007480212643,204.68574108818012,0.8175089676136573,0.9897540286862427,0.9968522476995635
1339.jpg,6,35471,0.018474479166666665,528,523585.0,3980.530548930168,1.3959537572254335,0.34811397402500693,0.9729974327072906,1552.664794921875,448.7071228027344,0.9573316251134575,816.4858400671503,374.12757973733585,0.8414489357925327,0.978770100086028,0.9942464924839705
2591.jpg,19,31698,0.016509375,564,465232.0,4111.858535289764,1.401285583103765,0.279954314983506,0.992907983054284,1728.6895751953125,346.5823059082031,0.9796960643636694,769.6439305784392,351.3545966228893,0.8337094894576161,0.9808833879277002,0.9945967059849462
3094.jpg,22,6125,0.0031901041666666666,89,1010536.0,4231.129394769669,1.452404317958783,0.6700633901811527,0.9895607750320335,1582.5797119140625,840.9771118164062,0.8471233083299039,1134.3078932011767,60.321294559099435,0.8542285606519131,0.9963480205097448,0.9990723511432489
2006.jpg,10,88043,0.045855729166666664,1264,881332.0,4084.3009716272354,1.6359499431171787,0.6972552258619844,0.980940090032183,1374.248046875,845.3966674804688,0.7883942076183582,1059.3142850167417,901.4305816135085,0.8416726966024561,0.9480354903169799,0.9861373822530448
1614.jpg,2,192,0.0001,8,180843.0,2790.375881433487,4.239382239382239,0.6359157752600375,0.9443646636761933,998.5988159179688,238.4961700439453,0.971061193405217,479.8504548174786,3.2532833020637897,0.7499749818618499,0.9998749252683727,0.9999499694998606
3218.jpg,24,22602,0.011771875,413,582944.5,3916.033944964409,1.94148244473342,0.5077396293234923,0.9825856768182094,1545.83984375,504.1854553222656,0.9453158447004184,861.5265461875606,249.62171669793622,0.8351075108875329,0.9863543511395344,0.9961612014163883
2517.jpg,18,18376,0.009570833333333334,530,1053622.0,4091.9721051454544,1.3508604206500956,0.7128710593654389,0.9944070490435544,1354.9176025390625,998.643310546875,0.6758371788317289,1158.2371068149007,246.63954033771105,0.8000551249713005,0.9885601572093059,0.9962070627081827
3031.jpg,21,85245,0.0443984375,1327,858489.5,6517.953107357025,1.404981549815498,0.5200029437917492,0.9246450816573375,1591.031005859375,720.3555908203125,0.8916323003072509,1045.4964276074393,918.781425891182,0.8335827224207235,0.9492970823029073,0.9858705529189681
2499.jpg,18,7466,0.003888541666666667,170,1039144.0,3983.1050132513046,1.4149590163934427,0.7709606960980995,0.9955250690974933,1361.5228271484375,976.2987670898438,0.6970075107214692,1150.2518130715014,87.56754221388368,0.8262728670424526,0.9954413447451661,0.9986533457045814
1064.jpg,1,35564,0.018522916666666667,533,820113.0,4530.197500228882,1.54434250764526,0.5518131629676729,0.9709932069440128,1595.0189208984375,668.4529418945312,0.9079457202567299,1021.8611954426044,365.85881801125703,0.8453509555647105,0.9787866353492731,0.9943736533384915
2450.jpg,17,30055,0.015653645833333334,677,963361.5,4496.783288359642,1.4419047619047618,0.6060020758633704,0.9296052107834268,1607.399658203125,815.69677734375,0.8616732094214534,1107.5152178075855,354.4045497185741,0.8232504602178232,0.9817042526152248,0.9945498023910655
2632.jpg,20,27218,0.014176041666666667,264,229356.0,3820.2950370311737,1.371769383697813,0.16520874751491055,0.9225960735885373,1681.5286865234375,188.38140869140625,0.9937048417009441,540.3934946150611,245.01289868667916,0.8652723827673213,0.9840115987145555,0.9962320779582525
2247.jpg,14,210249,0.1095046875,1362,776292.5,4096.959914445877,1.4173228346456692,0.5306023758748907,0.9889076433121019,1571.158447265625,638.2666015625,0.9137666437488522,994.186254824176,1927.7059099437147,0.8480754508999899,0.8809650779035811,0.9703548440632406
1401.jpg,7,8822,0.004594791666666666,245,735474.0,5976.049437880516,1.2075645756457565,0.5183205117001514,0.6947301602895016,1155.052001953125,982.44091796875,0.5258781727228049,967.6955001055595,122.7436679174484,0.7937695726161591,0.9944661239611683,0.9981123909218245
3307.jpg,26,35607,0.0185453125,581,632278.0,3815.0217509269714,0.8947368421052632,0.6024983157475461,0.8425716720559104,971.3209838867188,922.053466796875,0.31443857763037614,897.2409670016518,421.3001876172608,0.8221268075385813,0.9783342094585333,0.9935210502319494
3276.jpg,25,4106,0.0021385416666666666,111,580270.0,3814.66849732399,1.5248070562293274,0.4625946981020918,0.9937210638485521,1538.220947265625,481.67138671875,0.949708502406929,859.5479687739788,55.50914634146342,0.8001080566764421,0.9974349453368694,0.9991463545913718
1279.jpg,5,37952,0.019766666666666665,559,426432.0,8585.424441933632,1.0813953488372092,0.31548715581262177,0.4109148287782609,1030.9989013671875,988.4557495117188,0.28429791915173014,736.8514677602976,418.18245778611634,0.8341457873890158,0.977156394408177,0.9935689961279163
3384.jpg,27,101296,0.05275833333333333,1769,968328.0,4934.707170128822,1.3406593406593406,0.6057016753738065,0.8357940482792402,1462.9310302734375,913.5982666015625,0.7810259891140605,1110.3663818192222,1072.2279549718573,0.8351197954934354,0.940092348069221,0.9835107809957271
3616.jpg,31,91398,0.047603125,1733,686943.5,4408.925422787666,1.3612903225806452,0.42865785360161496,0.9312461491431356,1587.8134765625,600.474609375,0.9257332889419171,935.2238390881507,1082.7333489681052,0.8164730749082467,0.944932917898191,0.9833492241723603
3355.jpg,27,89212,0.04646458333333333,1535,793296.0,4680.19749891758,1.4107708553326292,0.6270162947600048,0.8233648734976993,1324.1229248046875,838.82763671875,0.7737453091209346,1005.0153421118633,976.6627579737336,0.8305985545304967,0.9468589251926913,0.9849804269373215
2013.jpg,10,79176,0.0412375,1276,1016964.5,4186.155874848366,1.4776422764227641,0.7107981486451729,0.9878385735773584,1371.6231689453125,950.6254272460938,0.7208741049173089,1137.9101093635747,841.5159474671669,0.8364355982034188,0.9529453277561573,0.9870587772972785
1470.jpg,9,45536,0.023716666666666667,598,520932.5,4697.234076499939,2.193700787401575,0.5889204176111152,0.9176072185060088,1256.2188720703125,563.99609375,0.8935502280169728,814.415041080253,480.53705440900563,0.8405141785747406,0.9727938874981348,0.992610078208578
1296.jpg,5,8132,0.004235416666666667,119,362103.0,6862.999784946442,0.9821930646672915,0.3238220522689713,0.46540319507378464,923.50146484375,870.3208618164062,0.33444811512491984,679.0021052008872,81.26430581613509,0.8519302671399118,0.9951440166682599,0.9987502797986016
2004.jpg,10,65153,0.033933854166666666,1070,786399.5,3749.680695772171,1.4405436013590034,0.7001569656046782,0.9845050524145365,1181.888916015625,856.8499145507812,0.6887662768297116,1000.637267624967,691.797138836773,0.837831546876086,0.9611815584305151,0.9893612226057766
1607.jpg,2,625,0.0003255208333333333,19,257689.0,3475.4927537441254,3.807017543859649,0.5787070723403491,0.9425726711755045,1213.6953125,278.5643615722656,0.973304525397097,572.7999869441858,8.539868667917448,0.7983343125627226,0.9996086476897685,0.9998686699371342
2502.jpg,18,14224,0.007408333333333334,374,1063310.5,4129.38632273674,1.5977249224405377,0.711713403145216,0.9960772760229996,1459.700439453125,929.696533203125,0.7709388843447603,1163.5501609007315,188.82598499061916,0.8026710654991422,0.991155137011103,0.997096146387743
2623.jpg,20,38584,0.020095833333333334,468,277547.5,3719.067558526993,1.4378320935175346,0.21799669015915354,0.9775380822400281,1728.573486328125,230.43399047851562,0.9910745552832024,594.4614811258864,379.8208255159475,0.8517779404756581,0.9771309337764382,0.9941589391087265
2266.jpg,14,162510,0.084640625,1798,911496.0,4662.010774254799,1.4016933207902165,0.5754866245335791,0.986266863452025,1632.9981689453125,719.2743530273438,0.8977710407652458,1077.2895395704545,1648.5335365853657,0.8364801309162055,0.90567616536861,0.9746480863564518
2242.jpg,14,157043,0.08179322916666666,1750,828339.0,4196.457386612892,1.435576923076923,0.533476093564841,0.9853389701474072,1632.63134765625,666.6917724609375,0.9128235837599632,1026.9732086312572,1537.4474671669795,0.8426797022750606,0.9091882829483567,0.9763564194757947
2115.jpg,12,37516,0.019539583333333332,893,686241.0,3433.732429623604,1.601522842639594,0.6900667299508475,0.9861279260002773,1158.2484130859375,766.3370971679688,0.7498265150623898,934.7455153241458,456.4763133208255,0.8168965949086051,0.9770824978806368,0.9929800954491922
3059.jpg,22,1502,0.0007822916666666667,38,938709.0,4222.006598711014,1.377570093457944,0.5951819069478436,0.9823941008778356,1587.5316162109375,758.8031005859375,0.8783725222201991,1093.2526788436421,19.451923076923077,0.8087717482586483,0.9990678695019624,0.9997008593012499
2630.jpg,20,26284,0.013689583333333333,298,245902.5,3454.4401366710663,1.6133651551312649,0.21704122593947267,0.9889384000997374,1580.86572265625,200.01438903808594,0.9919637937633602,559.5469481189566,255.45051594746715,0.85461324983511,0.9844114612796422,0.9960715634369719
3130.jpg,23,26118,0.013603125,394,465605.5,3972.689925432205,1.4107505070993915,0.339479893199254,0.9010170186867871,1661.4317626953125,455.35986328125,0.9617078143208344,769.9528133893582,264.1937148217636,0.8486947577686519,0.9844291950786387,0.9959371064678473
1384.jpg,6,21538,0.011217708333333333,272,603954.0,3824.03098154068,1.2892156862745099,0.4502751062402147,0.9724223210461742,1480.671875,540.7780151367188,0.9309193746543866,876.9139729762438,213.36116322701687,0.8521804919894104,0.987183919154369,0.9967188330325252
1608.jpg,2,536,0.00027916666666666666,15,176928.0,2894.777901530266,4.095940959409594,0.5881719357734118,0.9362359639746426,1011.42724609375,231.2542724609375,0.9735106835658228,474.627987134032,6.913227016885553,0.8096483194599892,0.999667528935785,0.9998936851872038
2603.jpg,19,31157,0.016227604166666666,419,395607.0,4261.0057200193405,1.4643564356435643,0.26483441447593037,0.9824693418366587,1742.7039794921875,290.39373779296875,0.986018818022423,709.7199987136079,311.29854596622886,0.8501521006935872,0.9814720451875312,0.9952127065179124
1410.jpg,7,22395,0.0116640625,407,725473.0,5958.465740442276,1.2232472324723247,0.5047175980809582,0.6816164353187227,1140.6383056640625,1005.1453857421875,0.4727192836865586,961.0936022249095,258.297138836773,0.8278184947935111,0.9863940549202146,0.9960277867493499
1324.jpg,6,24518,0.012769791666666667,299,437899.5,3397.666424512863,2.0325925925925925,0.47284256559766763,0.9746401850905922,1333.9029541015625,448.9544982910156,0.9416577040935801,746.6933507268934,228.47537523452158,0.8607296108476205,0.9855301512658154,0.9964863996672944
3524.jpg,30,67756,0.03528958333333333,977,892654.5,4803.3232699632645,1.197750702905342,0.6546182750988907,0.8261659070495155,1143.982177734375,1080.84228515625,0.32762764215108975,1066.0970918194057,729.0743433395872,0.8354278371240879,0.9595749148853302,0.9887879564583462
3091.jpg,22,2488,0.0012958333333333333,22,793713.5,3804.7791110277176,1.4906695938529089,0.6415723225703196,0.9885275710682816,1423.5379638671875,725.8802490234375,0.8602260877790282,1005.2797697109759,21.756332082551594,0.8708131981381331,0.9985367308867893,0.9996654210303177
1402.jpg,7,20349,0.0105984375,465,730100.0,5918.7357305288315,1.3282732447817838,0.49478178368121445,0.6765575720284541,1218.6552734375,949.1188354492188,0.627241641486071,964.1536141150654,261.3470919324578,0.8084755292145388,0.987426847238418,0.9959808831554693
2377.jpg,16,586,0.00030520833333333333,12,59121.0,3797.4422186613083,1.4963350785340315,0.0433217678675455,0.8257584222582267,2083.645263671875,42.08745574951172,0.999795980307753,274.3632539613998,6.981003752345216,0.8241783861296662,0.9996409559845401,0.9998926428851176
3306.jpg,26,36868,0.019202083333333335,787,647325.5,4580.287903189659,1.1350844277673546,0.50185717829842,0.7310042923495448,1086.704345703125,943.3369750976562,0.4964393465390109,907.8548479330061,459.52626641651034,0.812498002870123,0.9773910184169516,0.9929331918553115
1605.jpg,2,9297,0.0048421875,128,217062.0,3189.478474855423,3.9651898734177213,0.5482083505914919,0.9583395879875319,1202.0777587890625,233.01315307617188,0.9810327620805626,525.7108730655129,85.19535647279551,0.8641368087164064,0.9945089458866773,0.9986898262775998
2590.jpg,19,28454,0.014819791666666667,396,390611.0,4014.4127970933914,1.420038535645472,0.25529930484205354,0.9582195183279467,1729.6231689453125,294.4075927734375,0.9854069697733628,705.2243414747868,284.5267354596623,0.8502428680310118,0.9830692637090671,0.9956244158419761
3324.jpg,26,9048,0.0047125,118,495055.0,5180.707167983055,1.091710758377425,0.352630401768797,0.5955527378547807,1011.296875,977.8351440429688,0.2551099163900116,793.9292177636909,104.30839587242026,0.8291012980056914,0.9944908356643337,0.9983958970892809
3402.jpg,28,107517,0.0559984375,1282,935892.5,4226.783293128014,1.400377714825307,0.5959212274840385,0.9955863650700527,1640.7757568359375,740.8782348632812,0.8922501527993666,1091.6113505369267,1052.640478424015,0.8469738399237428,0.937169353238029,0.9838120062986495
2407.jpg,16,3180,0.00165625,50,49663.0,3505.4279421567917,1.6805385556915544,0.044273143265691456,0.7797368586321674,1844.4251708984375,43.47182846069336,0.9997222052301907,251.46151894511095,37.61608818011257,0.8251819746816291,0.9980544923388764,0.9994215223421383
1511.jpg,8,36657,0.0190921875,292,393282.0,3376.8409554958344,3.475845410628019,0.6601504668096806,0.9619942297273002,1313.1187744140625,399.487548828125,0.9525992340416477,707.6313974326848,259.38156660412756,0.8935664284959629,0.97905497318956,0.9960111099159701
2298.jpg,15,38742,0.020178125,839,602001.5,3634.77911233902,1.6916243654822336,0.5731142493745264,0.9646200055601712,1326.662109375,600.3873901367188,0.8917365616064056,875.4953545221614,463.7284240150094,0.8197565484147239,0.9763980551998452,0.9928685691259649
2611.jpg,19,29881,0.015563020833333333,565,430275.5,4016.3021874427795,1.4158790170132325,0.2714870615136502,0.9900483317437508,1700.41015625,329.3052673339844,0.9810682598685101,740.164699057375,339.15478424015015,0.8298865908023975,0.9819118891296165,0.9947843203604688
3236.jpg,25,49537,0.025800520833333333,1062,682020.0,4097.760988950729,1.387523629489603,0.43912219343473624,0.994375092946559,1689.529052734375,524.719970703125,0.9505499444434314,931.8663178269057,596.0963883677298,0.8177508791186635,0.9698538737867295,0.9908329531515435
3529.jpg,30,37149,0.0193484375,640,761294.5,4325.250116229057,0.9682971014492754,0.6450686168842613,0.8512803682459953,1103.6361083984375,973.5753784179688,0.47096382524922126,984.535556792838,405.64376172607876,0.8357113120357558,0.9776651918313497,0.9937618220138702
1433.jpg,7,24479,0.012749479166666666,579,811232.5,6004.551960468292,1.2262118491921006,0.5331009434036659,0.7166703550035272,1202.6187744140625,1030.5728759765625,0.5154151500683453,1016.3135829921629,318.5506566604128,0.8055175926689517,0.9848531383278187,0.9951011801946851
2448.jpg,17,44066,0.022951041666666668,1061,812993.0,4065.6146824359894,1.7112922002328288,0.6438375583062096,0.935237952812065,1414.472900390625,776.9373168945312,0.8356403928307913,1017.4157641755282,585.048780487805,0.7995076272551815,0.972732075093332,0.9910028483916001
3413.jpg,28,75673,0.03941302083333333,658,870273.0,4269.594472408295,1.4551463644948064,0.5332819827454671,0.9919251844316599,1691.73876953125,674.6812744140625,0.9170338519801512,1052.6471385584555,622.5293151969981,0.8736391153619707,0.9564273545147052,0.9904264553379111
1485.jpg,9,33893,0.017652604166666665,521,479884.0,4187.9233338832855,2.2768456375838926,0.5933489289935854,0.9271203828387174,1225.24560546875,532.76318359375,0.9005166442355409,781.6695501845321,362.0633208255159,0.839552241381312,0.9796732418022298,0.9944320222553207
1067.jpg,1,34671,0.0180578125,674,795588.5,4484.984298825264,1.5186680121089808,0.5334311125712811,0.9677032285216283,1576.8826904296875,657.2432861328125,0.9089986305063259,1006.4664622015634,404.6271106941839,0.8246414124378044,0.978943744996285,0.9937774565451638
3029.jpg,21,43330,0.022567708333333332,828,841286.0,6983.357212781906,1.4248302618816684,0.5554733156425816,0.930348236699216,1546.2584228515625,746.2611694335938,0.8758277423127008,1034.9679239628956,511.375469043152,0.82184822929303,0.9736805381138712,0.9921358307593401
1298.jpg,5,18375,0.0095703125,352,378392.0,7122.612046122551,1.0962301587301588,0.3397184514831574,0.438089846207994,990.9095458984375,902.39599609375,0.4131247557262905,694.1063735562639,203.39798311444653,0.8351011516489464,0.9888946370980014,0.9968720514392021
1453.jpg,9,12871,0.006703645833333333,276,388644.0,3743.4826477766037,2.120879120879121,0.6146823815217598,0.9271430599175303,1105.195556640625,486.80072021484375,0.8977694461854075,703.4464511418424,160.08864915572238,0.8152473848163582,0.9920778293856759,0.9975380824723077
1009.jpg,0,6196,0.0032270833333333335,103,231512.0,3392.390162587166,3.753807106598985,0.39729135133836485,0.9145213726195037,1541.379638671875,226.40223693847656,0.9891538949351688,542.9274661321962,56.66135084427767,0.8646371410322083,0.9963393159484778,0.9991286354559057
1101.jpg,1,34496,0.017966666666666666,673,696309.0,4072.3497381210327,1.5416204217536071,0.5563844348611934,0.9667749177703512,1447.583740234375,623.1979370117188,0.9025862486941142,941.5774817586689,400.7638367729831,0.8254507932091238,0.9790635130678035,0.9938368677640793
3117.jpg,23,19556,0.010185416666666667,344,560413.5,3910.994399905205,1.6355140186915889,0.46763476301735646,0.9677000754594479,1623.782958984375,499.9405212402344,0.9514231595611644,844.7133416748188,219.12218574108817,0.8329776373726034,0.9881627968817425,0.9966302373551951
2578.jpg,19,20469,0.0106609375,269,404377.0,3844.3295278549194,1.382178217821782,0.2868003347612698,0.9909767950222884,1605.447509765625,326.6656799316406,0.9790804982129453,717.5435787332857,206.24460600375232,0.8497331798415756,0.9877908038655886,0.9968282747515801
2522.jpg,18,7056,0.003675,165,1106541.5,4146.308111071587,1.4422507403751235,0.7476667119371511,0.9963878356098268,1421.3575439453125,989.5946655273438,0.7178167895809463,1186.967731528774,84.31425891181989,0.8230454303846677,0.9956794092337967,0.9987033762047209
2474.jpg,17,13087,0.006816145833333333,411,809601.0,3985.1924505233765,1.4184890656063618,0.5639610131781142,0.9052770115161023,1270.86572265625,867.7617797851562,0.730594554034447,1015.2910955273529,197.84029080675424,0.7754225192091272,0.991674820270286,0.9969575202102736
2303.jpg,15,68023,0.035428645833333335,1322,769324.0,4390.7517602443695,1.4641051567239636,0.537210419587842,0.9535196892016923,1531.024169921875,678.7326049804688,0.8963637509993332,989.7139685352705,794.0722326454035,0.8214338243591874,0.9589313023531395,0.9877883887576446
1012.jpg,0,6112,0.003183333333333333,93,291067.0,3929.216829895973,1.5521601685985247,0.20822075189734146,0.9274006101592308,1871.55029296875,226.7798614501953,0.9926315019126459,608.7676195129219,62.28681988742965,0.849159576711274,0.9963396366018656,0.9990421243827481
3106.jpg,22,4260,0.00221875,55,923806.0,4112.845130443573,1.4402010050251257,0.647905262530377,0.9894988271333854,1547.3035888671875,777.610595703125,0.8645431960368608,1084.5396861634947,40.12382739212008,0.8607236511929391,0.9974732634406902,0.9993829571649475
2324.jpg,15,106838,0.055644791666666665,1839,886361.5,4386.04822742939,1.4029990627928772,0.5549126995008449,0.968074753820479,1629.3538818359375,720.23388671875,0.896997064054534,1062.3325810360784,1197.6826923076924,0.8248476366455201,0.9363555413823522,0.9815814798341019
2119.jpg,12,45881,0.023896354166666668,720,812825.0,3884.952772259712,1.7485242030696577,0.6479754975857118,0.9741769548558136,1363.9376220703125,798.490478515625,0.8107227060563912,1017.3106373912339,456.6796435272045,0.8495442305643589,0.9728037253129493,0.9929769685429335
3558.jpg,30,25960,0.013520833333333333,507,880603.5,4969.4451904296875,1.1973333333333334,0.581112595892106,0.7671804705168995,1178.9708251953125,1111.4415283203125,0.3335799155768595,1058.876385340702,305.8086303939962,0.8238104251366002,0.984188337338158,0.9952971329868976
2322.jpg,15,151160,0.07872916666666667,2295,985274.0,4486.658402919769,1.422077922077922,0.5962056767200743,0.9825978946339644,1707.474365234375,742.7955322265625,0.9004179511937036,1120.0400971391125,1620.812851782364,0.8282679988056609,0.9113454762645603,0.9750743879097228
1095.jpg,1,21092,0.010985416666666666,509,469490.5,3454.886759161949,1.338218714768884,0.44591539878180475,0.9611341817552774,1334.7171630859375,473.4696960449219,0.9349672271986189,773.1583734769248,274.9024390243903,0.8055622866256569,0.9869383555881852,0.9957724227382219
3303.jpg,26,28026,0.014596875,500,535115.0,4475.649171829224,1.194264569842738,0.3834380336077491,0.6543424018743187,1073.204833984375,964.864501953125,0.43784655634631514,825.4269071098644,319.5673076923077,0.8292696748216853,0.9830179478912313,0.9950855456633914
2287.jpg,14,151075,0.07868489583333334,1619,785165.5,4402.287906289101,1.3606710158434296,0.5011971938873214,0.9838192710245477,1636.2669677734375,616.4688720703125,0.9263136620736127,999.8518709097644,1534.736397748593,0.8373044969335166,0.9120771480727689,0.9763981115592442
2235.jpg,14,144620,0.07532291666666667,1300,720889.5,3894.7101343870163,1.447680690399137,0.5794773293977495,0.9794687639478505,1459.3004150390625,647.2889404296875,0.8962441209643514,958.0527223406649,1358.313555347092,0.8501271170668135,0.9166070542424012,0.9791112238897196
1085.jpg,1,33242,0.017313541666666668,690,904808.5,4611.09194123745,1.415129151291513,0.5441291969960117,0.9783770749633302,1668.217041015625,700.0415649414062,0.9076931284590462,1073.3303138421581,405.1693245778612,0.8169968440124644,0.9796730965702796,0.9937691181284738
3539.jpg,30,4998,0.002603125,136,820998.5,4422.837988257408,1.1657559198542806,0.5841576303506375,0.799131077203406,1151.536376953125,1110.135986328125,0.2657292753218662,1022.4127133248352,68.52227954971858,0.7971908198205152,0.996870799241311,0.9989462325908142
1579.jpg,2,2010,0.001046875,68,328296.5,3336.1962893009186,2.8445475638051043,0.6212959353224604,0.964806096299431,1155.8974609375,372.19384765625,0.946741179403429,646.5292616720045,29.61843339587242,0.7823590793469771,0.9987251121716411,0.9995445139883143
1138.jpg,3,51261,0.0266984375,1204,810732.5,3765.587329864502,1.0419847328244274,0.7084246462824707,0.9589825752978736,1051.8511962890625,1040.5462646484375,0.14621830907408617,1016.0003342528979,645.5734052532833,0.809085928350485,0.9685905299060608,0.9900720726285903
2646.jpg,20,34883,0.018168229166666668,466,252449.0,3705.1091841459274,1.5608108108108107,0.2051150176150176,0.9832348926110063,1646.7879638671875,200.12831115722656,0.9925881923477025,566.9462495059361,339.15478424015015,0.8538928673733006,0.9793432782053859,0.9947843203604688
3030.jpg,21,85620,0.04459375,1389,933913.5,6490.188612699509,1.425073457394711,0.6286630249300766,0.941475905208588,1494.5089111328125,827.0134887695312,0.8329368500212532,1090.4566014115474,924.0002345215761,0.8333363800301432,0.9490684397030912,0.985790295658328
3341.jpg,27,25518,0.013290625,686,744251.5,4410.73451757431,1.555070883315158,0.5691553957428716,0.8612755995357164,1306.3289794921875,773.904052734375,0.8056244213370356,973.4528447893416,333.1226547842402,0.8047948402634664,0.9842048065804317,0.994877085246144
3392.jpg,28,103649,0.053983854166666664,1283,815778.5,4127.469575643539,1.4964028776978417,0.575834975661543,0.9909899896197197,1535.409423828125,694.8317260742188,0.8917449160523256,1019.1572233687665,1044.981707317073,0.842753902699379,0.9391423609597139,0.9839297864343944
3235.jpg,25,25405,0.013231770833333333,618,479131.5,3986.145764231682,1.4683937823834197,0.3503947257761965,0.9532043445435076,1675.5579833984375,403.5986022949219,0.9705563583055018,781.0564466978527,327.0227485928705,0.8075284240512957,0.9843102222868859,0.9949708924339054
3230.jpg,25,10488,0.0054625,226,412326.5,3535.2096972465515,1.4170258620689655,0.33788391569424414,0.9923622141997593,1554.7813720703125,342.1921081542969,0.9754795301632689,724.5622161983351,121.52368667917449,0.8281031416620529,0.9936108576310789,0.9981311523593768
3409.jpg,28,82612,0.043027083333333334,832,868434.5,4509.851395845413,1.4230055658627088,0.5251615817596447,0.9938533231937771,1691.3524169921875,665.3593139648438,0.9193721506724599,1051.5346629628093,753.609521575985,0.8593514825110563,0.9519160102179841,0.9884106431031282
2001.jpg,10,56567,0.029461979166666666,958,781351.5,3813.881702065468,1.7798507462686568,0.6791266414259938,0.9779668441902235,1305.7728271484375,773.8745727539062,0.8054554221740297,997.420487125734,597.4519230769231,0.8394335293991496,0.966267957367321,0.9908121071098188
3036.jpg,21,72190,0.037598958333333335,1334,950072.5,7154.986715555191,1.4108956602031395,0.574122988305705,0.9565281082022571,1643.8602294921875,771.1831665039062,0.8831294379301348,1099.8499340207272,825.9950750469043,0.8245819430998631,0.9565796279436405,0.9872974644750269
3573.jpg,31,166188,0.08655625,1640,663472.0,4255.119292974472,1.4308145240431795,0.4465713851095307,0.9445927081768734,1549.83154296875,579.5801391601562,0.92744349701934,919.1076037246825,1626.641651031895,0.8418913941416122,0.9040973955263796,0.9749847499303064
1314.jpg,5,12863,0.006699479166666667,207,496766.0,8890.56152188778,1.1480787253983131,0.38005929269552247,0.5216771261268073,985.2442016601562,932.942626953125,0.32148369188553544,795.300016144793,135.48569418386492,0.8435441907840935,0.9922717812606799,0.9979164381296118
1387.jpg,7,26258,0.013676041666666666,710,772956.0,5728.191570043564,1.1490683229813665,0.5296159894207809,0.6871960007005709,1168.9688720703125,1024.9534912109375,0.4808527669982114,992.0474512543805,363.8932926829268,0.7926920564922266,0.983585511655167,0.9944038800989923
1148.jpg,3,86832,0.045225,1645,827472.0,3725.6045756340027,1.0183823529411764,0.6864116585262263,0.9650955972656837,1098.1878662109375,990.9481811523438,0.4310071605610417,1026.435615399765,1033.188555347092,0.8161214957602654,0.9476035662434327,0.9841111469973997
3516.jpg,30,68430,0.035640625,1266,862820.5,4415.254286766052,1.1100832562442182,0.665140687634906,0.8734119297663112,1153.1943359375,1073.160888671875,0.3660416385059621,1048.1303261561347,806.0009380863041,0.8197897489355287,0.9586324913085426,0.9876049435904669
2672.jpg,20,17200,0.008958333333333334,311,214543.0,4074.246266245842,1.3777777777777778,0.14536319965309538,0.9580357282403138,1796.2701416015625,162.09661865234375,0.9959199876103416,522.6515394085394,202.85576923076923,0.8244144343563804,0.9895063955581724,0.9968803898558919
3348.jpg,27,67428,0.03511875,1323,800289.0,4743.8787442445755,1.385929648241206,0.5832563834400428,0.8275257694115262,1293.7591552734375,849.1834716796875,0.7544399685457424,1009.4352886721163,765.8093339587242,0.8263256232296077,0.9594528974644366,0.9882230287276055
2644.jpg,20,24895,0.012966145833333333,265,232727.0,3746.981330871582,1.5010660980810235,0.17621435234541577,0.9867187880920633,1688.5377197265625,179.51300048828125,0.9943327462501904,544.3502728276897,231.05089118198876,0.8612648877766285,0.9853159474531668,0.9964467921880172
3536.jpg,30,18113,0.009433854166666667,405,675372.0,3575.527245283127,1.0911016949152543,0.6945984860951128,0.8952403423634318,989.4487915039062,937.6321411132812,0.3193679439610405,927.313505674794,230.10201688555347,0.8107793643927472,0.9888238276200156,0.9964613844172245
3582.jpg,31,126835,0.06605989583333334,1943,725321.0,4476.6928877830505,1.3348581884720951,0.4548359646751996,0.9362339006766298,1647.3868408203125,599.947265625,0.9313281248217327,960.9929135154186,1411.9249530956847,0.82412988785786,0.9248211879552457,0.978286762939506
1190.jpg,3,94533,0.0492359375,1902,854745.0,3786.491880774498,1.0148837209302326,0.7287915929486496,0.9632991851776719,1111.054443359375,1007.8311767578125,0.4209274182060478,1043.213848961303,1136.141416510319,0.8134867832494375,0.9429495576353545,0.9825278901284054
3270.jpg,25,54575,0.028424479166666666,885,623581.0,4294.697063088417,1.3586538461538462,0.4243433229898198,0.9867693554155287,1604.970947265625,498.7845153808594,0.9504835755894058,891.048813783789,620.4282363977487,0.8273571702725045,0.9671003415134437,0.9904587667025844
2229.jpg,13,68397,0.0356234375,834,781384.5,3879.7009031772614,1.3160621761658031,0.6375786381624576,0.9840457752820025,1393.3367919921875,733.3424072265625,0.85028595769197,997.4415496875558,651.1310975609756,0.8543487811334068,0.9598627626147257,0.9899866038575189
1251.jpg,4,2318,0.0012072916666666666,49,345586.5,2492.476387143135,2.1225806451612903,0.7529855868222375,0.995761509259993,993.6928100585938,445.5508117675781,0.8938436282897692,663.3358108278328,26.297373358348967,0.8324118684033365,0.9985902911045151,0.9995955867905401
2305.jpg,15,68080,0.035458333333333335,1334,823832.5,4204.460351467133,1.6805074971164937,0.6521691804825608,0.9792299239337863,1544.871826171875,685.8636474609375,0.8960458508679756,1024.17582340047,787.7689962476547,0.8229941245847393,0.9589518351544353,0.9878853228516646
2047.jpg,10,68517,0.0356859375,1117,1012502.5,4435.39642226696,1.432301740812379,0.6611812161002616,0.9781408992787859,1530.6529541015625,872.2838134765625,0.821730052613792,1135.4110366484967,744.0530018761725,0.8338438432091996,0.9590735179072238,0.9885576076972876
3338.jpg,27,67488,0.03515,1231,888963.5,4704.509124755859,1.2894736842105263,0.654902615150457,0.8274739134886578,1383.2291259765625,917.1322021484375,0.7485865541917343,1063.8907284238248,741.2063789868669,0.8320492153741792,0.9596151901932127,0.9886013843849096
2640.jpg,20,23439,0.0122078125,255,234083.0,3744.1041330099106,1.5766262403528115,0.18047894773363352,0.9768253166775512,1639.9967041015625,183.2513885498047,0.9937376029739411,545.9338168223701,212.34451219512195,0.8646809047069605,0.9862112458107947,0.9967344675638188
3279.jpg,25,18532,0.009652083333333334,297,539154.5,4455.185307741165,1.3860962566844919,0.4449350531458375,0.9846743469955036,1450.874755859375,471.3177490234375,0.9457652942589253,828.5365593152268,197.02696998123827,0.8416064126287839,0.988862721254266,0.9969700278353083
3485.jpg,29,28818,0.015009375,357,794968.0,4106.408615469933,1.0812557710064634,0.6268509603822131,0.9276778879366679,1100.4517822265625,1028.2320556640625,0.3562972605043074,1006.0739010624532,283.4423076923077,0.8526696457022065,0.9828904462115295,0.9956410926753559
1429.jpg,7,21503,0.011199479166666667,360,760409.5,6766.757147073746,1.3562271062271063,0.470186155280686,0.6677645184717481,1233.69140625,968.7233276367188,0.6192126080844937,983.9631322322462,237.89634146341464,0.8349169624594978,0.9870121845243275,0.9963415196773073
1483.jpg,9,33171,0.0172765625,597,677948.0,4828.447285294533,2.06721536351166,0.617100080738902,0.9400407659562667,1372.7037353515625,662.6768798828125,0.875756540030882,929.0802994758387,369.45098499061913,0.8327788989332309,0.9799865189425343,0.9943184113279209
3515.jpg,30,44121,0.0229796875,890,810355.5,4418.955739498138,1.0590868397493285,0.613250154569623,0.8400465243809837,1135.8231201171875,1025.4832763671875,0.42994573684853366,1015.7640808246938,536.452861163227,0.81638491105448,0.9730814198521566,0.9917501789874323
2559.jpg,19,39324,0.02048125,624,384789.0,4252.603696227074,1.453765490943756,0.24053446686149182,0.9825018767139377,1714.675048828125,288.77264404296875,0.9857166140054459,699.948977554149,418.046904315197,0.8398674560804954,0.9764549193155245,0.9935710807320888
3112.jpg,23,40013,0.020840104166666668,477,467484.5,3973.3619360923767,1.5797752808988763,0.3735871146131347,0.9262483715815596,1687.8157958984375,433.85931396484375,0.9663971179680966,771.5048619099852,403.8137898686679,0.8479271979905798,0.9762130230236616,0.9937899641701986
2418.jpg,16,1807,0.0009411458333333333,22,68225.0,3570.4472671747208,1.528301886792453,0.05499013844860508,0.8380625982704403,2096.4677734375,52.281944274902344,0.9996889969694523,294.73168804788617,19.045262664165108,0.8443470521223649,0.9989121579436561,0.9997071131137674
1333.jpg,6,30189,0.0157234375,407,520983.5,3666.588210105896,1.9634317862165964,0.5248907870185662,0.9088900461175995,1463.234619140625,528.3171997070312,0.9325421349329737,814.4549062744552,284.59451219512204,0.8586862757448196,0.9821766601343516,0.9956233735398899
3003.jpg,21,68963,0.03591822916666667,1030,922116.0,5609.57426404953,1.5218274111675127,0.624521931710819,0.9448161528893187,1465.642333984375,828.8831787109375,0.8247190828832845,1083.547209877359,721.0089118198874,0.839992592672643,0.9590291184965783,0.9889119904066084
1340.jpg,6,20911,0.010891145833333333,225,443249.0,3337.3649069070816,1.829817158931083,0.4791824097226952,0.9710226046685865,1297.0013427734375,467.25616455078125,0.9328523931817038,751.2404108967489,179.7439024390244,0.8717794549069684,0.9877677004919755,0.9972358148672988
1363.jpg,6,26207,0.013649479166666667,358,525850.5,3704.1314957141876,1.4291754756871036,0.4111444794025295,0.954619967758801,1460.6043701171875,484.484619140625,0.9433844039793443,818.2503597425166,258.36491557223275,0.852528511572914,0.9844285258499784,0.9960267444472637
2405.jpg,16,34,1.7708333333333335e-05,2,65866.5,4033.6158822774887,1.452290076335878,0.041294161458908026,0.5681330055634622,1573.8369140625,100.6984634399414,0.997951002638601,289.59252834508453,0.6777673545966229,0.7058771412582513,0.999977069106845,0.9999895769791376
2252.jpg,14,207941,0.10830260416666666,1692,856500.0,4276.457390427589,1.4056603773584906,0.5422945422312271,0.9822608169107123,1627.158203125,681.1685791015625,0.9081593355980633,1044.2842860378905,1912.7272514071294,0.8477883963358073,0.8821550804655245,0.970585192824299
2118.jpg,12,47581,0.024781770833333334,793,735299.0,3822.585245013237,1.9933422103861518,0.6540368797959879,0.9838947727592043,1358.2783203125,705.8673095703125,0.8543622274110133,967.5803656566313,469.08278611632267,0.8508441212128754,0.9718402272491113,0.9927862272611522
3517.jpg,30,38043,0.0198140625,849,885891.0,4796.173118829727,1.1443108233117483,0.6624984949861539,0.8204897611395653,1125.2039794921875,1099.0472412109375,0.2143642963977334,1062.0505889669184,480.1981707317073,0.8099962728629329,0.9766283736747542,0.9926152897190091
1049.jpg,0,12118,0.006311458333333333,220,361853.0,3830.565026640892,1.5173867228661748,0.26479115443156537,0.9337202191263331,1656.0955810546875,304.1850891113281,0.9829868309938267,678.7676693693159,132.91017823639777,0.837146128040875,0.9926777673658133,0.9979560456088887
2211.jpg,13,43838,0.022832291666666667,858,758834.5,4089.871603488922,1.564410480349345,0.578103240217335,0.9643757641072305,1435.2393798828125,705.9509887695312,0.8706687335720914,982.9435860258384,517.2720450281427,0.8218339839495253,0.9733751074304547,0.9920451504778376
1321.jpg,5,9359,0.004874479166666667,194,434238.5,7563.350072979927,1.2507869884575027,0.3822602766255625,0.4953492404443831,1026.7236328125,899.8458862304688,0.48153905064123476,743.5654847062766,118.27040337711071,0.8126345760007703,0.9942218004019764,0.9981811828595162
3298.jpg,26,18380,0.009572916666666667,276,547230.0,4391.462438583374,0.9549218031278749,0.4850014091921872,0.7334549436468887,990.3323974609375,891.5123901367188,0.4354450464230109,834.718441191653,213.29338649155721,0.8271253342669261,0.9888155987141536,0.9967198753346115
3379.jpg,27,103185,0.0537421875,1427,833629.0,4630.565038561821,1.345595353339787,0.5805741466845884,0.8582699296811457,1305.4390869140625,856.5480346679688,0.7546410290459822,1030.2472559720939,1022.6153846153848,0.8454670644693024,0.9395493094888123,0.9842737461228526
1305.jpg,5,16643,0.008668229166666666,284,515985.5,9044.686419725418,1.1285211267605635,0.3542999906615983,0.4776931401892866,1043.1416015625,959.7877197265625,0.391698998630189,810.5387980287836,179.81167917448406,0.8391989105718582,0.9899724949598332,0.9972347725652126
1165.jpg,3,90325,0.04704427083333333,1868,884066.0,3816.4918793439865,1.1327102803738318,0.6817078436815645,0.9628612706532754,1125.4085693359375,1054.9508056640625,0.34827175172881775,1060.9560741877283,1101.5752814258913,0.8111720631043325,0.9453204088584002,0.9830594641923862
3102.jpg,22,2002,0.0010427083333333334,33,889947.5,4192.592381358147,1.4604105571847508,0.5822884238158237,0.9857943090835781,1615.150634765625,731.1060180664062,0.8916857331923016,1064.4793796679182,20.536350844277674,0.848493272526478,0.9987991458194027,0.99968418246787
3118.jpg,23,17860,0.009302083333333334,232,471530.5,4223.969146132469,1.4138257575757576,0.2990790989263025,0.8107024716659331,1856.8262939453125,477.52667236328125,0.966365224868708,774.8362918376653,166.73076923076923,0.8609679414690705,0.9894442604557183,0.9974359368678565
3025.jpg,21,43779,0.0228015625,779,733555.0,6399.700357913971,1.4279026217228465,0.45039295143365876,0.9181315827351636,1575.74267578125,645.9910278320312,0.9121036273938782,966.4322191639734,487.9924953095685,0.8316976295216003,0.9736329435015739,0.9924954249790919
3465.jpg,29,121801,0.06343802083333333,1564,911518.5,4655.778232336044,1.0642361111111112,0.6453904550706906,0.9439634683713931,1148.2501220703125,1116.7525634765625,0.23261424488570845,1077.302835769812,1208.9336303939963,0.843630217259123,0.928901111225993,0.9814084576877866
3060.jpg,22,3074,0.0016010416666666666,40,972273.0,3961.673551917076,1.5132555673382821,0.7225244693871636,0.9941751762197083,1424.0206298828125,868.8091430664062,0.7923167670767775,1112.6259173137623,27.8562382739212,0.8660834430087831,0.9981847714581962,0.9995716138425564
2404.jpg,16,1853,0.0009651041666666666,35,70927.5,3771.6016021966934,1.5774647887323943,0.05277783565297108,0.890472872450613,1942.6728515625,51.20183563232422,0.9996526101174935,300.51239210588847,23.45075046904315,0.8130952736834804,0.9988543125549372,0.999639363478162
3327.jpg,26,12331,0.006422395833333333,218,484044.5,3647.8329330682755,1.0427083333333333,0.5037093115218115,0.7532582426731362,905.8143920898438,828.919677734375,0.4032046029035422,785.0506982428329,149.24437148217638,0.8202706602809081,0.9924413616182064,0.9977048508061056
3157.jpg,23,29988,0.01561875,431,448736.5,4233.778233170509,1.478744939271255,0.31087388151313367,0.8765994147362992,1676.6448974609375,411.7840881347656,0.969371244837167,755.8763503153477,315.09404315196997,0.8425099863771279,0.9820433848556935,0.9951543376010832
3344.jpg,27,70360,0.036645833333333336,1157,742444.5,4372.391371369362,1.584736251402918,0.5901353001211358,0.8552173019073636,1359.27783203125,741.754150390625,0.8379824169050133,972.2703827491227,723.6522045028142,0.8424756255290864,0.958304081379225,0.9888713406252451
1348.jpg,6,25282,0.013167708333333333,362,543167.0,3720.8594086170197,1.409853249475891,0.42331408353011774,0.9820811730724899,1483.981689453125,481.8433837890625,0.9458183250675498,831.6139151043374,263.51594746716705,0.8441613773485789,0.984865074290449,0.9959475294887097
2465.jpg,17,57731,0.030068229166666665,1212,856846.0,4343.947723269463,1.6105150214592274,0.6125001072246542,0.9097391435448405,1399.19384765625,817.6187744140625,0.8115018195774075,1044.4951943154863,747.8484990619137,0.8029433324866813,0.964503875338235,0.9884992387804583
3549.jpg,30,888,0.0004625,35,770581.0,3771.4927537441254,0.9990697674418605,0.6674297345286042,0.8971442841733257,1123.1317138671875,959.7971801757812,0.5193325459225219,990.5221863348476,14.165337711069418,0.7645306669651895,0.9994283630312362,0.9997821588639764
3211.jpg,24,24725,0.012877604166666667,376,497842.0,4006.0309785604477,1.516842105263158,0.3636670440848826,0.969132672180277,1576.408447265625,429.92681884765625,0.9620918817321249,796.1608640407056,255.7893996247655,0.8453684413425523,0.9852119215877587,0.9960663519265407
2286.jpg,14,142983,0.0744703125,1428,846598.0,4848.628080129623,1.403755868544601,0.5317242137327869,0.9857596631688766,1648.079833984375,661.5674438476562,0.9158953564010518,1038.2302500378705,1391.998592870544,0.8447951654663703,0.9171275249897739,0.9785931997528596
3245.jpg,25,62325,0.0324609375,939,624268.5,4134.464522480965,1.4118773946360152,0.40567051108095886,0.9938587162448299,1658.33935546875,478.7885437011719,0.957414887554311,891.5398705231881,702.234756097561,0.8281775168508425,0.9625303919514276,0.9892007080844961
3292.jpg,26,23773,0.012381770833333333,457,534993.0,4867.060419082642,1.1781076066790352,0.3907739616963464,0.6625086994102977,1065.171875,911.6470336914062,0.5171935274030063,825.3328078760101,282.2223264540338,0.8226459794670172,0.9854981463105161,0.9956598541129081
1610.jpg,2,34,1.7708333333333335e-05,2,183927.0,2942.566786170006,4.161654135338346,0.624620494325244,0.9319082314076386,993.7285766601562,240.30987548828125,0.9703195131507689,483.9247149552338,0.6777673545966229,0.7058771412582513,0.999977069106845,0.9999895769791376
3591.jpg,31,146326,0.07621145833333333,2190,770401.5,4547.469579696655,1.3795881826320502,0.44757034956779684,0.9186275702204988,1678.1041259765625,637.7435913085938,0.9249708118850157,990.406812942685,1622.7106003752347,0.8228713705970269,0.91366309271505,0.9750452034513082
2665.jpg,20,29525,0.015377604166666666,420,281851.0,3801.6777275800705,1.406153846153846,0.21085189549084515,0.9711732944658652,1673.965576171875,228.8230743408203,0.9906131534704844,599.0524508948697,300.4542682926829,0.8475096514707429,0.9823949534147693,0.9953794748517104
2375.jpg,16,665,0.0003463541666666667,24,63057.5,4031.4981232881546,1.3981481481481481,0.03866660534706892,0.8094620702049409,2193.281982421875,43.225826263427734,0.999805772890276,283.3501413307174,10.36984052532833,0.7698450470500294,0.9995737338667433,0.9998405277808057
1494.jpg,9,38983,0.020303645833333335,624,487596.0,4760.977157831192,2.5081967213114753,0.5224429443908711,0.876778048002014,1367.6705322265625,535.9700927734375,0.9200140461949923,787.9254463809925,426.6545497185741,0.8351706243683185,0.97656258369305,0.9934387083671365
2467.jpg,17,50941,0.026531770833333333,1113,932286.0,4889.00154364109,1.634819532908705,0.6426544792786831,0.90932331303752,1584.4578857421875,834.9523315429688,0.8498875800027327,1089.5060358726637,652.9610694183865,0.8057214755699647,0.9686960549948193,0.9899584617011905
1481.jpg,9,36394,0.018955208333333334,554,593322.0,4826.388405799866,2.08972503617945,0.5946278026546296,0.9135275745610557,1317.9420166015625,623.5250854492188,0.8810059973145571,869.1611088638034,401.6449343339587,0.8340228634835578,0.9780832014031533,0.9938233178369582
3293.jpg,26,38729,0.020171354166666666,500,586013.0,4992.54064643383,1.2691244239631336,0.3922324963438183,0.6214598255284942,1147.623779296875,996.3051147460938,0.4963087136525992,863.791019476868,392.0206378986867,0.8475780687128363,0.9769618339473076,0.9939713247332038
1047.jpg,0,20071,0.010453645833333334,180,390697.0,4307.8829156160355,1.3654015887025597,0.22290502187703787,0.973414638703931,1877.5888671875,286.1990051269531,0.9883144226716835,705.301971080043,171.00070356472796,0.8729674646953193,0.9882689973165677,0.9973702718364236
2091.jpg,11,95461,0.049719270833333336,1719,734037.5,3935.4309153556824,1.8536269430051813,0.6644484816226922,0.9753789200024184,1354.4595947265625,725.0157470703125,0.8446743960508742,966.7500050781158,1118.0450281425892,0.8181493084717342,0.9426298450167847,0.9828061847854306
2539.jpg,18,6284,0.0032729166666666666,149,1064100.5,3978.8522762060165,1.3701875616979269,0.7568045523468683,0.9961608366960728,1349.3043212890625,1012.9404907226562,0.6606283174254559,1163.982317809192,73.26665103189494,0.8274105875554795,0.9961656726708711,0.9988732714447776
3318.jpg,26,37366,0.019461458333333334,467,521941.5,4689.337554574013,1.0911528150134049,0.3820111849602466,0.6440589392320278,1020.766357421875,985.979736328125,0.25883678000109955,815.2033843393855,394.1217166979362,0.8412865137378142,0.9776435151036267,0.9939390133685305
3321.jpg,26,39197,0.020415104166666666,506,610441.5,4084.769010901451,0.8811881188118812,0.561238299519431,0.7691139348956053,979.2571411132812,921.606689453125,0.33804935630196203,881.6111714057677,411.0659005628518,0.8420420253469137,0.9765741941650113,0.9936784378469712
1297.jpg,5,2930,0.0015260416666666666,61,289494.0,5169.525488734245,0.8254963427377221,0.38291337645331536,0.5155207000542242,809.3320922851562,690.2230224609375,0.5221879803115773,607.1204236093208,38.02274859287054,0.8082396058458439,0.9981814829048097,0.9994152685296209
3239.jpg,25,29534,0.015382291666666667,590,513914.0,4168.152905702591,1.4488579940417081,0.3497886283336725,0.9715803015995002,1782.4912109375,393.37530517578125,0.9753443430705567,808.9101479107716,345.72912757973734,0.8245838181252785,0.9820394101086093,0.9946832170581039
1139.jpg,3,74171,0.03863072916666667,1771,1002638.5,4050.332499027252,1.0655141037306641,0.7790938738656135,0.9685452238479406,1216.017578125,1074.484130859375,0.468225432530224,1129.8668006778262,950.500938086304,0.8033207939475941,0.9546071574303969,0.985382755542609
1435.jpg,7,14098,0.007342708333333333,243,734249.5,5577.841287732124,1.0450132391879965,0.547346124257532,0.7169190571714655,1057.5858154296875,1052.3814697265625,0.09908440644217154,966.8896002657289,169.6451688555347,0.8211429697825465,0.9913683720425323,0.9973911178781483
2143.jpg,12,32754,0.017059375,449,951717.5,4560.204642534256,1.3913824057450628,0.5511771008281693,0.9704174441487463,1675.68603515625,784.6665649414062,0.883587620389686,1100.8016880512525,313.8062851782364,0.8561883479526636,0.9806324703923475,0.9951741413407216
1153.jpg,3,25336,0.013195833333333334,683,663271.5,3314.494840979576,1.0377969762419006,0.7453443474782163,0.959007291544671,990.7197265625,886.514404296875,0.4464299892111283,918.9687169299119,345.593574108818,0.7960519210096827,0.9842022103259684,0.9946853016622763
1510.jpg,8,28965,0.0150859375,178,442609.0,3332.0369143486023,2.8396793587174347,0.6259647028708086,0.9579949612134645,1288.5718994140625,460.9686584472656,0.9338227337031766,750.6978630951907,182.0483114446529,0.9058461035777418,0.9836021390669458,0.9972003765963668
3540.jpg,30,20601,0.0107296875,573,943853.5,4689.54866373539,1.2153558052434457,0.6808612933755763,0.8726008419501403,1172.0499267578125,1097.1513671875,0.35174435145233435,1096.2443161251465,284.25562851782365,0.7942081868694854,0.9871197357241442,0.9956285850503211
1006.jpg,0,17697,0.0092171875,98,241168.0,3867.1478502750397,1.5040160642570282,0.16163988396845058,0.9754388945176862,1733.7884521484375,184.583251953125,0.9943167306219828,554.1341304455897,145.31332082551594,0.8777217561633561,0.9896941375851442,0.9977653043271073
1568.jpg,2,824,0.00042916666666666667,27,340378.0,3226.5079103708267,3.0792079207920793,0.6772667218490338,0.970553599178797,1139.0906982421875,383.6125793457031,0.9415866252801444,658.3181068130096,10.844277673545966,0.8057418214451875,0.9994872463497667,0.999833231666202
1587.jpg,2,83,4.322916666666667e-05,4,287566.0,2778.708920478821,2.814910025706941,0.6751088730030167,0.9678348697340832,1012.4838256835938,366.374755859375,0.9322334623833475,605.0953667987484,1.3555347091932457,0.7590257209462717,0.9999463212647335,0.9999791539582753
1268.jpg,5,30722,0.016001041666666667,618,493981.5,8015.922792434692,1.2034383954154728,0.37444967480784097,0.517861925920956,1013.1283569335938,912.59619140625,0.4342953015440975,793.0679543189176,371.484287054409,0.8186906941443747,0.9812289755021681,0.9942871422653337
3334.jpg,26,19899,0.0103640625,334,418203.0,3938.5120857954025,0.823049001814882,0.41840634548390515,0.6580449031389083,917.2713012695312,807.0476684570312,0.47527870650604914,729.7071997225183,227.05206378986867,0.8298856533172065,0.9879243062755666,0.9965082880111052
1583.jpg,2,1741,0.0009067708333333333,41,410813.0,3819.708046078682,2.710261569416499,0.6136492301993102,0.9514901304551745,1283.8280029296875,420.0588073730469,0.9449577302829603,723.2311920065993,21.485225140712945,0.8177553777532542,0.9989277576564246,0.9996695902386628
3368.jpg,27,120325,0.06266927083333333,1902,944573.5,5053.091943621635,1.2924613987284288,0.6028975766616052,0.8047659395369186,1466.298095703125,915.5692749023438,0.7810978084124948,1096.662360578177,1225.9455909943715,0.8396163903747355,0.929488987605789,0.981146839864141
2120.jpg,12,34474,0.017955208333333333,638,894847.5,3989.8228273391724,1.733181299885975,0.6712833073276121,0.9892173515078186,1414.21875,831.4469604492188,0.8089193481501689,1067.4058382393262,353.93011257035647,0.8457522422992038,0.9794382838739842,0.9945570985056693
3212.jpg,24,19816,0.010320833333333333,313,488153.0,3483.281639099121,1.4490521327014219,0.4729193227747788,0.9793399953054563,1345.72802734375,472.5278625488281,0.9363260548269466,788.3753569722381,208.3456848030019,0.8432540696886957,0.9881117903623485,0.9967959633869067
3480.jpg,29,22285,0.011606770833333334,208,888263.0,4296.030978322029,1.3756345177664975,0.665527562889842,0.9666054011584948,1256.64599609375,962.8699340820312,0.6425758270223335,1063.4714748055492,195.46810506566607,0.8690649117007434,0.9869370309334146,0.9969940007832918
2093.jpg,11,103121,0.05370885416666667,1425,550287.0,3645.517139673233,2.344551282051282,0.6027820863347179,0.9668932702427745,1387.3062744140625,563.785888671875,0.9137001978216162,837.0466948466367,1073.3123827392121,0.8377110253320119,0.9391793850558033,0.9834941041623472
3387.jpg,27,86273,0.04493385416666667,1488,851791.5,4727.729468584061,1.4550839091806516,0.5704615440253636,0.8198280442122526,1392.5672607421875,846.8348999023438,0.7938523219995378,1041.409920093563,922.4413696060037,0.8348180637090975,0.9487542019406712,0.9858142686063113
2607.jpg,19,23458,0.012217708333333334,400,420536.5,4018.1945366859436,1.4945812807881773,0.273119100116577,0.9900334298561575,1693.186279296875,318.64398193359375,0.9821322722065856,731.7401873646949,252.94277673545966,0.8389381154321136,0.9858871235235966,0.9961101286141627
2059.jpg,11,88059,0.0458640625,1237,548515.5,3428.872476577759,2.105015673981191,0.640165422940733,0.9699466500209545,1265.8829345703125,586.3853759765625,0.8862420523048928,835.6982861656354,894.2462476547844,0.8429617190820257,0.9480841624160484,0.986247866274186
3466.jpg,29,137158,0.07143645833333333,1942,983766.5,4239.21979868412,1.0928381962864722,0.7037379213057151,0.9734840744634795,1213.0579833984375,1110.6739501953125,0.4020939786548406,1119.1829209676605,1448.9988273921201,0.8321290642672288,0.9194942534375666,0.9777166236983341
1527.jpg,8,43455,0.0226328125,404,556605.5,3608.425861477852,1.8723118279569892,0.5370607839504743,0.984952460498771,1396.9078369140625,530.3793334960938,0.9251174817574818,841.8385435563565,356.64118198874297,0.8761033327133945,0.9748216453665023,0.9945154064222197
3080.jpg,22,6708,0.00349375,99,776230.5,3853.028893828392,1.639908256880734,0.6224983159042792,0.9889685038266558,1448.8089599609375,696.2742919921875,0.8769487408380577,994.1465527926694,63.77790806754222,0.8592276064949486,0.9960184304859122,0.9990191937368508
2238.jpg,14,169091,0.08806822916666666,1618,852440.5,4139.646206378937,1.3852772466539196,0.5624242076357797,0.9859545168543484,1567.7464599609375,711.269287109375,0.8911600936090927,1041.8065819209507,1585.9078330206382,0.8482458107075805,0.9030451003722709,0.9756111734841351
2445.jpg,17,27156,0.01414375,747,846556.0,4041.639064311981,1.4596858638743455,0.6359010568855303,0.9574925195543459,1450.123291015625,789.8848876953125,0.8386297504160731,1038.2044962495686,368.0276735459662,0.7971736701523305,0.9830908640574657,0.9943402996717319
3328.jpg,26,15176,0.007904166666666667,246,433485.0,4249.992316126823,1.081593927893738,0.3607685009487666,0.6146251826393216,931.8374633789062,913.687744140625,0.19640601298758337,742.9200791804742,179.54057223264542,0.8240565195935875,0.9907337741825428,0.9972389417735575
1502.jpg,8,28415,0.014799479166666667,176,323126.0,2501.218588590622,2.0245901639344264,0.6701856706710029,0.990155927051206,899.688720703125,455.0716247558594,0.8626448642916774,641.4178054373718,182.0483114446529,0.9040515871442117,0.9838847999968765,0.9972003765963668
2098.jpg,11,133083,0.0693140625,1358,579378.5,3460.137416958809,2.2060221870047543,0.6596199473559575,0.9830288047968971,1324.424560546875,586.9915161132812,0.8964203119391402,858.8874300915933,1339.3360694183866,0.840447573824212,0.9223519271305242,0.979403068473866
1472.jpg,9,34329,0.0178796875,463,391493.0,3855.9923162460327,2.339080459770115,0.6142396314810108,0.9165899901432621,1167.6746826171875,473.4794921875,0.9140998278623241,706.0200911355165,354.2689962476548,0.8449643413222939,0.9795100376617498,0.994551886995238
3589.jpg,31,168169,0.08758802083333334,1908,690391.5,4467.528456330299,1.4015151515151516,0.44174312807125304,0.9098134951619439,1581.66650390625,600.7827758789062,0.9250515334402212,937.5680024131723,1729.2556285178237,0.8337093983421916,0.9023250220886868,0.9734067045717432
1514.jpg,8,35728,0.018608333333333334,234,443557.5,3499.9405801296234,1.64321608040201,0.4260191438845604,0.9604792895756574,1351.927001953125,439.3618469238281,0.945717683635509,751.5017959817974,266.2947936210131,0.8879437441792668,0.9794768850459631,0.995904795103174
2198.jpg,13,62148,0.03236875,1019,622371.0,3768.2177114486694,2.1690751445086707,0.5991872470376204,0.965436417294589,1357.9783935546875,607.5843505859375,0.8943248218787007,890.18389599923,673.9040806754222,0.8346556030891296,0.9628414958836096,0.9896363903565433
2399.jpg,16,347,0.00018072916666666666,12,65123.0,3862.4960409402847,1.54318418314256,0.045695123996342873,0.7685172619293473,1860.119140625,55.7826042175293,0.9995502369972379,287.95343177636903,5.3543621013133205,0.772293114935662,0.9997779976929831,0.9999176581351873
3234.jpg,25,43262,0.022532291666666666,576,476840.0,3653.10919213295,1.4186778593913956,0.3700863669384131,0.9924603897286469,1583.990234375,396.1036376953125,0.9682285426198476,779.1864632496607,431.3989212007505,0.8494794983502441,0.9743375043244317,0.9933657472211002
2574.jpg,19,43368,0.0225875,643,422409.5,3972.4199385643005,1.4497560975609756,0.27732626464891835,0.9927706114544443,1665.955810546875,335.3626708984375,0.9795289258117228,733.367901855411,444.00539399624773,0.8454508599204357,0.9741852050098225,0.9931718790330599
2435.jpg,17,6583,0.0034286458333333335,204,886898.5,4235.34765625,1.7884393063583814,0.6627771072857778,0.9385601347786908,1534.3734130859375,783.1502075195312,0.8599347862645942,1062.654338139312,94.27743902439025,0.7879707340305001,0.9958484814946816,0.998550157798044
1532.jpg,8,32620,0.016989583333333332,151,500987.0,3603.89895260334,1.6926889714993805,0.4544668629724174,0.9760795846975585,1423.2823486328125,470.2193908691406,0.9438491435362809,798.6716846102878,229.96646341463418,0.8941851849451226,0.9813529025373918,0.9964634690213972
2670.jpg,20,13352,0.006954166666666667,149,162559.0,3279.27153134346,1.232502965599051,0.18559569437261167,0.88995888513569,1551.001220703125,162.2341766357422,0.9945144113213297,454.94675199698185,131.96130393996248,0.853157342245994,0.9920456317484442,0.9979706378380961
1267.jpg,4,1379,0.0007182291666666667,41,759644.5,3647.49989259243,1.9483695652173914,0.719752914468498,0.9952213569643072,1375.2489013671875,701.1561889648438,0.8602695516543055,983.4680560854889,17.689727954971858,0.8105962944525166,0.9991454875523436,0.9997279591554922
2020.jpg,10,26624,0.013866666666666666,368,699977.0,3422.9040027856827,1.4858548585485856,0.712732052817217,0.985361273466446,1125.1717529296875,798.4215698242188,0.7046050141975855,944.0542340380053,242.84404315196997,0.8635285884148727,0.9843341374586148,0.9962654316250119
1284.jpg,5,27721,0.014438020833333334,449,399727.0,7578.303390979767,1.1572008113590264,0.35530467740301114,0.4863089611307592,931.4113159179688,874.3713989257812,0.3445725510763704,713.4060719522595,318.4151031894935,0.8280412983123385,0.9831838598595702,0.9951032647988576
2657.jpg,20,21676,0.011289583333333334,323,237513.5,3649.341724395752,1.3879222108495395,0.17928090929128057,0.9836964174777386,1636.2188720703125,189.68063354492188,0.9932578298361574,549.9196128603298,225.96763602251409,0.8444319368392543,0.9870151612268996,0.9965249648444852
3226.jpg,24,120358,0.06268645833333333,1059,509809.0,3950.0553641319275,1.6164079822616408,0.38765325644277765,0.957429147174432,1507.6180419921875,445.7478332519531,0.955292109176087,805.6729976000738,1121.3660881801125,0.8533354741505184,0.9303063665585654,0.982755111983205
3151.jpg,23,24944,0.012991666666666667,317,390804.5,4071.5427322387695,1.5297805642633229,0.27893726696016125,0.8881012169209967,1720.5516357421875,359.7705993652344,0.9778938590049441,705.3989960727566,235.99859287054412,0.8585687354235102,0.9852523669612249,0.9963707041357219
1150.jpg,3,75334,0.039236458333333335,1627,722437.0,3510.075574874878,1.0060240963855422,0.7238905722691164,0.9706195712779035,1007.119384765625,940.0635986328125,0.35879018721060874,959.0804747151496,942.9777204502816,0.8077685972431514,0.9540803887628362,0.9854984510741815
2129.jpg,12,39498,0.020571875,612,784323.0,3930.8695110082626,2.0064935064935066,0.6592888664733325,0.9826595678704927,1402.0771484375,724.8228149414062,0.856007396128642,999.3152953124039,384.8363039399625,0.8532245513508874,0.9766241477453969,0.994081808754345
1133.jpg,3,79009,0.041150520833333336,1612,920268.0,3821.9477256536484,1.18059558117195,0.7193027296623623,0.9879430895792696,1177.7613525390625,1024.932861328125,0.4926312628850884,1082.4609043075593,962.5651969981238,0.8125289710611407,0.9520790844866678,0.9851972257712588
2441.jpg,17,38558,0.020082291666666665,954,727647.5,3950.31822013855,1.7109181141439207,0.6546689351257879,0.9439479902523884,1366.46240234375,728.0372924804688,0.8462475880815683,962.5328937899625,510.155487804878,0.8007843846197836,0.9761321263198568,0.9921545921968924
3410.jpg,28,83753,0.04362135416666667,1000,883180.0,4302.055362820625,1.4208059981255858,0.5459911521712789,0.9896993630459047,1670.8853759765625,687.26708984375,0.9114914084825952,1060.424302399375,808.3053470919324,0.8511060846113154,0.9509137571710713,0.9875695053195348
1357.jpg,6,20754,0.010809375,270,471030.0,3478.3009717464447,1.4,0.42957004692138273,0.9805985017159381,1344.830322265625,455.3505554199219,0.9409328178977074,774.4249626378295,208.8878986866792,0.8498747311242907,0.9876232088333425,0.9967876249702169
3360.jpg,27,62708,0.032660416666666664,1218,759416.5,4723.36193549633,1.235236220472441,0.5955834143740001,0.7921604522956402,1251.50244140625,874.8671875,0.7150693501788755,983.3204557642289,709.0124296435272,0.827543144407258,0.9622835295026498,0.9890964778758723
2204.jpg,13,98356,0.05122708333333333,1464,737097.5,4291.528455018997,1.8154402895054282,0.5907910503388384,0.9675081036133683,1457.8009033203125,682.4008178710938,0.8836739687807048,968.7629665327978,1037.4584896810507,0.8359630786328028,0.9418261757557079,0.9840454819659668
3473.jpg,29,35103,0.0182828125,352,906433.0,4100.242092013359,1.0585058505850584,0.6937681012999259,0.9601479997733184,1155.8370361328125,1074.6611328125,0.36814414200531737,1074.2934144138312,309.8752345215761,0.8673275798738447,0.979458063142864,0.9952345948617234
1597.jpg,2,13964,0.007272916666666666,291,337024.0,4123.728255748749,4.35243553008596,0.6357372045777364,0.9381713919857475,1386.4603271484375,319.7687072753906,0.9730399212839594,655.0666258670361,156.08982176360223,0.8338668815127118,0.9915423825601094,0.9975995782953956
3033.jpg,21,51098,0.026613541666666667,917,755283.5,6461.419054031372,1.5261538461538462,0.5205979459608492,0.9392572207053972,1525.968505859375,673.2014770507812,0.8974267888622683,980.6410248842235,583.422138836773,0.8269305225949223,0.9691574639172035,0.99102786364167
1192.jpg,3,15794,0.008226041666666666,445,818715.5,3797.90608894825,1.0733590733590734,0.7106707973389628,0.9597115176096168,1114.4141845703125,956.923095703125,0.5125152263781987,1020.9901813864916,227.187617260788,0.7860060828795932,0.9900462055894497,0.9965062034069329
3462.jpg,29,113656,0.059195833333333336,1684,959806.5,4191.396423697472,1.11219946571683,0.6842920462817271,0.9754810167171191,1220.1177978515625,1077.9351806640625,0.4684912760177796,1105.4698508298857,1203.443714821764,0.8339378614323429,0.9329450560636324,0.9814928841567718
1236.jpg,4,1437,0.0007484375,38,278373.0,2227.2144161462784,2.2340966921119594,0.8067519866455686,0.993564759294158,883.9970092773438,410.90545654296875,0.8854016561925495,595.3448679434143,18.36749530956848,0.8112713253199505,0.9991100650909928,0.9997175361346298
3088.jpg,22,6644,0.0034604166666666668,70,892680.0,4064.7862527370453,1.5229166666666667,0.6360294117647058,0.9860152141568757,1509.470458984375,768.6642456054688,0.8606318019759235,1066.1123190331239,57.61022514071295,0.8716204966709148,0.9960992078690678,0.9991140432266984
1368.jpg,6,26529,0.0138171875,371,595720.0,3827.00155377388,1.575027382256298,0.4537456946257657,0.9830590145646929,1514.64990234375,526.5548706054688,0.9376276031394016,870.9157603291096,263.04151031894935,0.8516562890208548,0.9842264867003478,0.9959548256033133
3308.jpg,26,37892,0.019735416666666665,538,582734.0,4888.43300139904,1.220708446866485,0.39380730720989576,0.6413900853944506,1112.34033203125,981.9678344726562,0.4697595321283593,861.3709844554205,403.6104596622889,0.8396767923564046,0.9773003389264826,0.9937930910764573
2094.jpg,11,71925,0.0374609375,1173,470766.5,3156.539437532425,2.170689655172414,0.644691325901783,0.9794871474776099,1184.1322021484375,540.9274291992188,0.8895625550076789,774.2083208908091,800.578799249531,0.829377706684734,0.9569122975341112,0.9876883277573658
3414.jpg,28,65659,0.03419739583333333,605,816688.0,4307.9031237363815,1.4,0.49552852804567643,0.9953837744088642,1642.124267578125,641.7261962890625,0.9204797444424153,1019.7251871512592,562.3435741088181,0.8691577297199573,0.9619412463751822,0.9913520195904897
3507.jpg,29,25090,0.013067708333333334,216,674994.0,3722.702992796898,1.0596421471172963,0.629426070220329,0.9107620650060516,993.802734375,969.1178588867188,0.22149638816230213,927.0539645883439,236.40525328330207,0.8591385832175309,0.9851739987630509,0.9963644503232046
2220.jpg,13,101841,0.0530421875,1484,837909.5,4303.303057789803,1.584126984126984,0.5923024178869202,0.9542491736254851,1486.2855224609375,780.1663818359375,0.8511576332019437,1032.8889147963916,1102.9985928705441,0.8312451594833112,0.9395787971560015,0.9830375758485752
3066.jpg,22,1753,0.0009130208333333333,27,860792.0,4077.5558066368103,1.4678243105209396,0.611869439154748,0.9896538363813836,1565.9913330078125,714.6017456054688,0.8898129336814853,1046.8975184762214,19.587476547842407,0.8349890077166068,0.9989361072900024,0.9996987746970776
1018.jpg,0,7736,0.004029166666666667,124,286362.0,3613.653349876404,1.5472972972972974,0.23470140446122978,0.9486976039225106,1651.1812744140625,250.50086975097656,0.9884250334516979,603.8273118280182,82.890947467167,0.841268005135293,0.9953371318278961,0.9987252645485319
1428.jpg,7,20944,0.010908333333333334,367,768997.0,6951.083047866821,1.2321428571428572,0.497539466873706,0.6723573912606313,1167.7423095703125,1019.3499755859375,0.48785669726096276,989.5036079685136,247.85952157598499,0.823464609035181,0.9872237551667927,0.9961883012706305
1107.jpg,1,33995,0.017705729166666666,699,848591.0,4622.766037464142,1.4056338028169013,0.5322639018255604,0.9707868536265325,1611.8583984375,685.465576171875,0.9050692851573949,1039.4515950761518,402.0515947467168,0.8223564753692383,0.9793106578783368,0.9938170640244408
2551.jpg,19,25454,0.013257291666666667,283,386455.5,3977.4493738412857,1.4669950738916255,0.2557047246308727,0.9881194675557783,1682.3326416015625,297.7210388183594,0.984216392400135,701.4630602393826,241.35295497185743,0.8582197763073635,0.9849481549420992,0.9962883622709092
2475.jpg,17,8777,0.004571354166666666,306,842579.5,4223.469580173492,1.5174825174825175,0.5541394089781186,0.8889047722033792,1363.02685546875,845.6734008789062,0.7842556474475414,1035.7632639668107,138.80675422138836,0.7655906304646685,0.994365782826029,0.9978653653273862
1581.jpg,2,8835,0.0046015625,214,476417.0,3941.777026772499,2.95703125,0.6145983838342141,0.9695440924330843,1415.5008544921875,431.6308288574219,0.9523742790324706,778.8407823066868,100.71622889305817,0.8310272950227886,0.9946290944439589,0.9984511390998516
1136.jpg,3,50874,0.026496875,1262,865295.5,3737.1365382671356,1.0281425891181988,0.7406221326741622,0.9682841374247738,1080.38330078125,1049.3505859375,0.23795492239369384,1049.6325302130192,664.8219981238275,0.8019390346322002,0.9686379445454082,0.9897760588360991
1521.jpg,8,32508,0.01693125,305,526129.0,3692.5608611106873,1.7927135678391959,0.4631857606180869,0.9610952337893763,1538.858154296875,489.03155517578125,0.9481615976845911,818.4670112056847,292.93105065666043,0.8647568434983033,0.9809208784169238,0.9954951703832827
1459.jpg,9,20485,0.010669270833333333,305,341758.0,3202.9587047100067,1.7199281867145422,0.6404688103207236,0.920369377933735,965.993896484375,509.3748474121094,0.8496751552386754,659.651271756221,222.9176829268293,0.8377109060758188,0.9876535997506607,0.9965718684383658
1211.jpg,4,3676,0.0019145833333333332,142,423629.5,2671.245937347412,2.063872255489022,0.8177638919453163,0.996198670886969,1048.6378173828125,523.825439453125,0.8662969235483547,734.4261921502967,56.322467166979365,0.773505149738282,0.9976524259124501,0.9991338469663369
3217.jpg,24,37351,0.019453645833333335,709,587719.0,4008.8594052791595,1.409,0.4171178140525195,0.9804598353107609,1548.409423828125,512.5305786132812,0.9436291548413802,865.0474391570702,429.9078330206379,0.8268072384798821,0.9773732648571665,0.9933886778669971
1007.jpg,0,9432,0.0049125,107,266963.5,3803.0574544668198,1.585392051557465,0.1942745219611165,0.9577268993029522,1683.960205078125,215.5956268310547,0.9917704333835409,583.016710910507,86.34756097560975,0.8642606685155179,0.9944300032229528,0.9986721071421337
2344.jpg,15,95083,0.04952239583333334,1645,801171.5,4720.9985773563385,1.452662721893491,0.5363950852357557,0.9500196247929318,1555.2144775390625,679.4395751953125,0.899520585996004,1009.9917009138181,1067.2124765478425,0.8257633009928294,0.9432186187821183,0.9835879113501085
1030.jpg,0,10569,0.0055046875,125,269017.0,3954.177283883095,1.481592039800995,0.17977072328084226,0.9535197364340261,1771.4354248046875,209.60401916503906,0.9929749938024167,585.2547160049369,106.95168855534709,0.849868486123489,0.9936812095132754,0.9983552473079176
1504.jpg,8,36019,0.018759895833333335,183,462856.5,3216.1374150514603,2.519699812382739,0.6466110846456995,0.973048910341377,1204.29150390625,496.2659606933594,0.9111470983946138,767.6764939332915,214.9200281425891,0.9102789198200277,0.9797281385072923,0.9966948600845417
1479.jpg,9,43390,0.022598958333333332,643,550764.5,4364.700028300285,1.8452380952380953,0.6609597014208909,0.9468009028538226,1158.8389892578125,614.510009765625,0.8478221068635201,837.4097809533213,474.9793621013133,0.8347513480155974,0.9739329094482709,0.9926955469796496
3075.jpg,22,1275,0.0006640625,32,792787.5,3976.720233798027,1.3871635610766047,0.6124559655140447,0.9825790255483251,1445.7774658203125,712.1205444335938,0.8702830304719071,1004.6931847941081,16.198639774859288,0.8124243797726389,0.9992111265855876,0.9997508898013893
1225.jpg,4,2520,0.0013125,107,339399.0,2410.1504842042923,1.9935205183585314,0.7941963126156841,0.9950190267899548,935.1196899414062,469.08831787109375,0.8650796536747254,657.370693173623,41.95379924953096,0.7540420576772258,0.9983646775277751,0.9993548150086191
3382.jpg,27,113693,0.059215104166666664,1710,854931.5,4937.22990322113,1.549778761061947,0.6750326094508979,0.8259840625440802,1398.731689453125,879.5515747070312,0.7775502595967747,1043.3276541143484,1171.1819887429644,0.8384389112169313,0.9331829971980155,0.9819890199498206
1182.jpg,3,105103,0.05474114583333333,2077,973001.0,4143.84424829483,1.1219946571682993,0.6876429348824719,0.9749357600157512,1188.2010498046875,1088.462646484375,0.401042792034778,1113.0423847575878,1260.3761726078799,0.8128157083915609,0.9367191012778452,0.9806173504043324
3493.jpg,29,55433,0.028871354166666665,475,1058293.0,4373.7223246097565,1.1702702702702703,0.733962368835348,0.969170059654309,1319.643310546875,1096.4456787109375,0.5564737641600811,1160.8016615754862,507.24108818011257,0.8609737829186158,0.9675487161952301,0.9921994111866006
1477.jpg,9,30698,0.015988541666666668,442,427958.0,4036.217710018158,2.3169398907103824,0.6128323653068473,0.9113623755671285,1209.114501953125,494.6852111816406,0.9124760331848202,738.1687131582934,331.0893527204503,0.8382818577039797,0.9815543931756144,0.9949083543087311
3055.jpg,21,63948,0.03330625,893,578608.0,4394.692884206772,1.8155467720685112,0.5532143546909749,0.9006104641208351,1318.6414794921875,614.9896240234375,0.8845838321851347,858.3161343585026,703.7936210131332,0.8320197743557353,0.9616969090887132,0.9891767351365126
3032.jpg,21,76168,0.039670833333333336,1219,880685.5,6054.566239356995,1.3974121996303142,0.5383215850521765,0.9362431019104691,1578.28466796875,745.0462646484375,0.8815660134115959,1058.9256843966243,835.9582551594747,0.8313747942133558,0.9544996206386683,0.98714424606835
2605.jpg,19,26598,0.013853125,202,410905.5,4028.5620683431625,1.4329210275927688,0.2596057255279548,0.9916726196796957,1683.7705078125,312.1912536621094,0.9826608728742624,723.3126099752267,218.24108818011257,0.8772365449714328,0.9845383290202534,0.9966437872823161
2021.jpg,10,44227,0.023034895833333333,727,838490.5,4039.91619682312,1.9844357976653697,0.7108080499817739,0.970579026111013,1448.6064453125,753.7695922851562,0.8539584607450248,1033.2469513551728,452.68081613508446,0.8454207077853396,0.9736789815410061,0.9930384643660215
3375.jpg,27,117987,0.0614515625,1781,985094.5,4796.474634170532,1.3384476534296028,0.5995107609465641,0.8490989855317931,1479.6324462890625,950.8718872070312,0.7661677725091585,1119.9380664577452,1230.8932926829268,0.8359913732030553,0.9305970338079468,0.9810707518118456
3606.jpg,31,38181,0.0198859375,839,948656.0,4676.599524855614,1.3285968028419184,0.5631690428472373,0.9396769172175279,1638.9708251953125,796.2125244140625,0.8740698284783391,1099.0297236882543,457.01852720450285,0.819808313054181,0.976737523223457,0.9929717570325023
2530.jpg,18,7119,0.0037078125,211,986318.5,4034.2248493433,1.6405733186328555,0.7308141723275361,0.9933899463329713,1415.8580322265625,886.231689453125,0.7798771627641956,1120.6336234041296,95.76852720450282,0.800777926948522,0.9955584569045799,0.9985272271521468
2359.jpg,16,0,0.0,0,78599.5,3785.885864853859,1.5125786163522013,0.057095920303467475,0.9417343118166841,1946.941162109375,55.22394561767578,0.99959764760189,316.3478964627573,0.0,1.0,1.0,1.0
2673.jpg,20,5013,0.0026109375,115,148779.5,3582.9943968057632,1.4476409666283083,0.13609515899165936,0.8472130083337841,1572.51171875,143.70346069335938,0.9958156669435169,435.2378003412906,62.55792682926829,0.815396425513714,0.996908910719985,0.9990379551744031
1492.jpg,9,29651,0.015443229166666666,528,603609.0,4339.036032438278,2.049698795180723,0.6679277728105663,0.9566684470535654,1262.200927734375,625.4833984375,0.8685795360990111,876.6634749765994,330.750469043152,0.8328355305660008,0.9820952953809664,0.9949135658191623
1036.jpg,0,10053,0.0052359375,174,325623.5,3945.792515873909,1.468503937007874,0.21480936385130142,0.9559350445566863,1866.838623046875,264.228759765625,0.9899328114032022,643.8918518626169,112.64493433395874,0.8338054877708565,0.9939049969381272,0.9982676939326738
1149.jpg,3,113313,0.0590171875,1899,779783.5,3772.700030207634,1.0671785028790788,0.6729790351979453,0.9632510348558984,1054.826416015625,983.9512329101562,0.36037199296380884,996.4191831413082,1304.9732645403376,0.8194171205322842,0.9323092531013079,0.9799315156315884
2506.jpg,18,41750,0.021744791666666666,969,1052848.5,4195.646204352379,1.6255274261603376,0.7207006382506839,0.9927119928944406,1472.036376953125,915.8512573242188,0.7828852009234182,1157.811877990159,516.390947467167,0.8134499532407442,0.9744494436673947,0.9920587004049585
3474.jpg,29,26131,0.013609895833333333,203,760186.0,3770.1933269500732,1.0046382189239331,0.6511374129102661,0.9515003742486864,1046.010498046875,1013.9737548828125,0.2455953200186113,983.8185180987622,232.88086303939963,0.8666932421362675,0.9846651861309403,0.9964186500316888
3074.jpg,22,1340,0.0006979166666666667,29,772853.0,3913.555802345276,1.4919441460794844,0.5976473117381544,0.9788487916580647,1440.900634765625,702.541259765625,0.8730833809493397,991.9813515722988,16.537523452157597,0.8177831960844968,0.9991746635002289,0.9997456782909582
2501.jpg,18,1963,0.0010223958333333333,58,1000184.5,3969.278675556183,1.5879828326180256,0.7251076586242895,0.9955517001632901,1405.364990234375,904.5650634765625,0.7653188541753445,1128.4832552728315,25.41627579737336,0.8087702337805831,0.9987819112433688,0.9996091367176609
2452.jpg,17,19398,0.010103125,548,925424.5,4231.705081343651,1.6286644951140066,0.6698693449149475,0.9353031721037599,1493.627197265625,814.034912109375,0.8384325234906833,1085.489322410297,260.2626641651032,0.8000197586403455,0.9879266335831004,0.995997559988849
3362.jpg,27,60085,0.03129427083333333,1314,941348.0,4482.138628125191,1.3882235528942115,0.6753911300332477,0.9331757136873827,1335.077392578125,918.6735229492188,0.7256110613531385,1094.7883352307679,688.7471857410882,0.8254057120722317,0.9637705037933867,0.9894081261996572
1169.jpg,3,30824,0.016054166666666668,823,868445.0,3703.7812101840973,1.0693533270852857,0.7133329007340772,0.9798262602170421,1075.41796875,1054.503173828125,0.19625976698307726,1051.5410198501665,404.28822701688557,0.8033224939786164,0.9809224906865448,0.9937826680555949
1142.jpg,3,86694,0.045153125,1754,820149.0,3739.82997238636,1.0046772684752105,0.7143495461220479,0.956059001437908,1100.6380615234375,988.4811401367188,0.43979483340178754,1021.8836232052058,1062.1292213883678,0.8106842344633709,0.9474453136273419,0.9836660840065763
3420.jpg,28,57733,0.030069270833333335,663,776833.5,4278.204644203186,1.390858208955224,0.48602153968587647,0.9949084859421446,1666.853271484375,608.4205322265625,0.9310030291045277,994.532619814465,543.0272045028142,0.8569181599639548,0.9661020237011649,0.9916490756850673
1270.jpg,5,54012,0.02813125,862,595399.5,9071.539228439331,1.125112511251125,0.4287305130513051,0.5932566569550782,1036.1859130859375,981.6397094726562,0.32017424722484716,870.6814505406346,598.0619136960601,0.8318969921003704,0.9675609572870691,0.9908027263910426
3453.jpg,29,89865,0.0468046875,1382,947814.0,4042.526365876198,1.0597680642283676,0.7117067192892349,0.980201321980209,1204.4888916015625,1039.55810546875,0.5050844981107763,1098.5418817021105,963.2429643527205,0.8340810239107455,0.9466387560393653,0.9851868027503965
1570.jpg,2,5318,0.0027697916666666665,124,394592.5,3365.118083000183,2.877155172413793,0.6370148844117267,0.9744456284318314,1257.843017578125,405.0415954589844,0.9467353032452178,708.8094067208121,60.59240150093809,0.8314244775204431,0.9967654442582317,0.9990681819349039
3572.jpg,31,133764,0.06966875,1745,626481.5,4312.038122057915,1.3767441860465117,0.3937658705216845,0.9375328763505025,1593.79345703125,543.1624145507812,0.9401363648427846,893.1187042297356,1413.7549249530957,0.8323757037687135,0.9214260487489705,0.9782586207831776
3505.jpg,29,11031,0.0057453125,126,664848.5,3996.2248507738113,1.0049407114624507,0.6459832064391511,0.9276731446495248,1002.3161010742188,929.0508422851562,0.3752984182922452,920.0605422785263,105.25727016885554,0.8584008998604176,0.9934546738123726,0.9983813048600736
1027.jpg,0,15615,0.0081328125,264,311047.0,3615.771096229553,1.5919540229885059,0.25814100170131543,0.9454043120335431,1685.209716796875,280.7088317871094,0.9860292861929584,629.3149773136169,166.5952157598499,0.8412957366272685,0.9906064806090773,0.9974380214720289
3347.jpg,27,67572,0.03519375,1213,783571.0,4377.178165555,1.4205128205128206,0.5802617791354253,0.8687612985557251,1398.508544921875,748.828857421875,0.8445680817739138,998.8361143389221,724.3299718574109,0.8360698503310516,0.9597049593789588,0.9888609176043827
3069.jpg,22,3233,0.0016838541666666666,45,884960.0,4156.467493414879,1.4519326065411298,0.5986801381423841,0.9859180035650624,1580.6588134765625,740.8704223632812,0.8833521589828616,1061.4923775085856,34.36280487804878,0.8429150356556488,0.9980519462121357,0.9994715528422777
1440.jpg,9,21039,0.0109578125,342,391768.0,3417.718151450157,1.6220095693779903,0.6143848044174081,0.9277237534913845,966.8975830078125,560.3207397460938,0.814969598363523,706.2680156723828,240.74296435272046,0.8292990037067399,0.9872297149731336,0.9962977429896853
2223.jpg,13,109601,0.05708385416666667,1621,985177.5,4391.48978972435,1.4514851485148514,0.6653637567030919,0.973555679080971,1516.1326904296875,881.3715209960938,0.8136687808995086,1119.9852461453793,1208.1880863039398,0.8275025194451465,0.9349069719760099,0.9814199230107351
2278.jpg,14,138593,0.07218385416666667,1162,710005.5,4312.346775770187,1.4523570712136409,0.49181072222191435,0.9783355472022576,1572.6905517578125,584.5956420898438,0.9283461386218135,950.7928689149186,1310.8698405253283,0.84958303046332,0.919903794571178,0.9798408353500856
1596.jpg,2,15490,0.008067708333333333,291,216135.0,3449.679484605789,4.293906810035843,0.6466422532177285,0.9313293532381184,1103.401123046875,252.5614013671875,0.973451458601995,524.5871033501819,160.4953095684803,0.8458830304729669,0.9907182817828241,0.9975318286597902
2244.jpg,14,190410,0.099171875,1451,791647.0,4105.604577302933,1.4052734375,0.5372430670170257,0.9838695244747249,1571.8575439453125,651.6350708007812,0.9100202981915786,1003.9702514870435,1776.2249061913697,0.8472027561506179,0.8914354012618357,0.9726843892259809
3607.jpg,31,144910,0.07547395833333333,1596,597089.5,3824.9456310272217,2.42332268370607,0.6287522034619362,0.9393671942538854,1376.3643798828125,570.1444091796875,0.9101679442923386,871.9162592509363,1470.9584896810507,0.837996484727745,0.9155625985441339,0.9773789178223934
2269.jpg,14,221191,0.11520364583333334,1626,931654.0,4288.682779550552,1.4191033138401559,0.6236571664203243,0.9928868194880578,1617.71142578125,743.3035278320312,0.8881889213595873,1089.1366832545368,1948.3100375234521,0.8531066923982765,0.8757630147639669,0.9700379842290245
1135.jpg,3,123810,0.064484375,2176,953015.0,3949.673560142517,1.3141724479682855,0.7123034469562773,0.9661282588574724,1267.5650634765625,1003.4784545898438,0.6109640512861524,1101.5518075541345,1447.372185741088,0.8156209688730149,0.9260206343375849,0.9777416389484039
1561.jpg,2,1391,0.0007244791666666667,52,431194.5,3564.8825845718384,3.2257336343115126,0.681141368650353,0.9711194140778077,1340.79833984375,412.0693054199219,0.9516025788630313,740.9547144544706,21.553001876172612,0.771221642204146,0.9991095231544995,0.9996685479365766
1456.jpg,9,31305,0.0163046875,462,446501.0,3901.624785900116,2.068027210884354,0.6244699360007161,0.9124341092241467,1196.5296630859375,530.803466796875,0.8962154058465384,753.9912001898928,330.00492495309567,0.8418861308146682,0.9812508810141307,0.994925031142111
3249.jpg,25,43909,0.022869270833333333,847,542465.0,4129.334586620331,1.2454976303317535,0.3913126591500934,0.98336599346314,1545.0059814453125,448.3980712890625,0.9569586897553303,831.07634404714,513.1376641651033,0.8235371109560778,0.9733709741360103,0.992108730905098
1106.jpg,1,33868,0.017639583333333334,603,470272.5,3477.240005493164,1.6897018970189701,0.511006904375379,0.9612090726436942,1258.5931396484375,496.6181945800781,0.918860733497628,773.8020055553402,371.0098499061914,0.8354684214769512,0.9796166411166054,0.9942944383799374
3061.jpg,22,1020,0.00053125,15,921131.5,3930.5192251205444,1.5807522123893805,0.713051626547434,0.9917148187983338,1395.65869140625,846.3963012695312,0.7951221228159115,1082.9686291399294,9.692073170731707,0.8597293561857366,0.9993940020869582,0.9998509508016681
3424.jpg,28,71027,0.03699322916666667,1034,712940.5,3949.361939072609,1.5946248600223965,0.5606500150987078,0.9904461894855293,1497.9036865234375,632.4846801757812,0.9064810212124508,952.7560220976088,745.4085365853658,0.8392054455044394,0.9577973109787172,0.9885367616555629
1204.jpg,4,372,0.00019375,16,236136.5,2041.74132502079,2.0,0.7379265625,0.9949543681057076,818.8155517578125,371.3828125,0.8912252273990676,548.3231982648142,6.1676829268292686,0.7553289094155518,0.9997587163317416,0.9999051505101524
1247.jpg,4,409,0.00021302083333333335,15,240927.5,2136.108857989311,1.8555045871559632,0.6830482190040938,0.9942596211184866,850.7470703125,363.3113098144531,0.9042281376706589,553.857761897566,6.235459662288931,0.7750131678388659,0.9997389152618601,0.9999041082080662
3317.jpg,26,37089,0.0193171875,455,459324.5,4515.739570736885,1.0098654708520178,0.36585277461389576,0.605291837100447,999.7523803710938,922.2454223632812,0.3860595877596452,764.7418631575666,393.7150562851782,0.8402896583882404,0.9777885965914606,0.9939452671810479
2346.jpg,15,101832,0.0530375,1628,709376.0,3821.232868909836,1.5908543922984357,0.6457196640760544,0.9691882261643222,1326.6103515625,702.4242553710938,0.8483174305708745,950.3712828605727,1118.2483583489684,0.8288977265176979,0.9394627139181354,0.982803057879172
1418.jpg,7,10095,0.0052578125,188,680075.0,5962.392578601837,1.1954887218045114,0.5024907492788575,0.6674812966357254,1106.60009765625,988.8424072265625,0.4488919424964854,930.5366104489204,126.47138836772983,0.8141783916390293,0.9937766219189974,0.9980550643070814
1252.jpg,4,1118,0.0005822916666666666,24,298909.0,2275.3220599889755,1.874730021598272,0.743769346378557,0.9949885907637614,893.0147705078125,429.51715087890625,0.8767346954732533,616.9138992414117,13.216463414634147,0.8254797100850655,0.999315844266154,0.9997967510931838
1016.jpg,0,4949,0.002577604166666667,70,243281.0,3918.6036949157715,1.464110127826942,0.16065436934108074,0.9560358158278922,1737.7193603515625,183.73081970214844,0.9943947676520571,556.556367030973,54.2891651031895,0.8377305931554229,0.9970058538447989,0.9991651160289241
2587.jpg,19,31835,0.016580729166666665,521,472244.5,4229.827012062073,1.5029585798816567,0.305593411400498,0.9796932990064996,1655.879638671875,370.49688720703125,0.9746474276123742,775.4227054862945,346.203564727955,0.8368406752158382,0.9808529541449494,0.9946759209435002
2639.jpg,20,17239,0.008978645833333333,170,227977.0,3699.6087366342545,1.4438669438669438,0.17061362741708314,0.9823249841648749,1711.1468505859375,176.71017456054688,0.9946533578872188,538.7664908753032,154.734287054409,0.8663671317801676,0.9898580515383144,0.9976204243371204
2005.jpg,10,68177,0.035508854166666666,1075,839918.0,3957.129400372505,1.7322929171668668,0.6987560096803794,0.981531958703854,1362.691650390625,800.1372680664062,0.809460656874852,1034.1261102664744,730.7687617260789,0.8360266781522098,0.9593491623610055,0.9887618989061902
1604.jpg,2,6871,0.0035786458333333334,147,243929.5,3448.7505527734756,4.195439739413681,0.6168933477653914,0.9435723762847318,1186.93603515625,266.64935302734375,0.9744387091820325,557.2976633070301,74.48663227016887,0.8394775819802246,0.99585123500754,0.9988545100072252
3509.jpg,29,31208,0.016254166666666667,263,842181.0,4308.550751447678,1.1321626617375231,0.6353925082047607,0.9232866545232693,1121.2984619140625,1057.8245849609375,0.3316783798334974,1035.5183016367234,304.79197936210136,0.8535199323012038,0.9814963369738984,0.9953127675181912
2378.jpg,16,1876,0.0009770833333333333,42,71981.0,3833.1823283433914,1.5025693730729701,0.05060083260341112,0.8857619255640532,2033.91552734375,51.72062683105469,0.9996766283333309,302.73595040824233,23.7218574108818,0.8132502516391545,0.9988402498572458,0.999635194269817
3490.jpg,29,23400,0.0121875,235,883279.0,4165.923336625099,1.1205479452054794,0.6574144161242664,0.9447885112354744,1169.9923095703125,1063.34130859375,0.4171346459304021,1060.4837348277106,211.73452157598499,0.8648475255882663,0.9862360767857254,0.9967438482825949
2067.jpg,11,141638,0.07376979166666667,1355,609075.0,3643.8359018564224,2.325508607198748,0.6414327147271245,0.9682026712108832,1394.7393798828125,587.3294067382812,0.907012667934863,880.6238559734622,1399.8606941838648,0.8425556506863315,0.917715177428364,0.9784722927108562
2187.jpg,13,63476,0.03306041666666667,1071,675349.0,4054.3985112905502,2.200860832137733,0.631640725104237,0.9669862515499581,1367.747314453125,656.3898315429688,0.8773200382473161,927.2977155678468,674.9885084427767,0.83773826023416,0.9621610261243286,0.9896197135231634
3363.jpg,27,54935,0.028611979166666666,1116,985398.0,4446.491879224777,1.6357688113413305,0.7163925845147219,0.9331561841846089,1400.1552734375,911.4402465820312,0.7591149911006635,1120.1105753018046,627.0025797373359,0.8266376406777338,0.9668661159598905,0.9903576634002194
2369.jpg,16,244,0.00012708333333333332,10,60332.0,3768.6381734609604,1.4216380182002022,0.04338764819846189,0.8046036794761514,1981.33837890625,48.35507583618164,0.9997021473142208,277.15895838482624,4.134380863039399,0.7499682052543686,0.9998410520468398,0.9999364195727395
3373.jpg,27,137251,0.07148489583333334,1959,1003150.0,5041.947723507881,1.4146341463414633,0.6240326762582051,0.821132108831621,1479.9251708984375,939.415283203125,0.7726993704161591,1130.154966940852,1330.796200750469,0.8459196251732299,0.9203948618589868,0.979534398536732
1210.jpg,4,972,0.00050625,45,417767.5,2720.0987511873245,1.9261992619926198,0.7383033959649942,0.9953860339667956,1063.9432373046875,504.931640625,0.8802096076836029,729.3271567034557,16.537523452157597,0.7488439661564676,0.9993663587856735,0.9997456782909581
2151.jpg,12,49524,0.02579375,1022,977935.0,4521.3101996183395,1.4107468123861566,0.5749846249004881,0.9719618087046058,1662.35498046875,803.9510498046875,0.8752770923334381,1115.8608847793623,569.3245778611632,0.8258915493253667,0.9700689272953529,0.9912446624756072
2653.jpg,20,32165,0.016752604166666667,427,272414.0,3694.0208702087402,1.5622171945701357,0.22314310896753287,0.9842115151164808,1581.1529541015625,220.20230102539062,0.9902548788870067,588.9382627572135,314.2129455909944,0.8534108946379917,0.9809317014127039,0.9951678875282042
2397.jpg,16,1033,0.0005380208333333334,29,75474.5,3805.106204509735,1.4372509960159363,0.052095498808646216,0.9460387693580431,2334.7978515625,49.19041061401367,0.999778037027967,309.99535160888144,14.639774859287055,0.7907876594240729,0.9993491757235177,0.9997748627493728
1534.jpg,8,49862,0.025969791666666665,343,568193.0,3685.756818652153,1.9098360655737705,0.5552360124142999,0.9778299033430251,1399.7261962890625,540.5789794921875,0.922413656672712,850.5561690104342,368.50211069418395,0.8880499081967073,0.9714646232280796,0.9943330035571283
2068.jpg,11,120051,0.0625265625,1298,634453.5,3732.3039383888245,2.31306990881459,0.6335184268020402,0.9758751218971972,1422.730712890625,605.4896240234375,0.9049195201924363,898.7832249745378,1198.902673545966,0.8428202317022522,0.9298386804792619,0.9815627183965496
3086.jpg,22,7937,0.004133854166666667,87,890543.0,4059.840078830719,1.5607966457023061,0.6269195624657692,0.9830765553910121,1504.6451416015625,770.8968505859375,0.8587799400318633,1064.8354632933138,67.30229831144467,0.8743700963465953,0.9953528976003929,0.9989649940283665
1245.jpg,4,1547,0.0008057291666666666,47,286398.0,2204.871271252632,2.0336538461538463,0.8137786415711947,0.9940595502751558,862.4971313476562,430.8117370605469,0.8663176167725288,603.8652657116993,20.875234521575987,0.8007443308672539,0.9990334844148548,0.999678970957439
1087.jpg,1,44449,0.023150520833333334,714,850523.5,4634.145763397217,1.3544303797468353,0.5133568688329466,0.9698510655523666,1643.79736328125,671.7093505859375,0.9126989200120063,1040.6344958373027,469.625,0.8404167321347041,0.9734337032945078,0.9927778888444623
3386.jpg,27,139625,0.07272135416666667,2010,1035205.0,4963.226939201355,1.324932493249325,0.6330011397878919,0.8384562177643003,1415.59814453125,1019.913818359375,0.6934730252176072,1148.0696594316757,1427.3102720450281,0.837338189912516,0.9184704624029573,0.9780501603659301
3552.jpg,30,10020,0.00521875,220,802622.0,4596.786254405975,1.16991643454039,0.5914592268352714,0.7791202278859347,1119.92333984375,1083.881591796875,0.25165247311921846,1010.9055692172369,127.14915572232646,0.8117916243707852,0.9938103169613575,0.998044641286219
2032.jpg,10,93844,0.048877083333333335,1377,980579.5,4327.881705522537,1.6813063063063063,0.7396223668410541,0.9869115243401665,1441.0184326171875,877.57861328125,0.7931710803305937,1117.3686035309179,969.0717636022514,0.839806056086196,0.94460978835767,0.9850971647709801
2400.jpg,16,41,2.1354166666666666e-05,2,62537.0,3964.4026769399643,1.4441233140655105,0.040191855585162105,0.49086741862308775,1661.5030517578125,187.45013427734375,0.9936154862510311,282.1782794778912,0.7455440900562852,0.7317015842010381,0.999972899884089,0.9999885346770514
1113.jpg,1,40479,0.0210828125,606,735592.0,4396.74165225029,1.4149253731343283,0.5147203504278887,0.9668588312920771,1534.23583984375,624.0936889648438,0.9135269554355446,967.7731258878952,412.8958724202627,0.8462588889284267,0.975903993868968,0.9936502956906428
3173.jpg,23,26594,0.013851041666666666,614,541933.5,3987.2685627937317,1.1473880597014925,0.41100404987258826,0.9715325745366279,1493.3736572265625,488.9415588378906,0.9448832766457593,830.6691054907083,334.9526266416511,0.8115568430886202,0.9836361994671905,0.9948489430898158
2040.jpg,10,74024,0.03855416666666667,1115,1016357.5,4369.774058461189,1.4007897334649555,0.7070573732457615,0.9816227780004539,1441.4278564453125,913.066162109375,0.7737872101504226,1137.5704640101062,760.3871951219513,0.842359548989817,0.9561710036115029,0.9883064128945045
3177.jpg,24,66803,0.03479322916666667,1108,445796.0,3528.747586607933,3.2263736263736265,0.6674192292720903,0.9819684480882502,1326.192626953125,435.16094970703125,0.9446332664004614,753.3957101581855,723.109990619137,0.8345307952026614,0.9601027878055088,0.988879679041935
3109.jpg,22,8933,0.004652604166666667,56,906413.0,4132.30097079277,1.4858012170385395,0.6274969020207825,0.9874134908989103,1579.239013671875,749.10791015625,0.8803377477394916,1074.2815624695572,70.55558161350845,0.8829207368299844,0.9948107579208845,0.9989149635282271
2016.jpg,10,82007,0.042711979166666664,1214,791742.5,4046.082716822624,1.8748451053283768,0.6484425356124656,0.9735261099286463,1371.630126953125,760.6053466796875,0.8321660204140475,1004.0308064235278,838.9404315196998,0.8423227460575015,0.9515463482434775,0.9870983847765555
2082.jpg,11,138228,0.07199375,1641,563549.0,3618.8897248506546,2.326923076923077,0.6219858109062655,0.9813532965205474,1400.2960205078125,568.8231811523438,0.9137769159762484,847.0731209263791,1405.7572701688555,0.8383023019509704,0.9193205483078134,0.9783816124293536
2512.jpg,18,12487,0.0065036458333333335,361,1001132.0,4092.006598830223,1.6929824561403508,0.7109666166712117,0.9901536711708927,1454.0291748046875,880.870361328125,0.79560676321922,1129.0176490647978,166.52743902439025,0.8019464893428605,0.9922272206199543,0.9974390637741152
3522.jpg,30,61113,0.0318296875,988,757444.5,4298.4603497982025,1.0390697674418605,0.6307963606837251,0.8395495029669027,1087.1298828125,979.2349243164062,0.4343328130494112,982.0429167516829,701.8958724202627,0.8249687452542975,0.9631468608531465,0.9892059195949272
1406.jpg,7,17951,0.009349479166666667,336,710771.5,5784.551958680153,1.101985559566787,0.5253812640996757,0.7077920493681846,1120.507080078125,978.285400390625,0.487588042452817,951.3056191733174,219.59662288930585,0.8178041609552078,0.988988718818187,0.9966229412405914
3520.jpg,30,51382,0.026761458333333335,939,888157.5,4564.813606142998,1.1221922731356693,0.6388992595693805,0.8378306863333296,1159.7828369140625,1114.91796875,0.27544738972100435,1063.4083180759499,618.5982645403378,0.8174822043837261,0.9687388803283354,0.9904869088589128
3518.jpg,30,52147,0.027159895833333333,927,773600.5,4479.607540845871,1.1245098039215686,0.6612309178248457,0.831407873758491,1088.570068359375,1008.9558715820312,0.3753985065209858,992.460955618353,599.891885553471,0.8255266381960119,0.9684952019853921,0.9907745842347143
2635.jpg,20,28968,0.0150875,332,235810.5,3616.582270503044,1.5949074074074074,0.1980615525721658,0.9756491625844036,1677.974609375,194.03271484375,0.9932917648472108,547.9445717075506,268.531425891182,0.8611319072972186,0.9829289666669154,0.9958703991343281
1556.jpg,2,4035,0.0021015625,113,385405.5,3504.965844273567,2.9794520547945207,0.6742691439668294,0.9627471625718022,1198.08154296875,414.87933349609375,0.9381288480216535,700.5094741389496,50.76477485928706,0.8139830548085643,0.9975083978613013,0.9992193157374084
3283.jpg,26,32810,0.017088541666666665,545,536294.5,4473.3720380067825,1.2240896358543418,0.38195410378745953,0.6458764885540311,1109.6417236328125,953.6961059570312,0.5111978039902022,826.3361089919596,352.4390243902439,0.8387545616018522,0.9803038471112014,0.9945800291515663
3461.jpg,29,117342,0.061115625,1646,928955.5,4136.283726215363,1.0896309314586994,0.6583107744203186,0.9628297772222326,1206.363037109375,1089.0120849609375,0.43022151177754564,1087.558218165458,1221.811210131332,0.8363652485511892,0.930986081522041,0.9812104202914014
1202.jpg,4,1189,0.0006192708333333333,48,215900.0,1973.214412689209,1.9607329842931938,0.7545837731285693,0.994161202387092,761.5989990234375,363.8564147949219,0.8784940578990712,524.3018383606161,19.045262664165104,0.7635204105165408,0.9992340296987331,0.9997071131137674
1199.jpg,4,908,0.0004729166666666667,36,280926.0,2223.557558655739,2.16,0.8128645833333333,0.9944688013848352,872.3869018554688,418.80133056640625,0.8772336020823294,598.0686351450562,13.148686679174483,0.7862424596108737,0.9994257622182335,0.99979779339527
3004.jpg,21,99289,0.05171302083333333,1677,971575.5,5568.302183747292,1.3961904761904762,0.6311800818553888,0.9579954357012174,1540.971435546875,832.6614990234375,0.8414413657450085,1112.2267517443727,1082.7333489681052,0.8303262124684667,0.9410051362830892,0.9833492241723601
3254.jpg,25,47273,0.024621354166666668,858,510907.5,3449.72529232502,2.0756676557863503,0.5418320207524239,0.995592099686361,1424.759765625,470.03009033203125,0.9440154321890133,806.5405338244199,498.36233583489684,0.840527789267641,0.9717690101879823,0.9923359527598976
3403.jpg,28,68947,0.03590989583333333,816,787001.0,3968.124350309372,1.626560726447219,0.6233804604138069,0.9948770847989422,1528.246337890625,667.541748046875,0.8995574565864526,1001.0198773981053,663.6697936210131,0.8526844734741391,0.9594870255196004,0.989793777971565
1281.jpg,5,30103,0.015678645833333334,466,435928.0,7334.033402085304,1.0731930466605673,0.3400138367929216,0.5036867059630296,957.2473754882812,919.1526489257812,0.27930001625255696,745.0105826478641,351.76125703564725,0.8248440081429033,0.9817000488207236,0.9945904521724287
1462.jpg,9,38502,0.020053125,504,524032.5,4534.273623228073,2.4974446337308347,0.6089563321720497,0.9193326830569074,1367.3408203125,522.732666015625,0.9240387855298897,816.8346844536103,401.50938086303944,0.8429872985363493,0.9770042805107466,0.9938254024411306
2249.jpg,14,163367,0.08508697916666667,1493,798593.5,4289.2929537296295,1.3623978201634876,0.483556463820769,0.9872159073349528,1679.4034423828125,618.9901123046875,0.9295970732861275,1008.3654220412659,1557.034943714822,0.8462911652829911,0.9060052528742913,0.9760551941728721
1157.jpg,3,105914,0.05516354166666667,1971,830241.5,3720.0726146698,1.0657894736842106,0.688097144315816,0.9616316342693002,1065.6817626953125,1050.0660400390625,0.1705632486119313,1028.1518902770342,1277.9981238273922,0.8115676718427469,0.9361783450996285,0.9803463518619108
2282.jpg,14,142822,0.07438645833333334,1769,844624.0,4303.653348207474,1.4098513011152416,0.5174466333229594,0.9817202513857716,1643.6912841796875,670.7264404296875,0.9129546292550582,1037.0191306009701,1536.769699812383,0.8284758957223716,0.916045632695711,0.9763668424966571
1306.jpg,5,17536,0.009133333333333334,333,496062.0,8881.934104800224,1.147644927536232,0.35464208503483063,0.49264110020020974,1015.2542724609375,961.0070190429688,0.3225048376677592,794.7362801838194,207.87124765478424,0.8234895086199434,0.9892938813246488,0.9968032595015104
1073.jpg,1,41317,0.021519270833333333,714,765109.5,4330.984295964241,1.5235655737704918,0.5271847128667027,0.9751406582468206,1574.1961669921875,628.590576171875,0.9168164396114475,986.9993269767452,458.5096153846154,0.8326627154355887,0.9751206580561291,0.9929488263866051
1084.jpg,1,25410,0.013234375,500,676382.5,3999.4208055734634,1.3125618199802176,0.5041622037020059,0.9760554305310938,1464.5662841796875,597.0054931640625,0.9131458634316012,928.0069753869478,303.7753283302064,0.8212455682131286,0.9844874742912174,0.9953284020494847
2248.jpg,14,212829,0.1108484375,1334,847435.5,4233.102055907249,1.4660766961651917,0.5588664731753352,0.9813585583874618,1613.1241455078125,688.2752075195312,0.9044063492705534,1038.7436595293445,1811.9432457786115,0.8587165781786835,0.880727609144638,0.9721350960265338
3156.jpg,23,31251,0.0162765625,528,487096.0,4587.348863124847,1.4142455482661669,0.3025247453113248,0.9383959481614339,1667.5677490234375,394.37713623046875,0.9716318736061358,787.5213579848605,348.16909005628514,0.8328997413670505,0.9811377649430486,0.9946456941829993
1582.jpg,2,780,0.00040625,32,345842.0,3239.0419619083405,2.795774647887324,0.6816420493292811,0.9690178887894211,1125.7296142578125,396.0670166015625,0.9360633910037169,663.5809751871268,12.538696060037523,0.7627240591860356,0.9994971389116775,0.9998071741140461
2321.jpg,15,120560,0.06279166666666666,2125,909785.0,4398.207605600357,1.3491620111731844,0.5846098188823474,0.9736172972417646,1642.214599609375,721.9752807617188,0.8981764441071063,1076.277956295157,1362.109052532833,0.8221269921344017,0.9282913929624083,0.9790528549728903
1063.jpg,1,25623,0.0133453125,506,783163.0,4530.16300702095,1.4825581395348837,0.4959992653392106,0.962791489612806,1641.1549072265625,615.7027587890625,0.9269583247050218,998.5760369513301,292.8632739212008,0.8290800410316537,0.9844621635525115,0.995496212685369
1544.jpg,8,54693,0.0284859375,370,762410.0,3984.384230494499,1.6486796785304247,0.6095593385120679,0.9895086720394137,1515.8583984375,655.3882446289062,0.9017036990220532,985.2565966800403,401.23827392120074,0.8885836739702097,0.9687543420385224,0.9938295716494756
1126.jpg,3,78701,0.040990104166666666,1527,909261.0,3762.4918793439865,1.165719696969697,0.6994659737094749,0.9779034670116847,1158.736083984375,1037.63037109375,0.44509240629228763,1075.967964990333,954.499765478424,0.8134035190401089,0.9522970175884861,0.985321259719521
1218.jpg,4,1873,0.0009755208333333333,73,435015.0,2806.7190294265747,2.1996007984031936,0.7879250573263636,0.9939905631276491,1135.2735595703125,499.7633972167969,0.8978928500948095,744.2300051415334,29.55065666041276,0.7669909188897573,0.9987969761968147,0.9995455562904006
2101.jpg,11,142015,0.07396614583333333,1386,559211.5,3638.044051170349,2.2418096723868954,0.6071014865646818,0.9686133801694692,1352.0606689453125,577.6347045898438,0.904145137402216,843.8069658818108,1370.6489212007505,0.8462177558230605,0.9177670625633447,0.9789215249100244
3421.jpg,28,69214,0.03604895833333333,821,858754.0,4302.079750299454,1.3865147198480532,0.5585827836969389,0.9950984027513836,1639.778564453125,676.0794067382812,0.911048495643125,1045.6574735540794,662.5175891181989,0.8534863803637667,0.9593614802671112,0.9898114971070311
1001.jpg,0,6695,0.003486979166666667,66,204522.0,3625.2614294290543,1.8646232439335888,0.17890620899595863,0.9711811046056099,1746.10498046875,164.864013671875,0.9955326271319034,510.29942011364756,58.830206378986865,0.869897058248949,0.9960633087842724,0.9990952817891461
1028.jpg,0,4765,0.0024817708333333332,87,213934.5,3832.787459731102,1.3551756885090218,0.1423732772716655,0.9445315190421107,1806.593994140625,161.58709716796875,0.9959919470599078,521.9098249536453,56.11913696060037,0.825800354613091,0.9970874552427327,0.9991369738725956
1301.jpg,5,11156,0.005810416666666667,279,341951.5,7046.001875758171,1.097902097902098,0.3108370246677799,0.42974738706063254,919.4459838867188,866.911865234375,0.33317985622886015,659.8379893439798,149.3799249530957,0.8012827980373716,0.9930496028838324,0.9977027662019332
1117.jpg,1,44901,0.0233859375,664,751396.5,4370.925421357155,1.4643564356435643,0.5030134757897696,0.9723385601842716,1590.8731689453125,609.221435546875,0.9237699690908661,978.114378575223,478.9781894934334,0.8388380148438048,0.9731301268222168,0.9926340511565614
3583.jpg,31,123431,0.06428697916666666,1968,793656.0,4607.937615633011,1.3947606142728093,0.464341379165087,0.9402866510871594,1618.2149658203125,665.9673461914062,0.9113897009433702,1005.2433556688303,1366.7856472795497,0.8253890388147479,0.926846283543966,0.9789809361289399
1206.jpg,4,877,0.00045677083333333333,26,264213.0,2156.812393426895,2.007177033492823,0.7533832142388694,0.9939826005172819,855.2814331054688,397.6160888671875,0.8853658055274062,580.0055515536998,11.589821763602254,0.8049279448132767,0.9994539009801593,0.9998217663432536
3289.jpg,26,28516,0.014852083333333333,371,553981.0,4604.81063914299,1.1231617647058822,0.41667243308943874,0.6623374139021501,1061.0673828125,961.014404296875,0.4239077974447585,839.8514846280443,301.8775797373358,0.8414507258576603,0.9829028665820991,0.9953575865078994
3479.jpg,29,27284,0.014210416666666666,208,695457.5,3997.5486656427383,1.1100196463654224,0.6045669106525028,0.9023618542950118,1069.5372314453125,979.6326293945312,0.4013137444986833,941.0015890967743,254.36608818011254,0.8604627325115275,0.9839051032399525,0.9960882402703516
2085.jpg,11,116877,0.0608734375,1485,607766.0,3497.777023792267,1.9752906976744187,0.6500226739907935,0.9792545293861271,1327.716796875,627.44384765625,0.8812912313514947,879.6770459353313,1159.0499530956847,0.844193370602184,0.9317137147383587,0.9821755920232571
2147.jpg,12,37060,0.019302083333333334,673,983433.0,4458.908185482025,1.504407443682664,0.6270870317091087,0.9730308140820558,1589.905029296875,850.4840087890625,0.8448979297638541,1118.9932015868262,407.5415103189494,0.8345541484835909,0.9776960601299985,0.9937326375554556
3286.jpg,26,23742,0.012365625,279,543068.5,4441.9060879945755,1.0664845173041895,0.42237225045459564,0.6899840421612199,998.6993408203125,966.3646240234375,0.2523992809786579,831.538507647125,240.74296435272046,0.8485173619275729,0.9858351162735418,0.9962977429896854
3602.jpg,31,88139,0.045905729166666666,1654,669293.0,4433.736602544785,1.3848288621646623,0.41358881809255266,0.935639021014703,1606.4537353515625,564.6864624023438,0.936183680742503,923.1307137206687,1039.8306754221387,0.8175534565375475,0.9468978531058182,0.9840090013929483
2515.jpg,18,9400,0.004895833333333334,249,1088156.5,4098.141588807106,1.2941176470588236,0.7568962950803252,0.9907368501557591,1324.2537841796875,1051.1866455078125,0.6081848100716368,1177.0657953829973,119.28705440900563,0.8118442019215125,0.9941926842895328,0.9981655483282225
3124.jpg,23,25810,0.013442708333333333,346,656989.5,4443.390491485596,1.3604541154210028,0.43223960272795575,0.9429147150866612,1756.2713623046875,542.6368408203125,0.9510714740204891,914.60647924437,271.7847091932458,0.8425155209614401,0.9845290288540831,0.9958203686341887
2210.jpg,13,64058,0.03336354166666667,1040,672126.0,3840.9040046930313,1.632438739789965,0.5605987941044737,0.9597124829190351,1386.14111328125,669.2442016601562,0.8757245692174259,925.0823759237153,698.5070356472795,0.8335579844613621,0.9616826328255913,0.989258034699239
2371.jpg,16,126,6.5625e-05,5,59770.5,3635.2828376293182,1.2677165354330708,0.045674869785298576,0.7285797871692041,2040.5921630859375,49.2704963684082,0.9997084622740936,275.8662070797963,2.033302063789869,0.7618891261062885,0.9999187006831236,0.9999687309374129
1104.jpg,1,34117,0.017769270833333333,613,522469.0,3730.075574040413,1.8587105624142661,0.5289245238131394,0.9621072965206479,1362.0987548828125,503.1438293457031,0.9292749971394527,815.6152228215433,391.47842401500935,0.8276355310459242,0.9793300429729483,0.9939796631498937
1573.jpg,2,1917,0.0009984375,74,386857.5,3348.029769897461,2.836244541484716,0.650244057403915,0.9739847755673915,1204.6268310546875,410.011474609375,0.9402937956627474,701.8278045057657,29.686210131332086,0.7712895009212174,0.9987730200160347,0.9995434716862281
3136.jpg,23,28467,0.0148265625,374,504447.0,4305.417845129967,1.4653658536585366,0.3276587314475009,0.7792480431790482,1813.8905029296875,489.0585021972656,0.9629672086557278,801.4248989287884,294.422138836773,0.8451042474315907,0.9829858623349639,0.9954722397373854
2132.jpg,12,22094,0.011507291666666667,373,771704.5,3899.573049545288,1.865,0.6465352714477212,0.9723786597078848,1367.2618408203125,753.8187255859375,0.8342842361455161,991.2440094396921,221.49437148217635,0.850363552216388,0.9868340780915079,0.9965937567821768
2354.jpg,16,2238,0.001165625,49,68379.0,4085.8585183620453,1.3808630393996248,0.04357704033771107,0.7831524695776664,2212.81884765625,48.88493347167969,0.9997559485817135,295.0641401957305,27.991791744840526,0.8152447423218139,0.9986189066654945,0.999569529238384
2380.jpg,16,415,0.00021614583333333333,7,64032.5,3753.4493581056595,1.3697148475909537,0.045198954457637254,0.7231347792452724,1707.0343017578125,65.61003112792969,0.9992610986230993,285.53232942742983,5.286585365853658,0.8120075335707675,0.9997430856644299,0.9999187004372735
1311.jpg,5,13212,0.00688125,277,520511.5,7583.388738393784,1.1571164510166358,0.38423660774922785,0.5186645355887683,1023.21435546875,958.1802978515625,0.3508239988392915,814.085883239242,162.18972795497186,0.8176209983179887,0.9918849070684131,0.9975057711076344
2381.jpg,16,308,0.00016041666666666667,12,64717.5,3987.8168946504593,1.3790849673202614,0.04091209943693117,0.6183712664105945,1592.5126953125,82.9408187866211,0.998642825655025,287.0555351084488,4.947701688555347,0.7629489622680107,0.9998014473479104,0.9999239119477047
2602.jpg,19,26144,0.013616666666666666,165,374459.5,4075.483854174614,1.4431372549019608,0.24940024243393008,0.9903349254457651,1702.2069091796875,284.00775146484375,0.9859828345805453,690.4901471431411,211.66674484052533,0.8788961434954504,0.9848230109864254,0.9967448905846812
3388.jpg,27,118834,0.06189270833333333,1868,999741.5,4893.126434206963,1.3167870036101084,0.618433017521026,0.8525612872910792,1434.8631591796875,978.7608032226562,0.7312324858606654,1128.2333146618428,1222.6923076923076,0.8381691834636246,0.9302463755710186,0.9811968703642804
2222.jpg,13,148677,0.0774359375,1733,935165.0,4373.864459514618,1.3818181818181818,0.6197331972590757,0.9574447390783533,1487.2259521484375,846.8406982421875,0.8220539734159015,1091.186995364341,1496.171435272045,0.8390528882196713,0.9135421024059097,0.9769911814463131
1022.jpg,0,10236,0.00533125,101,368809.5,3937.743749976158,1.5706860706860706,0.2537245920766768,0.9489917222675378,1770.0069580078125,302.2301025390625,0.9853142466227246,685.26114720886,89.19418386491557,0.8707446303245346,0.9939909145663487,0.9986283304545118
3601.jpg,31,168002,0.08750104166666667,1985,723243.0,4516.883792519569,1.3657870791628755,0.43843564405652524,0.9317716264580612,1646.1966552734375,617.1778564453125,0.9270606553324233,959.6153333773348,1752.9774859287054,0.8312767595684661,0.9022132460895559,0.9730418988415602
2413.jpg,16,462,0.000240625,14,67281.0,3840.4716563224792,1.5950323974082072,0.04919273350481318,0.7615366331254457,1749.796630859375,64.38052368164062,0.9993229029572732,292.6855476604994,6.574343339587242,0.789992725439972,0.9997086927406913,0.999898896697635
2514.jpg,18,14482,0.0075427083333333336,382,981651.0,4075.722323536873,1.7610419026047566,0.7149341072709595,0.9928875079272123,1468.0626220703125,851.6083374023438,0.8145524403423513,1117.9789230253034,181.98053470919325,0.8131874777043363,0.991074308248912,0.9972014188984529
3537.jpg,30,29749,0.015494270833333334,510,804656.0,4188.463316440582,1.092783505154639,0.6467661531586131,0.8600124193994868,1072.3939208984375,1049.34716796875,0.2062038278516524,1012.185674226037,349.3890712945591,0.8239879809877676,0.98190047603522,0.994626932745447
1564.jpg,2,4875,0.0025390625,102,346597.5,3534.3384256362915,3.2481389578163773,0.6570232424122368,0.9602222434621442,1187.68310546875,373.5970458984375,0.9492377461246871,664.3053839209385,51.17143527204503,0.8447337278106508,0.9970683417446145,0.9992130619248909
3570.jpg,31,115457,0.06013385416666667,1801,695438.0,4317.570084452629,1.3513513513513513,0.4469826782787544,0.9408064329569997,1609.2978515625,591.2685546875,0.9300599558697016,940.9883965870845,1294.874530956848,0.8239329268932615,0.9313331016607415,0.9800868186424376
2468.jpg,17,55826,0.029076041666666667,1136,914170.5,4761.5284605026245,1.6670258620689655,0.6367792640929051,0.9121505426233606,1581.6082763671875,778.7623291015625,0.8703767463622493,1078.8688665590068,687.5272045028142,0.8128474946533238,0.9659415178913539,0.9894268876372095
2294.jpg,15,55644,0.02898125,1074,695564.5,4075.229906797409,1.8323057953144266,0.5771620202033613,0.954796532577437,1467.468994140625,640.1094360351562,0.899849921128971,941.0739754737356,623.0715290806754,0.8298549148237808,0.9665365813608718,0.9904181169212211
1557.jpg,2,1394,0.0007260416666666667,44,389058.0,3628.2278139591217,2.9638009049773757,0.6719249766847432,0.9623228841637387,1219.865478515625,416.1024475097656,0.9400251317980952,703.8210218482914,19.113039399624764,0.7975573739300112,0.9991267271110041,0.9997060708116812
1358.jpg,6,18372,0.00956875,219,403956.0,3290.1445556879044,2.0325077399380804,0.4762520071964329,0.9610871936646986,1278.278076171875,426.07366943359375,0.9428143028349462,717.169961398996,169.37406191369604,0.862662825348331,0.9891591956909725,0.9973952870864932
1316.jpg,5,19755,0.0102890625,373,472392.0,7530.435426712036,1.18664047151277,0.38413848735997086,0.521285734858153,980.6788940429688,899.0399780273438,0.399455345308131,775.5437931003852,238.3030018761726,0.8201682849210069,0.9879117573692641,0.9963352658647899
2403.jpg,16,3542,0.0018447916666666667,76,56445.0,3585.5599690675735,1.4693218514531754,0.04451200037852352,0.8071643071643072,1842.1497802734375,47.82655334472656,0.9996629211547131,268.0820883658143,45.54596622889306,0.8099258132745731,0.9978050797140268,0.9992995729980486
2233.jpg,14,94467,0.0492015625,874,477875.5,3353.0247176885605,2.733201581027668,0.6828763443165028,0.9834276030321333,1251.18701171875,488.2264099121094,0.9207256393836867,780.0320404060901,876.5565196998124,0.8560058827776769,0.9450314270210156,0.986519907118694
3191.jpg,24,109278,0.056915625,1272,513915.0,4353.927509903908,1.5496417604913,0.3474328309371827,0.9517755216185082,1621.802001953125,440.3463439941406,0.9624337255830878,808.9109349196432,1093.78095684803,0.8434032244468399,0.9359735347290982,0.9831793289323035
2651.jpg,20,26479,0.013791145833333334,302,221022.5,3638.4990137815475,1.5672853828306264,0.18979023873353243,0.815533031260147,1819.26611328125,222.3257293701172,0.9925047239679158,530.4852375667276,241.82739212007505,0.8633661937060328,0.9844166627096612,0.9962810661563055
1293.jpg,5,22014,0.011465625,473,377123.0,7068.76428437233,1.1363163371488034,0.3593660068686083,0.4697002060651275,988.1181030273438,789.5603637695312,0.6012584038997436,692.94149596424,267.1081144465291,0.8188998345722551,0.9865225578802913,0.9958922874781391
2246.jpg,14,162096,0.084425,1492,810589.0,4104.030981898308,1.3371428571428572,0.5498500881834215,0.9894251161882326,1571.0679931640625,662.2673950195312,0.9068099878343823,1015.9104140264194,1533.3808630393996,0.8475497244364306,0.9068032186155658,0.9764189576009689
2102.jpg,11,121129,0.06308802083333333,1889,840863.5,4075.5385624170303,1.7609467455621302,0.66875318126869,0.9743363790633149,1424.34521484375,800.58984375,0.8270857872783633,1034.708007084325,1375.6643996247656,0.8211441221447047,0.9279045467793926,0.9788443945556429
1602.jpg,2,4224,0.0022,109,190272.5,2749.0205416679382,3.7847682119205297,0.5512173147230768,0.9519241352397915,1101.693115234375,231.1826629638672,0.9777350801411341,492.2016571240097,52.39141651031895,0.8165943613150333,0.9973975524633728,0.9991943004873386
3325.jpg,26,38628,0.02011875,669,554017.0,4728.644115924835,0.9798598949211909,0.4335377314934369,0.6949052091832543,1046.055419921875,936.4050903320312,0.4457101756749917,839.8787727139796,419.4024390243903,0.8365141343109538,0.976800702882189,0.993550234690364
1082.jpg,1,31456,0.016383333333333333,560,828109.5,4571.552837371826,1.4161958568738229,0.5184601890251233,0.9665301487185831,1653.421630859375,651.7515869140625,0.9190317399364109,1026.8309319312812,351.3545966228893,0.8324516552499401,0.9810077265845352,0.9945967059849462
3045.jpg,21,30421,0.015844270833333333,403,586030.0,4974.82491505146,1.7914438502673797,0.584673557346955,0.8996862773394292,1197.7337646484375,688.4474487304688,0.8182997497829112,863.8035484999743,285.27227954971863,0.8594127333493683,0.9820521780859616,0.9956129505190277
3356.jpg,27,75502,0.03932395833333333,1342,706872.0,4711.050311207771,1.1746987951807228,0.6065904644217898,0.7875010862130047,1234.6988525390625,800.9605712890625,0.7610363355609159,948.692459897323,840.9737335834898,0.8289285695821601,0.9547951068514257,0.9870671157139684
2318.jpg,15,131925,0.0687109375,2143,926086.0,4873.1579620838165,1.434699714013346,0.5865963154277607,0.9586082218381935,1593.578369140625,753.558349609375,0.8811312130555156,1085.8772108418189,1446.2877579737337,0.8263069274670155,0.9220623970216255,0.9777583157817837
2386.jpg,16,41,2.1354166666666666e-05,2,64117.5,3526.6066467761993,1.4883977900552485,0.05259693117917041,0.9052947405577126,1820.3802490234375,48.62261199951172,0.9996432205546083,285.7217816505364,0.7455440900562852,0.7317015842010381,0.999972899884089,0.9999885346770514
3610.jpg,31,86585,0.045096354166666665,1654,689021.0,4353.001546382904,1.418426103646833,0.44739415457418985,0.9381896215425737,1546.409423828125,621.7628173828125,0.915609504826464,936.6369544028073,1017.3287992495309,0.8184520679218423,0.9478517365455188,0.9843550456855791
2111.jpg,11,91699,0.047759895833333336,1344,596012.0,4166.83502304554,1.372443487621098,0.5031866438717575,0.9731586690200522,1397.8145751953125,577.08203125,0.9108008860556165,871.129179592036,1002.1468105065666,0.8306624559675598,0.9454173679499107,0.9845885213528963
1400.jpg,7,10161,0.0052921875,216,661595.5,6061.086012482643,1.203373945641987,0.4829065537346682,0.6605231406811042,1116.1451416015625,963.8228149414062,0.5043005378978455,917.8069258939117,129.79244840525328,0.8105309650640459,0.9937167781569847,0.9980039915048557
1045.jpg,0,16705,0.008700520833333333,383,389928.5,4058.2777885198593,1.3085972850678733,0.24403628671385566,0.9467006893973146,1837.1439208984375,311.77154541015625,0.9854949979652207,704.6079660486851,210.6500938086304,0.812313931997345,0.9897022952630187,0.9967605251159747
3304.jpg,26,28171,0.014672395833333334,411,604979.5,5020.23913025856,1.2171171171171171,0.40342455705150004,0.6231624454134977,1140.171875,975.2633666992188,0.5180254244834938,877.6581470903727,296.86210131332086,0.8422042719587796,0.9831192412804537,0.9954347168622808
3412.jpg,28,86792,0.04520416666666666,1053,898178.0,4592.211782455444,1.5601617795753286,0.5885728103106956,0.9925858145823733,1604.7403564453125,718.7536010742188,0.8940866576806236,1069.3903626885456,852.766885553471,0.8481648479704383,0.9490440532463144,0.9868857551509631
1228.jpg,4,758,0.00039479166666666666,33,264109.0,2166.7291313409805,2.0698254364089776,0.7935252230868611,0.9941411285996864,846.2531127929688,404.87518310546875,0.8781242094920692,579.891388900076,12.809803001876173,0.750561092618641,0.9995065160687197,0.9998030049057012
3065.jpg,22,4400,0.0022916666666666667,48,848303.0,4051.614683151245,1.468459152016546,0.6177833287210336,0.9823978506142136,1524.2252197265625,723.84619140625,0.8800427278149842,1039.275192390097,41.072701688555355,0.8619561790069521,0.9973931376858726,0.9993683649357403
1074.jpg,1,44059,0.022947395833333332,816,684229.0,4245.119294643402,1.4523076923076923,0.49560263653483994,0.9675279591285547,1503.0194091796875,594.6505126953125,0.9184068497647754,933.3742124435385,504.8689024390244,0.8269579024247757,0.9733586417050973,0.9922358917596189
1221.jpg,4,470,0.00024479166666666665,21,359695.5,2539.5646979808807,2.2314606741573035,0.814002511965783,0.9934240416044675,1006.8318481445312,465.484375,0.8867101117038707,676.7411134719737,8.065431519699812,0.7467464775157381,0.9996930578986425,0.9998759660517377
3141.jpg,23,22255,0.011591145833333334,237,413859.0,3990.4817757606506,1.5021186440677967,0.3091748643350625,0.7441840810825634,1709.8797607421875,468.14788818359375,0.9617895119024725,725.907462934877,184.0138367729831,0.8765733921794606,0.9870412202536293,0.9971701498358658
1373.jpg,6,16710,0.008703125,189,485458.0,3468.7273782491684,1.4136363636363636,0.443454033908214,0.9720182687167248,1381.237060546875,474.4119873046875,0.9391640474533725,786.1961097003995,157.91979362101316,0.8593375690784358,0.9901069838623968,0.9975714361390673
1388.jpg,7,13682,0.007126041666666667,401,623813.5,5199.508243441582,1.1323529411764706,0.5295081062728122,0.68117973233863,1057.1341552734375,937.983642578125,0.46121362048935804,891.2149105236336,193.7736866791745,0.7895386272914148,0.9913977932127513,0.9970200583354478
3277.jpg,25,19992,0.0104125,258,492838.5,3890.9944024086,1.57816091954023,0.4125863324710551,0.9911561109815058,1523.4381103515625,419.268798828125,0.9613834972285477,792.1499020816455,189.36819887429644,0.8587726481823439,0.9881676639927802,0.9970878079710531
2022.jpg,10,117900,0.06140625,1663,1036865.0,4300.256379365921,1.520703933747412,0.7306733922740078,0.987032681032702,1396.5028076171875,954.2330322265625,0.7301359484734432,1148.9897826141992,1242.8219981238274,0.8342877585804214,0.9305449499755717,0.980887306644668
3267.jpg,25,55200,0.02875,826,495731.0,3619.722325205803,1.555944055944056,0.4327903058240137,0.9904022695715584,1471.0450439453125,438.0735168457031,0.954629067722618,794.4710899404124,581.8632739212009,0.8398679624289596,0.9670837628870813,0.9910518365896535
2570.jpg,19,38444,0.020022916666666668,386,369000.0,4142.402692914009,1.414218009478673,0.2344256254526511,0.9875908804412845,1693.9559326171875,279.7757568359375,0.9862665894038578,685.438102243576,337.4603658536585,0.8678390392016433,0.9775321944028242,0.9948103779126247
3533.jpg,30,2902,0.0015114583333333334,78,587936.0,3655.9881410598755,1.3261904761904761,0.6282978541506369,0.8318032429709926,981.8426513671875,864.9387817382812,0.473238750841132,865.2071225859231,40.46271106941839,0.7939682038023228,0.9981772842814526,0.9993777456545164
2671.jpg,20,5452,0.0028395833333333333,112,163377.5,3651.102044224739,1.3615819209039548,0.15320111587781607,0.9457699332254675,1462.73046875,144.03475952148438,0.9951400407994969,456.09066392546237,66.96341463414635,0.8182657259641807,0.9966467169912886,0.9989702055387977
3619.jpg,31,164213,0.08552760416666666,1941,741702.0,4390.599524736404,1.3754716981132076,0.4799169190154515,0.9387349577526111,1568.869873046875,630.311767578125,0.9157442694264684,971.7840896048667,1684.1840994371482,0.8345159339237336,0.9045752253632169,0.9740998354590911
3302.jpg,26,25455,0.0132578125,332,568984.5,4978.675642848015,1.1787310098302055,0.3855010396616171,0.6400167601221577,1077.8624267578125,988.3992919921875,0.39888838228827567,851.1483805667283,268.8025328330206,0.8421009339612394,0.9847350030976203,0.9958662299259832
3084.jpg,22,1827,0.0009515625,49,910078.5,4097.1121517419815,1.4934010152284265,0.6281016746782982,0.9907665258665738,1561.1959228515625,754.181884765625,0.8755764447995776,1076.4515479171646,23.857410881801126,0.8071508051978882,0.9988647238976818,0.9996331096656444
3168.jpg,23,16267,0.008472395833333334,367,389727.0,4037.570082306862,1.4929116684841877,0.3104471738678464,0.9214406294774372,1421.0562744140625,382.0735168457031,0.9631776313376678,704.4258854208871,204.0079737335835,0.8133807068037474,0.9899802116355112,0.9968626707204259
2107.jpg,11,119155,0.06205989583333334,2017,803946.5,4253.656307578087,1.373904576436222,0.5547913631730657,0.9753501454933459,1534.132080078125,723.3682861328125,0.8818573446773145,1011.7393318693445,1361.6346153846152,0.8202327679707152,0.9289851472012044,0.979060151087494
1212.jpg,4,943,0.0004911458333333333,32,464763.0,2875.145431637764,2.248015873015873,0.813900096667087,0.9943762349122738,1159.625244140625,521.5971069335938,0.8931303185376335,769.2558940494043,13.216463414634147,0.7931114735375722,0.9994070073538849,0.9997967510931838
3189.jpg,24,136699,0.07119739583333333,1401,588518.0,4345.927513122559,1.419718309859155,0.3654755694661798,0.9802857816269914,1734.3907470703125,447.4171142578125,0.9661534918793144,865.6352525102293,1332.422842401501,0.8451563211286487,0.9206497299712438,0.9795093832866623
3257.jpg,25,83117,0.04329010416666667,1242,658155.5,4241.057459592819,1.3293687099725526,0.41442193927571375,0.99419860542964,1698.199951171875,495.57666015625,0.9564718266475152,915.41772387525,884.0119606003752,0.835971369643233,0.9506357181050975,0.9864052538892079
3367.jpg,27,107799,0.0561453125,1554,954008.0,4963.084805011749,1.3055045871559634,0.6150644393870038,0.8080807396333174,1410.5347900390625,979.588134765625,0.7195120532748733,1102.12554257385,1083.0044559099438,0.8429471274154869,0.9367891034768916,0.9833450549640154
1181.jpg,3,53385,0.0278046875,1219,831461.0,3760.6685022115707,1.1346341463414633,0.6974905102447413,0.9666577533889832,1073.638916015625,1019.7066040039062,0.3129584865799129,1028.9067135095597,650.453330206379,0.8150857020933665,0.9674714046720837,0.9899970268783813
3263.jpg,25,48124,0.025064583333333335,946,612185.0,4127.157952427864,1.3214620431115276,0.40691073933012956,0.9942749021454905,1627.857666015625,477.4230651855469,0.9560256540315134,882.8692715763165,570.2056754221389,0.8206834782596558,0.9707756667681493,0.9912311125484863
3370.jpg,27,124981,0.06509427083333333,1772,964133.5,5067.126432657242,1.4424357754519506,0.6051112899136141,0.8065191013576337,1481.4505615234375,915.8167114257812,0.7860293472493621,1107.9588884989907,1264.578330206379,0.840312036053706,0.9269011854199258,0.9805527276749857
3207.jpg,24,23516,0.012247916666666667,406,334567.0,3047.85610973835,3.273182957393484,0.6420473081632104,0.9764431025702015,1197.70263671875,372.6675720214844,0.9503601592406394,652.674447763515,244.33513133208257,0.84479802946019,0.9859238347503656,0.9962425009791147
3108.jpg,22,3578,0.0018635416666666668,57,869550.0,4014.3598452806473,1.4525773195876288,0.6362266138886247,0.9851187087586688,1501.7254638671875,744.9274291992188,0.868295284593311,1052.2097918782456,36.73499061913696,0.8482357296312074,0.997854159074634,0.9994350722692595
1058.jpg,0,17444,0.009085416666666667,376,449433.0,3984.152906060219,1.4295366795366795,0.292920754264441,0.9652853546851777,1733.4473876953125,365.8436584472656,0.9774753183584776,756.4627342499816,211.19230769230768,0.8197324147346393,0.989315816263369,0.9967521866992848
3492.jpg,29,30713,0.015996354166666667,281,1008426.0,4378.374125242233,1.2199095022624435,0.6770049814036548,0.9593937822725078,1290.435791015625,1086.10009765625,0.5400175901803985,1133.1230564855264,273.6824577861163,0.8663860563068233,0.9819921205620635,0.9957911841757741
2350.jpg,16,0,0.0,0,55072.5,3516.3223819732666,1.459308807134894,0.046903224652585264,0.7939122224064237,2215.573486328125,43.480712890625,0.9998074104049685,264.8027281344119,0.0,1.0,1.0,1.0
1014.jpg,0,11559,0.0060203125,134,255084.5,3766.641151189804,1.7,0.20287953742881684,0.9258528635672364,1685.981201171875,218.03274536132812,0.9916027851377889,569.8979493286466,111.15384615384616,0.8572593336213339,0.9931354108420899,0.998290624578571
3204.jpg,24,153956,0.08018541666666666,1188,550665.5,4359.2828496694565,1.4079189686924494,0.33162751566702436,0.9713224094608884,1681.3370361328125,440.8005065917969,0.965020997933123,837.33451530518,1418.4315196998123,0.8522067856563236,0.9116285234266441,0.9781867019392272
1166.jpg,3,55825,0.029075520833333333,1310,716261.5,3462.5436103343964,0.9034416826003824,0.7246163262415652,0.9593580273370792,1057.713134765625,891.6207885742188,0.5379600593210331,954.97249498157,715.6545497185741,0.8051875352833823,0.9657229260716113,0.9889943322714211
1547.jpg,8,19836,0.01033125,142,277632.0,2891.9982454776764,3.584795321637427,0.6621447583068601,0.9722131758921724,1089.3984375,325.5876159667969,0.9542940920921599,594.5519668489145,122.67589118198875,0.9077986131714093,0.9887645209331235,0.9981134332239106
2655.jpg,20,18652,0.009714583333333334,240,240287.5,3535.091943025589,1.4894561598224196,0.19872562527808976,0.9864504819613445,1616.4896240234375,191.9922332763672,0.9929216627597084,553.1216386162725,179.26946529080675,0.856800154141836,0.9889379829787807,0.9972431109819025
3154.jpg,23,27929,0.014546354166666668,411,380440.5,4179.650380373001,1.4910714285714286,0.25111186357443843,0.8449539144919489,1966.1248779296875,365.8254089355469,0.982537593034531,695.9826786772912,284.45895872420266,0.8475064791396574,0.9833398943159621,0.9956254581440623
3181.jpg,24,121804,0.06343958333333333,1580,595153.0,4230.623914480209,1.6681514476614698,0.44242583281048825,0.9728505529928305,1566.372802734375,513.6506958007812,0.9447042267154936,870.5011974533787,1251.2940900562853,0.8381548105155016,0.9285621913925415,0.9807570188838882
3566.jpg,31,71370,0.037171875,1506,679552.0,4233.888852357864,1.465863453815261,0.4673158386972548,0.9499779473798622,1528.0662841796875,603.2510375976562,0.9187753911754682,930.178735030999,877.0987335834897,0.8116724491790679,0.9565929201775483,0.986511568702004
2352.jpg,16,477,0.0002484375,12,72580.0,3767.0990731716156,1.4192893401015227,0.05270763890401807,0.8198536056388939,2250.9951171875,54.77496337890625,0.9997038925093569,303.9929705714889,6.1676829268292686,0.8091768813914597,0.9997040041451947,0.9999051505101524
1005.jpg,0,5934,0.003090625,127,238098.0,3545.7871305942535,5.041095890410959,0.5539430092316855,0.9119331728531952,1438.17333984375,252.86582946777344,0.9844215628477252,550.5958491692003,60.66017823639775,0.8487063657682652,0.9964446836993271,0.9990671396328177
3268.jpg,25,83605,0.043544270833333336,1281,587731.0,4153.040204167366,1.4423269809428285,0.409944018425234,0.9935902691782645,1634.5616455078125,454.95318603515625,0.9604845075521706,865.0562703470463,912.3426360225141,0.831657967837548,0.9501684905997538,0.9859695716171606
3389.jpg,27,90619,0.047197395833333336,1634,927744.5,4961.018790721893,1.5426515930113052,0.6352356394127108,0.8132502502660447,1489.0899658203125,870.9757080078125,0.8111020288025429,1086.8491085751284,971.3761726078799,0.8340038356878032,0.9461984955059517,0.985061726500048
2263.jpg,14,270498,0.140884375,1784,981196.5,4347.5629452466965,1.4080675422138837,0.6132225170711708,0.9873615857413691,1636.907958984375,778.305908203125,0.8797301922718327,1117.720083453695,2444.164634146341,0.8448046606537921,0.8494859055798023,0.962412502166113
3508.jpg,29,34862,0.018157291666666665,302,778625.0,4083.3547934293747,1.0922509225092252,0.6066627917123766,0.9129201132613042,1109.9052734375,1025.1971435546875,0.3831651379413058,995.6787335880064,333.66486866791746,0.8561729274734108,0.9793967040055859,0.9948687468294541
3580.jpg,31,179714,0.09360104166666666,2291,803334.5,4601.871600270271,1.4059040590405905,0.4862752539926974,0.9381126796254483,1714.47607421875,626.8550415039062,0.9307623090080763,1011.3541679599929,1910.1178470919326,0.8269730151101133,0.8953858433000249,0.9706253214546192
2181.jpg,13,69347,0.03611822916666667,1222,963032.0,4130.016698598862,1.4123076923076923,0.7173021991322645,0.988994591519268,1336.1478271484375,932.3580322265625,0.7162969670596843,1107.3257990516581,775.7047373358349,0.8287721002353053,0.9584068348462566,0.9880708526230149
2127.jpg,12,43931,0.022880729166666666,866,848806.0,3960.349739432335,1.8536880290205562,0.6695157167072491,0.9882840038958234,1414.961669921875,778.9749145507812,0.834817213548817,1039.583265067534,473.9627110694184,0.8370886957795663,0.9736644629325473,0.9927111815109431
1565.jpg,2,2334,0.001215625,81,368285.0,3469.9780354499817,2.9191011235955058,0.6371106555604571,0.9650555984282815,1202.0283203125,405.7679748535156,0.9413006440240379,684.7737040313314,33.075046904315194,0.7906622455363074,0.9985298173766685,0.9994913565819162
2212.jpg,13,84490,0.04400520833333333,1488,861480.5,4541.802622437477,1.6336528221512248,0.5980734171696429,0.9230003171378736,1486.510986328125,802.6851196289062,0.8416783151762552,1047.3161125554311,954.4319887429643,0.8256523869320657,0.9493944504648343,0.9853223020216073
2292.jpg,15,83844,0.04366875,1382,633787.5,3866.25934445858,1.6455542021924483,0.5714064828597214,0.9534266420156842,1310.678955078125,654.4788208007812,0.8664041887914968,898.3113647053771,922.1024859287054,0.8303200170984898,0.9499720662306118,0.9858194801167424
3101.jpg,22,10633,0.005538020833333333,69,944412.5,4220.710131406784,1.4660766961651917,0.6228208319072086,0.9879995836312688,1604.055908203125,780.4264526367188,0.8736620892100841,1096.5688950276663,78.95989681050659,0.8898249032831399,0.993863985410001,0.9987857180695336
3002.jpg,21,44637,0.0232484375,857,819351.0,5144.000664591789,1.631101021566402,0.6471982161095169,0.9623296017439009,1291.510009765625,824.7785034179688,0.7695258621479765,1021.3863589349039,483.7903377110694,0.8362791860145902,0.9732274484148182,0.9925600477084386
2610.jpg,19,36236,0.018872916666666666,558,428510.5,3955.1407099962234,1.3908045977011494,0.2826795251364217,0.9896579239402432,1723.4140625,322.64910888671875,0.9823189462868022,738.6450527379419,371.89094746716705,0.8456613598204273,0.9783952860579196,0.9942808884528163
1195.jpg,4,2777,0.0014463541666666668,68,327888.5,2419.245938539505,2.082608695652174,0.7440512389942816,0.9949371428918214,927.3930053710938,458.08966064453125,0.8694879287980254,646.1273902752424,31.787288930581614,0.8308679337042735,0.9983091021743784,0.9995111603215548
1026.jpg,0,7165,0.0037317708333333335,65,251596.0,3734.398511528969,1.7117852975495915,0.20012106084938264,0.9538588107284284,1650.8004150390625,206.8057861328125,0.9921219212485638,565.9876116110563,61.88015947467167,0.8720974158117143,0.9957956351330576,0.9990483781952655
2030.jpg,10,89245,0.04648177083333333,1271,899175.5,4219.680695176125,1.6580717488789238,0.6815715229960857,0.9737496284175433,1377.2843017578125,856.792724609375,0.782946932327134,1069.9840205615278,936.1322701688556,0.837685650411375,0.9471618645281652,0.9856037235848913
3407.jpg,28,73606,0.03833645833333333,922,868392.0,4380.1873952150345,1.3635531135531136,0.534070362142894,0.9938092347060516,1640.893798828125,678.9407958984375,0.9103847284595276,1051.508932311874,700.3370075046904,0.8540174693170763,0.9568531257298495,0.9892298925429106
3510.jpg,29,37567,0.019566145833333333,369,802998.5,4106.425864815712,1.0506787330316743,0.6259220285212077,0.922969807451817,1079.2608642578125,1062.163330078125,0.17729303057883675,1011.142643034611,369.2476547842401,0.852083130987408,0.9777338893025883,0.9943215382341796
2159.jpg,12,45841,0.023875520833333334,891,832857.0,4056.6685050725937,1.457856399583767,0.6185985779445483,0.9817791525307846,1476.4764404296875,756.4744873046875,0.858776012724421,1029.770104202629,511.0365853658537,0.8314927069141841,0.9724007863128743,0.9921410422697712
3383.jpg,27,158120,0.08235416666666667,1958,1012136.5,5102.499015927315,1.3097426470588236,0.6528228199174406,0.8372656210254377,1481.8299560546875,963.7669067382812,0.7596007292199949,1135.2058035747707,1490.613742964353,0.8484182392883518,0.9090499669206502,0.9770766502173847
3231.jpg,25,14658,0.007634375,352,417237.5,3708.8665430545807,1.3979166666666667,0.32386169585196223,0.9580610421995766,1593.8472900390625,357.5484619140625,0.974513137027524,728.8643800779658,181.57387429643526,0.8158259774698116,0.9909862972677679,0.9972076727109704
3288.jpg,26,41848,0.021795833333333334,555,622028.0,4910.065471768379,1.2571959145775302,0.4265555203537371,0.6839813178143272,1116.88330078125,999.523193359375,0.44622304382677497,889.9385639090622,432.5511257035647,0.8440955052139593,0.9750510514034232,0.9933480280856339
3511.jpg,30,71879,0.03743697916666667,1190,808664.5,4490.945631623268,1.1004608294930875,0.6242151618306586,0.8217391922885023,1078.216796875,1067.5745849609375,0.1401533898886993,1014.7037103625314,816.3707786116322,0.8259050521453634,0.9568117251774501,0.9874454713712726
1593.jpg,2,1208,0.0006291666666666667,21,319192.5,3989.4897871017456,3.3440860215053765,0.6897462659475159,0.9496597121499498,1221.7769775390625,346.0173645019531,0.9590584269799837,637.5017751997859,11.522045028142589,0.8591828703266893,0.9992819970991884,0.9998228086453396
3131.jpg,23,31105,0.016200520833333332,459,482477.5,4090.4300433397293,1.492827868852459,0.33928737187348806,0.9045593793589609,1708.1502685546875,445.4505615234375,0.9653983923082213,783.7789436090762,318.61843339587244,0.846376402934941,0.9814419684588102,0.9951001378925988
1360.jpg,6,30147,0.0157015625,317,519490.5,3507.3964270353317,1.4263038548752835,0.46819673815472135,0.9662395852998699,1381.4671630859375,520.3765869140625,0.9263418152394138,813.2870635355281,264.0581613508443,0.8687037312571789,0.9823576487851124,0.9959391910720198
1403.jpg,7,14418,0.007509375,434,741429.5,5777.6890432834625,1.1320582877959928,0.5432458195768801,0.7040952038627781,1131.8515625,1005.4983520507812,0.45913614127128904,971.6055573293204,206.24460600375232,0.7873464813867987,0.9909203126744134,0.9968282747515801
1286.jpg,5,11313,0.0058921875,218,449450.5,7343.447613954544,1.1489151873767258,0.3804678704150477,0.5036206976727248,981.7423706054688,876.1107177734375,0.4512375027642578,756.4774616609482,132.30018761726078,0.8264318041654489,0.9930998501855599,0.9979654263276649
2214.jpg,13,83995,0.043747395833333334,1210,678201.0,4152.065470099449,2.0215343203230147,0.6077146129073304,0.9714940961264917,1426.8458251953125,642.5123901367188,0.892876007695454,929.25364270415,847.141416510319,0.8443813553734576,0.9504865812792364,0.9869722662241209
1569.jpg,2,7763,0.004043229166666666,200,435297.0,3874.262305855751,2.9627329192546585,0.6297945666280367,0.9635772804044707,1346.705810546875,417.0838317871094,0.9508321361226174,744.4711909164666,102.00398686679175,0.8053441195955553,0.9951758602387206,0.998431335360213
3225.jpg,24,155809,0.08115052083333334,999,503905.0,3920.3741236925125,1.7023809523809523,0.419501332001332,0.9799614553615359,1530.23388671875,427.8304138183594,0.960120949561735,800.994240172657,1368.1411819887428,0.8589940810534723,0.9111460957044394,0.9789600900872153
3377.jpg,27,136876,0.07128958333333334,1864,967896.5,5075.008686065674,1.3975903614457832,0.594848174579567,0.8225995139514792,1492.8126220703125,902.9449462890625,0.7963306559222899,1110.118957144124,1336.2861163227017,0.8448927718026585,0.9205328701970455,0.9794499720677468
2060.jpg,11,95225,0.04959635416666667,1150,550641.0,3456.5810683965683,2.2689210950080514,0.6293119113497427,0.973577799977015,1311.266357421875,565.122314453125,0.9023641238999215,837.3158879135847,977.8827392120074,0.8405732354764454,0.9438530617113059,0.9849616654997693
2162.jpg,12,55596,0.02895625,882,960551.0,4400.349739432335,1.4738878143133463,0.6095578417784817,0.9761900527399199,1616.6929931640625,806.9695434570312,0.8665165805127049,1105.8985115890632,566.4779549718573,0.8451796223587675,0.9670028478884775,0.9912884391632292
3548.jpg,30,1940,0.0010104166666666666,60,652537.5,3646.054155230522,1.0602536997885834,0.6877227724859248,0.8933784948430037,979.8736572265625,918.3782958984375,0.3486807923369843,911.5023584295442,29.076219512195124,0.7786421758694498,0.9987657346795386,0.9995528524050042
3089.jpg,22,6196,0.0032270833333333335,54,1113674.0,4292.4431076049805,1.3794392523364487,0.7051604488007497,0.9917374065243187,1539.5279541015625,936.9161987304688,0.7934973667744083,1190.7870408865674,50.62922138836773,0.8790477803242341,0.9963857916256689,0.9992214003415808
1248.jpg,4,621,0.0003234375,19,288936.0,2242.8123923540115,1.9883177570093458,0.7932833280253029,0.9935149335332265,875.08984375,429.6618957519531,0.8711642205866655,606.5350287473915,8.472091932457786,0.7986465892609756,0.9996112530112272,0.9998697122392203
3434.jpg,28,73102,0.03807395833333333,874,802356.0,4123.25133228302,1.4078319006685769,0.5199037373694175,0.9938340265614974,1633.6427001953125,640.5960693359375,0.9199109195323378,1010.7380413121524,703.5902908067542,0.8523685109373124,0.9570810393187769,0.9891798620427713
1170.jpg,3,34459,0.017947395833333334,900,874614.5,3870.9599150419235,1.0505979760809567,0.7045649347406139,0.9610979367395738,1092.0010986328125,1052.0987548828125,0.2678543051742678,1055.2695237704784,443.73428705440904,0.806531669983753,0.9787493525763633,0.9931760482414049
1111.jpg,1,42592,0.022183333333333333,699,713021.0,4262.114235281944,1.4353059177532599,0.4997669458410171,0.9711615730992081,1521.9769287109375,610.6483154296875,0.9159815094284682,952.8098096821897,462.91510318949344,0.836000925853591,0.9744345368899214,0.9928810767509997
2496.jpg,18,24098,0.012551041666666667,643,1089208.0,4057.011650443077,1.3695014662756597,0.7599710582372736,0.9923555835763259,1368.323974609375,1017.30517578125,0.6687714395859174,1177.6343651753277,315.5684803001876,0.8043315666188816,0.9850726817463353,0.9951470414864795
2498.jpg,18,3328,0.0017333333333333333,95,1065869.5,4127.337547421455,1.5656670113753879,0.728034040100052,0.9945674664770598,1459.172119140625,929.0032958984375,0.7711407995374605,1164.949439644097,42.63156660412758,0.8106692175609979,0.997938872606506,0.9993443919877568
3133.jpg,23,32004,0.01666875,471,487391.0,3981.1436789035797,1.4267782426778242,0.3737706904379195,0.8231308428971565,1578.356201171875,519.7028198242188,0.9442363693735875,787.7597952091841,339.0870075046904,0.841024205511164,0.9808213479028581,0.9947853626625551
1441.jpg,9,46663,0.02430364583333333,789,665195.5,4440.7000287771225,1.939521800281294,0.6784462333842274,0.9488194592034827,1311.01123046875,658.8347778320312,0.8645543165469501,920.3006115285804,523.3041744840526,0.8304128353455265,0.9718858730077413,0.9919523855921624
3012.jpg,21,65824,0.03428333333333333,1032,774520.0,7781.929928302765,1.4221585482330468,0.49681106208342235,0.9098069250435951,1569.5198974609375,682.209228515625,0.9005941024311438,993.0505990070587,723.3810975609756,0.8320955699410034,0.9605952239213811,0.98887550983359
2302.jpg,15,46374,0.024153125,957,758095.0,4322.183218717575,1.4634146341463414,0.5350151027551943,0.9425794844313589,1520.679443359375,683.6546020507812,0.8932441951806627,982.4645198000808,544.4505159474671,0.8224877797192763,0.9718687725898086,0.9916271873412563
3418.jpg,28,60116,0.03131041666666667,707,710372.0,4097.972106695175,1.4089108910891088,0.49426466188431917,0.9873456603516585,1616.497802734375,574.94287109375,0.9346108751770877,951.0382336544662,546.687148217636,0.8614864400544314,0.9648660462050606,0.9915927913724105
3525.jpg,30,49416,0.0257375,912,782658.0,4801.697944283485,1.1425855513307985,0.618944661305935,0.788421757256423,1096.3585205078125,1045.15966796875,0.3020218763857502,998.2540336023357,577.1866791744841,0.8231116410051083,0.9700627363671029,0.9911237554336038
3246.jpg,25,46809,0.0243796875,784,514207.0,4043.2168340682983,1.373913043478261,0.34937999823341964,0.9917528636425881,1735.5126953125,389.0233154296875,0.9745535765684609,809.1407087643248,512.6632270168857,0.8343665262086686,0.9718942440875956,0.9921160270197016
3007.jpg,21,74084,0.038585416666666664,1272,870385.5,5875.120504617691,1.4383983572895278,0.6378441183841991,0.9533999395352097,1441.6826171875,788.2105102539062,0.8373092515229659,1052.7151740922552,813.5241557223266,0.8314745178886813,0.9557237458895694,0.9874892480588945
3026.jpg,21,46415,0.024174479166666665,832,691314.0,6687.808000564575,1.4933605720122574,0.4829979501124154,0.9155694645954088,1505.1531982421875,636.7617797851562,0.9061042546753376,938.1941817284119,520.999765478424,0.8302799766624916,0.972030336731918,0.9919878238630944
1035.jpg,0,7632,0.003975,128,296533.5,3672.5721740722656,1.2592592592592593,0.2236989209349483,0.9652233352592219,1686.297607421875,263.6410217285156,0.9877028045990168,614.4576295715794,84.38203564727955,0.8362196350855445,0.9953796596608381,0.9987023339026346
1010.jpg,0,5108,0.002660416666666667,106,296772.5,3366.799321770668,3.0300429184549356,0.45102752009142966,0.9599115686854818,1401.59375,294.25543212890625,0.9777135298120113,614.7051999047317,56.11913696060037,0.837468659738928,0.9969090820372181,0.9991369738725957
